escenario,replica,t_segundos,G,N,K,corral
1,1,5.0,25,1,25,1
1,1,10.0,25,1,25,1
1,1,15.0,25,1,25,1
1,1,20.0,25,1,25,1
1,1,25.0,25,1,25,1
1,1,30.0,25,1,25,1
1,1,35.0,25,1,25,1
1,1,40.0,25,1,25,1
1,1,45.0,25,1,25,1
1,1,50.0,25,1,25,1
1,1,55.0,25,1,25,1
1,1,60.0,24,1,25,1
1,1,65.0,24,1,25,1
1,1,70.0,24,1,25,1
1,1,75.0,24,1,25,1
1,1,80.0,24,1,25,1
1,1,85.0,23,1,25,1
1,1,90.0,22,1,25,1
1,1,95.0,22,1,25,1
1,1,100.0,22,1,25,1
1,1,105.0,22,1,25,1
1,1,110.0,22,1,25,1
1,1,115.0,22,1,25,1
1,1,120.0,22,1,25,1
1,1,125.0,22,1,25,1
1,1,130.0,22,1,25,1
1,1,135.0,22,1,25,1
1,1,140.0,22,1,25,1
1,1,145.0,22,1,25,1
1,1,150.0,22,1,25,1
1,1,155.0,22,1,25,1
1,1,160.0,23,1,25,1
1,1,165.0,23,1,25,1
1,1,170.0,23,1,25,1
1,1,175.0,23,1,25,1
1,1,180.0,24,1,25,1
1,1,185.0,23,1,25,1
1,1,190.0,23,1,25,1
1,1,195.0,23,1,25,1
1,1,200.0,23,1,25,1
1,1,205.0,22,1,25,1
1,1,210.0,22,1,25,1
1,1,215.0,22,1,25,1
1,1,220.0,22,1,25,1
1,1,225.0,22,1,25,1
1,1,230.0,22,1,25,1
1,1,235.0,22,1,25,1
1,1,240.0,22,1,25,1
1,1,245.0,22,1,25,1
1,1,250.0,22,1,25,1
1,1,255.0,22,1,25,1
1,1,260.0,22,1,25,1
1,1,265.0,22,1,25,1
1,1,270.0,21,1,25,1
1,1,275.0,21,1,25,1
1,1,280.0,22,1,25,1
1,1,285.0,22,1,25,1
1,1,290.0,22,1,25,1
1,1,295.0,22,1,25,1
1,1,300.0,22,1,25,1
1,1,305.0,22,1,25,1
1,1,310.0,22,1,25,1
1,1,315.0,22,1,25,1
1,1,320.0,22,1,25,1
1,1,325.0,23,1,25,1
1,1,330.0,23,1,25,1
1,1,335.0,23,1,25,1
1,1,340.0,23,1,25,1
1,1,345.0,23,1,25,1
1,1,350.0,23,1,25,1
1,1,355.0,23,1,25,1
1,1,360.0,23,1,25,1
1,1,365.0,23,1,25,1
1,1,370.0,24,1,25,1
1,1,375.0,24,1,25,1
1,1,380.0,24,1,25,1
1,1,385.0,24,1,25,1
1,1,390.0,24,1,25,1
1,1,395.0,24,1,25,1
1,1,400.0,24,1,25,1
1,1,405.0,24,1,25,1
1,1,410.0,24,1,25,1
1,1,415.0,24,1,25,1
1,1,420.0,24,1,25,1
1,1,425.0,24,1,25,1
1,1,430.0,24,1,25,1
1,1,435.0,24,1,25,1
1,1,440.0,24,1,25,1
1,1,445.0,24,1,25,1
1,1,450.0,24,1,25,1
1,1,455.0,24,1,25,1
1,1,460.0,24,1,25,1
1,1,465.0,24,1,25,1
1,1,470.0,23,1,25,1
1,1,475.0,23,1,25,1
1,1,480.0,24,1,25,1
1,1,485.0,24,1,25,1
1,1,490.0,24,1,25,1
1,1,495.0,24,1,25,1
1,1,500.0,23,1,25,1
1,1,505.0,23,1,25,1
1,1,510.0,23,1,25,1
1,1,515.0,24,1,25,1
1,1,520.0,24,1,25,1
1,1,525.0,24,1,25,1
1,1,530.0,24,1,25,1
1,1,535.0,24,1,25,1
1,1,540.0,24,1,25,1
1,1,545.0,24,1,25,1
1,1,550.0,24,1,25,1
1,1,555.0,24,1,25,1
1,1,560.0,24,1,25,1
1,1,565.0,23,1,25,1
1,1,570.0,23,1,25,1
1,1,575.0,23,1,25,1
1,1,580.0,23,1,25,1
1,1,585.0,23,1,25,1
1,1,590.0,23,1,25,1
1,1,595.0,23,1,25,1
1,1,600.0,23,1,25,1
1,1,605.0,24,1,25,1
1,1,610.0,24,1,25,1
1,1,615.0,24,1,25,1
1,1,620.0,24,1,25,1
1,1,625.0,24,1,25,1
1,1,630.0,24,1,25,1
1,1,635.0,24,1,25,1
1,1,640.0,23,1,25,1
1,1,645.0,23,1,25,1
1,1,650.0,23,1,25,1
1,1,655.0,23,1,25,1
1,1,660.0,23,1,25,1
1,1,665.0,23,1,25,1
1,1,670.0,22,1,25,1
1,1,675.0,22,1,25,1
1,1,680.0,22,1,25,1
1,1,685.0,22,1,25,1
1,1,690.0,22,1,25,1
1,1,695.0,23,1,25,1
1,1,700.0,23,1,25,1
1,1,705.0,23,1,25,1
1,1,710.0,24,1,25,1
1,1,715.0,24,1,25,1
1,1,720.0,24,1,25,1
1,1,725.0,24,1,25,1
1,1,730.0,24,1,25,1
1,1,735.0,24,1,25,1
1,1,740.0,24,1,25,1
1,1,745.0,24,1,25,1
1,1,750.0,24,1,25,1
1,1,755.0,24,1,25,1
1,1,760.0,24,1,25,1
1,1,765.0,24,1,25,1
1,1,770.0,24,1,25,1
1,1,775.0,24,1,25,1
1,1,780.0,24,1,25,1
1,1,785.0,24,1,25,1
1,1,790.0,24,1,25,1
1,1,795.0,24,1,25,1
1,1,800.0,24,1,25,1
1,1,805.0,24,1,25,1
1,1,810.0,24,1,25,1
1,1,815.0,24,1,25,1
1,1,820.0,24,1,25,1
1,1,825.0,24,1,25,1
1,1,830.0,24,1,25,1
1,1,835.0,24,1,25,1
1,1,840.0,24,1,25,1
1,1,845.0,24,1,25,1
1,1,850.0,23,1,25,1
1,1,855.0,23,1,25,1
1,1,860.0,23,1,25,1
1,1,865.0,23,1,25,1
1,1,870.0,23,1,25,1
1,1,875.0,23,1,25,1
1,1,880.0,22,1,25,1
1,1,885.0,22,1,25,1
1,1,890.0,22,1,25,1
1,1,895.0,22,1,25,1
1,1,900.0,22,1,25,1
1,1,905.0,22,1,25,1
1,1,910.0,22,1,25,1
1,1,915.0,22,1,25,1
1,1,920.0,21,1,25,1
1,1,925.0,21,1,25,1
1,1,930.0,21,1,25,1
1,1,935.0,21,1,25,1
1,1,940.0,22,1,25,1
1,1,945.0,21,1,25,1
1,1,950.0,22,1,25,1
1,1,955.0,22,1,25,1
1,1,960.0,22,1,25,1
1,1,965.0,22,1,25,1
1,1,970.0,22,1,25,1
1,1,975.0,22,1,25,1
1,1,980.0,22,1,25,1
1,1,985.0,22,1,25,1
1,1,990.0,22,1,25,1
1,1,995.0,22,1,25,1
1,1,1000.0,22,1,25,1
1,1,1005.0,22,1,25,1
1,1,1010.0,21,1,25,1
1,1,1015.0,20,1,25,1
1,1,1020.0,21,1,25,1
1,1,1025.0,21,1,25,1
1,1,1030.0,21,1,25,1
1,1,1035.0,21,1,25,1
1,1,1040.0,21,1,25,1
1,1,1045.0,21,1,25,1
1,1,1050.0,20,1,25,1
1,1,1055.0,20,1,25,1
1,1,1060.0,20,1,25,1
1,1,1065.0,20,1,25,1
1,1,1070.0,21,1,25,1
1,1,1075.0,20,1,25,1
1,1,1080.0,21,1,25,1
1,1,1085.0,21,1,25,1
1,1,1090.0,22,1,25,1
1,1,1095.0,22,1,25,1
1,1,1100.0,22,1,25,1
1,1,1105.0,22,1,25,1
1,1,1110.0,22,1,25,1
1,1,1115.0,23,1,25,1
1,1,1120.0,22,1,25,1
1,1,1125.0,22,1,25,1
1,1,1130.0,21,1,25,1
1,1,1135.0,22,1,25,1
1,1,1140.0,22,1,25,1
1,1,1145.0,22,1,25,1
1,1,1150.0,21,1,25,1
1,1,1155.0,21,1,25,1
1,1,1160.0,20,1,25,1
1,1,1165.0,20,1,25,1
1,1,1170.0,20,1,25,1
1,1,1175.0,21,1,25,1
1,1,1180.0,21,1,25,1
1,1,1185.0,21,1,25,1
1,1,1190.0,21,1,25,1
1,1,1195.0,21,1,25,1
1,1,1200.0,21,1,25,1
1,1,1205.0,21,1,25,1
1,1,1210.0,21,1,25,1
1,1,1215.0,21,1,25,1
1,1,1220.0,20,1,25,1
1,1,1225.0,20,1,25,1
1,1,1230.0,20,1,25,1
1,1,1235.0,20,1,25,1
1,1,1240.0,20,1,25,1
1,1,1245.0,20,1,25,1
1,1,1250.0,20,1,25,1
1,1,1255.0,20,1,25,1
1,1,1260.0,20,1,25,1
1,1,1265.0,20,1,25,1
1,1,1270.0,20,1,25,1
1,1,1275.0,20,1,25,1
1,1,1280.0,20,1,25,1
1,1,1285.0,20,1,25,1
1,1,1290.0,21,1,25,1
1,1,1295.0,20,1,25,1
1,1,1300.0,20,1,25,1
1,1,1305.0,19,1,25,1
1,1,1310.0,19,1,25,1
1,1,1315.0,19,1,25,1
1,1,1320.0,19,1,25,1
1,1,1325.0,19,1,25,1
1,1,1330.0,19,1,25,1
1,1,1335.0,19,1,25,1
1,1,1340.0,19,1,25,1
1,1,1345.0,19,1,25,1
1,1,1350.0,19,1,25,1
1,1,1355.0,20,1,25,1
1,1,1360.0,20,1,25,1
1,1,1365.0,20,1,25,1
1,1,1370.0,20,1,25,1
1,1,1375.0,20,1,25,1
1,1,1380.0,20,1,25,1
1,1,1385.0,20,1,25,1
1,1,1390.0,20,1,25,1
1,1,1395.0,20,1,25,1
1,1,1400.0,20,1,25,1
1,1,1405.0,20,1,25,1
1,1,1410.0,21,1,25,1
1,1,1415.0,21,1,25,1
1,1,1420.0,21,1,25,1
1,1,1425.0,21,1,25,1
1,1,1430.0,21,1,25,1
1,1,1435.0,22,1,25,1
1,1,1440.0,22,1,25,1
1,1,1445.0,22,1,25,1
1,1,1450.0,22,1,25,1
1,1,1455.0,22,1,25,1
1,1,1460.0,22,1,25,1
1,1,1465.0,22,1,25,1
1,1,1470.0,22,1,25,1
1,1,1475.0,22,1,25,1
1,1,1480.0,22,1,25,1
1,1,1485.0,22,1,25,1
1,1,1490.0,22,1,25,1
1,1,1495.0,22,1,25,1
1,1,1500.0,21,1,25,1
1,1,1505.0,21,1,25,1
1,1,1510.0,21,1,25,1
1,1,1515.0,21,1,25,1
1,1,1520.0,20,1,25,1
1,1,1525.0,20,1,25,1
1,1,1530.0,20,1,25,1
1,1,1535.0,20,1,25,1
1,1,1540.0,20,1,25,1
1,1,1545.0,20,1,25,1
1,1,1550.0,20,1,25,1
1,1,1555.0,20,1,25,1
1,1,1560.0,20,1,25,1
1,1,1565.0,20,1,25,1
1,1,1570.0,20,1,25,1
1,1,1575.0,20,1,25,1
1,1,1580.0,20,1,25,1
1,1,1585.0,20,1,25,1
1,1,1590.0,19,1,25,1
1,1,1595.0,19,1,25,1
1,1,1600.0,19,1,25,1
1,1,1605.0,19,1,25,1
1,1,1610.0,19,1,25,1
1,1,1615.0,19,1,25,1
1,1,1620.0,19,1,25,1
1,1,1625.0,19,1,25,1
1,1,1630.0,19,1,25,1
1,1,1635.0,19,1,25,1
1,1,1640.0,19,1,25,1
1,1,1645.0,19,1,25,1
1,1,1650.0,19,1,25,1
1,1,1655.0,19,1,25,1
1,1,1660.0,19,1,25,1
1,1,1665.0,19,1,25,1
1,1,1670.0,19,1,25,1
1,1,1675.0,19,1,25,1
1,1,1680.0,19,1,25,1
1,1,1685.0,19,1,25,1
1,1,1690.0,20,1,25,1
1,1,1695.0,20,1,25,1
1,1,1700.0,20,1,25,1
1,1,1705.0,20,1,25,1
1,1,1710.0,20,1,25,1
1,1,1715.0,20,1,25,1
1,1,1720.0,20,1,25,1
1,1,1725.0,20,1,25,1
1,1,1730.0,20,1,25,1
1,1,1735.0,20,1,25,1
1,1,1740.0,20,1,25,1
1,1,1745.0,20,1,25,1
1,1,1750.0,20,1,25,1
1,1,1755.0,22,1,25,1
1,1,1760.0,22,1,25,1
1,1,1765.0,22,1,25,1
1,1,1770.0,22,1,25,1
1,1,1775.0,22,1,25,1
1,1,1780.0,22,1,25,1
1,1,1785.0,22,1,25,1
1,1,1790.0,22,1,25,1
1,1,1795.0,22,1,25,1
1,1,1800.0,22,1,25,1
1,1,1805.0,22,1,25,1
1,1,1810.0,22,1,25,1
1,1,1815.0,22,1,25,1
1,1,1820.0,22,1,25,1
1,1,1825.0,22,1,25,1
1,1,1830.0,22,1,25,1
1,1,1835.0,22,1,25,1
1,1,1840.0,22,1,25,1
1,1,1845.0,22,1,25,1
1,1,1850.0,22,1,25,1
1,1,1855.0,22,1,25,1
1,1,1860.0,22,1,25,1
1,1,1865.0,22,1,25,1
1,1,1870.0,22,1,25,1
1,1,1875.0,22,1,25,1
1,1,1880.0,22,1,25,1
1,1,1885.0,22,1,25,1
1,1,1890.0,21,1,25,1
1,1,1895.0,21,1,25,1
1,1,1900.0,21,1,25,1
1,1,1905.0,21,1,25,1
1,1,1910.0,21,1,25,1
1,1,1915.0,21,1,25,1
1,1,1920.0,21,1,25,1
1,1,1925.0,21,1,25,1
1,1,1930.0,21,1,25,1
1,1,1935.0,21,1,25,1
1,1,1940.0,21,1,25,1
1,1,1945.0,21,1,25,1
1,1,1950.0,21,1,25,1
1,1,1955.0,21,1,25,1
1,1,1960.0,21,1,25,1
1,1,1965.0,21,1,25,1
1,1,1970.0,21,1,25,1
1,1,1975.0,21,1,25,1
1,1,1980.0,21,1,25,1
1,1,1985.0,21,1,25,1
1,1,1990.0,20,1,25,1
1,1,1995.0,21,1,25,1
1,1,2000.0,21,1,25,1
1,1,2005.0,21,1,25,1
1,1,2010.0,21,1,25,1
1,1,2015.0,22,1,25,1
1,1,2020.0,22,1,25,1
1,1,2025.0,22,1,25,1
1,1,2030.0,22,1,25,1
1,1,2035.0,22,1,25,1
1,1,2040.0,22,1,25,1
1,1,2045.0,22,1,25,1
1,1,2050.0,22,1,25,1
1,1,2055.0,22,1,25,1
1,1,2060.0,22,1,25,1
1,1,2065.0,22,1,25,1
1,1,2070.0,22,1,25,1
1,1,2075.0,22,1,25,1
1,1,2080.0,23,1,25,1
1,1,2085.0,24,1,25,1
1,1,2090.0,24,1,25,1
1,1,2095.0,24,1,25,1
1,1,2100.0,23,1,25,1
1,1,2105.0,23,1,25,1
1,1,2110.0,23,1,25,1
1,1,2115.0,23,1,25,1
1,1,2120.0,22,1,25,1
1,1,2125.0,22,1,25,1
1,1,2130.0,22,1,25,1
1,1,2135.0,21,1,25,1
1,1,2140.0,21,1,25,1
1,1,2145.0,21,1,25,1
1,1,2150.0,21,1,25,1
1,1,2155.0,21,1,25,1
1,1,2160.0,21,1,25,1
1,1,2165.0,21,1,25,1
1,1,2170.0,21,1,25,1
1,1,2175.0,21,1,25,1
1,1,2180.0,21,1,25,1
1,1,2185.0,21,1,25,1
1,1,2190.0,21,1,25,1
1,1,2195.0,21,1,25,1
1,1,2200.0,21,1,25,1
1,1,2205.0,21,1,25,1
1,1,2210.0,21,1,25,1
1,1,2215.0,21,1,25,1
1,1,2220.0,21,1,25,1
1,1,2225.0,21,1,25,1
1,1,2230.0,21,1,25,1
1,1,2235.0,21,1,25,1
1,1,2240.0,21,1,25,1
1,1,2245.0,21,1,25,1
1,1,2250.0,21,1,25,1
1,1,2255.0,20,1,25,1
1,1,2260.0,20,1,25,1
1,1,2265.0,20,1,25,1
1,1,2270.0,20,1,25,1
1,1,2275.0,21,1,25,1
1,1,2280.0,21,1,25,1
1,1,2285.0,21,1,25,1
1,1,2290.0,21,1,25,1
1,1,2295.0,21,1,25,1
1,1,2300.0,21,1,25,1
1,1,2305.0,21,1,25,1
1,1,2310.0,21,1,25,1
1,1,2315.0,22,1,25,1
1,1,2320.0,22,1,25,1
1,1,2325.0,22,1,25,1
1,1,2330.0,22,1,25,1
1,1,2335.0,22,1,25,1
1,1,2340.0,23,1,25,1
1,1,2345.0,23,1,25,1
1,1,2350.0,23,1,25,1
1,1,2355.0,23,1,25,1
1,1,2360.0,23,1,25,1
1,1,2365.0,23,1,25,1
1,1,2370.0,23,1,25,1
1,1,2375.0,23,1,25,1
1,1,2380.0,23,1,25,1
1,1,2385.0,23,1,25,1
1,1,2390.0,23,1,25,1
1,1,2395.0,23,1,25,1
1,1,2400.0,23,1,25,1
1,1,2405.0,23,1,25,1
1,1,2410.0,23,1,25,1
1,1,2415.0,23,1,25,1
1,1,2420.0,23,1,25,1
1,1,2425.0,23,1,25,1
1,1,2430.0,23,1,25,1
1,1,2435.0,23,1,25,1
1,1,2440.0,23,1,25,1
1,1,2445.0,22,1,25,1
1,1,2450.0,22,1,25,1
1,1,2455.0,22,1,25,1
1,1,2460.0,21,1,25,1
1,1,2465.0,21,1,25,1
1,1,2470.0,21,1,25,1
1,1,2475.0,21,1,25,1
1,1,2480.0,21,1,25,1
1,1,2485.0,21,1,25,1
1,1,2490.0,21,1,25,1
1,1,2495.0,21,1,25,1
1,1,2500.0,21,1,25,1
1,1,2505.0,21,1,25,1
1,1,2510.0,21,1,25,1
1,1,2515.0,21,1,25,1
1,1,2520.0,21,1,25,1
1,1,2525.0,21,1,25,1
1,1,2530.0,21,1,25,1
1,1,2535.0,21,1,25,1
1,1,2540.0,21,1,25,1
1,1,2545.0,21,1,25,1
1,1,2550.0,21,1,25,1
1,1,2555.0,21,1,25,1
1,1,2560.0,21,1,25,1
1,1,2565.0,21,1,25,1
1,1,2570.0,21,1,25,1
1,1,2575.0,21,1,25,1
1,1,2580.0,21,1,25,1
1,1,2585.0,22,1,25,1
1,1,2590.0,22,1,25,1
1,1,2595.0,22,1,25,1
1,1,2600.0,22,1,25,1
1,1,2605.0,22,1,25,1
1,1,2610.0,22,1,25,1
1,1,2615.0,22,1,25,1
1,1,2620.0,22,1,25,1
1,1,2625.0,22,1,25,1
1,1,2630.0,22,1,25,1
1,1,2635.0,22,1,25,1
1,1,2640.0,22,1,25,1
1,1,2645.0,22,1,25,1
1,1,2650.0,22,1,25,1
1,1,2655.0,22,1,25,1
1,1,2660.0,22,1,25,1
1,1,2665.0,22,1,25,1
1,1,2670.0,22,1,25,1
1,1,2675.0,22,1,25,1
1,1,2680.0,22,1,25,1
1,1,2685.0,22,1,25,1
1,1,2690.0,22,1,25,1
1,1,2695.0,22,1,25,1
1,1,2700.0,22,1,25,1
1,1,2705.0,22,1,25,1
1,1,2710.0,22,1,25,1
1,1,2715.0,22,1,25,1
1,1,2720.0,22,1,25,1
1,1,2725.0,22,1,25,1
1,1,2730.0,23,1,25,1
1,1,2735.0,23,1,25,1
1,1,2740.0,23,1,25,1
1,1,2745.0,23,1,25,1
1,1,2750.0,23,1,25,1
1,1,2755.0,23,1,25,1
1,1,2760.0,23,1,25,1
1,1,2765.0,22,1,25,1
1,1,2770.0,22,1,25,1
1,1,2775.0,22,1,25,1
1,1,2780.0,22,1,25,1
1,1,2785.0,22,1,25,1
1,1,2790.0,22,1,25,1
1,1,2795.0,22,1,25,1
1,1,2800.0,22,1,25,1
1,1,2805.0,22,1,25,1
1,1,2810.0,22,1,25,1
1,1,2815.0,22,1,25,1
1,1,2820.0,22,1,25,1
1,1,2825.0,22,1,25,1
1,1,2830.0,22,1,25,1
1,1,2835.0,22,1,25,1
1,1,2840.0,22,1,25,1
1,1,2845.0,22,1,25,1
1,1,2850.0,22,1,25,1
1,1,2855.0,22,1,25,1
1,1,2860.0,22,1,25,1
1,1,2865.0,22,1,25,1
1,1,2870.0,22,1,25,1
1,1,2875.0,22,1,25,1
1,1,2880.0,22,1,25,1
1,1,2885.0,22,1,25,1
1,1,2890.0,22,1,25,1
1,1,2895.0,22,1,25,1
1,1,2900.0,22,1,25,1
1,1,2905.0,22,1,25,1
1,1,2910.0,22,1,25,1
1,1,2915.0,22,1,25,1
1,1,2920.0,22,1,25,1
1,1,2925.0,22,1,25,1
1,1,2930.0,22,1,25,1
1,1,2935.0,23,1,25,1
1,1,2940.0,23,1,25,1
1,1,2945.0,23,1,25,1
1,1,2950.0,23,1,25,1
1,1,2955.0,23,1,25,1
1,1,2960.0,24,1,25,1
1,1,2965.0,24,1,25,1
1,1,2970.0,24,1,25,1
1,1,2975.0,24,1,25,1
1,1,2980.0,24,1,25,1
1,1,2985.0,24,1,25,1
1,1,2990.0,24,1,25,1
1,1,2995.0,24,1,25,1
1,1,3000.0,24,1,25,1
1,1,3005.0,24,1,25,1
1,1,3010.0,24,1,25,1
1,1,3015.0,24,1,25,1
1,1,3020.0,24,1,25,1
1,1,3025.0,24,1,25,1
1,1,3030.0,24,1,25,1
1,1,3035.0,24,1,25,1
1,1,3040.0,24,1,25,1
1,1,3045.0,24,1,25,1
1,1,3050.0,24,1,25,1
1,1,3055.0,24,1,25,1
1,1,3060.0,24,1,25,1
1,1,3065.0,23,1,25,1
1,1,3070.0,23,1,25,1
1,1,3075.0,23,1,25,1
1,1,3080.0,23,1,25,1
1,1,3085.0,23,1,25,1
1,1,3090.0,23,1,25,1
1,1,3095.0,23,1,25,1
1,1,3100.0,24,1,25,1
1,1,3105.0,24,1,25,1
1,1,3110.0,24,1,25,1
1,1,3115.0,24,1,25,1
1,1,3120.0,24,1,25,1
1,1,3125.0,24,1,25,1
1,1,3130.0,24,1,25,1
1,1,3135.0,24,1,25,1
1,1,3140.0,24,1,25,1
1,1,3145.0,24,1,25,1
1,1,3150.0,24,1,25,1
1,1,3155.0,24,1,25,1
1,1,3160.0,24,1,25,1
1,1,3165.0,24,1,25,1
1,1,3170.0,24,1,25,1
1,1,3175.0,23,1,25,1
1,1,3180.0,23,1,25,1
1,1,3185.0,22,1,25,1
1,1,3190.0,21,1,25,1
1,1,3195.0,21,1,25,1
1,1,3200.0,21,1,25,1
1,1,3205.0,21,1,25,1
1,1,3210.0,21,1,25,1
1,1,3215.0,21,1,25,1
1,1,3220.0,21,1,25,1
1,1,3225.0,21,1,25,1
1,1,3230.0,22,1,25,1
1,1,3235.0,22,1,25,1
1,1,3240.0,22,1,25,1
1,1,3245.0,22,1,25,1
1,1,3250.0,22,1,25,1
1,1,3255.0,22,1,25,1
1,1,3260.0,21,1,25,1
1,1,3265.0,21,1,25,1
1,1,3270.0,22,1,25,1
1,1,3275.0,23,1,25,1
1,1,3280.0,23,1,25,1
1,1,3285.0,23,1,25,1
1,1,3290.0,23,1,25,1
1,1,3295.0,23,1,25,1
1,1,3300.0,23,1,25,1
1,1,3305.0,24,1,25,1
1,1,3310.0,23,1,25,1
1,1,3315.0,23,1,25,1
1,1,3320.0,23,1,25,1
1,1,3325.0,23,1,25,1
1,1,3330.0,23,1,25,1
1,1,3335.0,23,1,25,1
1,1,3340.0,23,1,25,1
1,1,3345.0,23,1,25,1
1,1,3350.0,23,1,25,1
1,1,3355.0,23,1,25,1
1,1,3360.0,23,1,25,1
1,1,3365.0,23,1,25,1
1,1,3370.0,23,1,25,1
1,1,3375.0,23,1,25,1
1,1,3380.0,23,1,25,1
1,1,3385.0,23,1,25,1
1,1,3390.0,23,1,25,1
1,1,3395.0,23,1,25,1
1,1,3400.0,24,1,25,1
1,1,3405.0,24,1,25,1
1,1,3410.0,24,1,25,1
1,1,3415.0,24,1,25,1
1,1,3420.0,24,1,25,1
1,1,3425.0,24,1,25,1
1,1,3430.0,24,1,25,1
1,1,3435.0,24,1,25,1
1,1,3440.0,24,1,25,1
1,1,3445.0,24,1,25,1
1,1,3450.0,23,1,25,1
1,1,3455.0,23,1,25,1
1,1,3460.0,23,1,25,1
1,1,3465.0,23,1,25,1
1,1,3470.0,23,1,25,1
1,1,3475.0,23,1,25,1
1,1,3480.0,23,1,25,1
1,1,3485.0,23,1,25,1
1,1,3490.0,23,1,25,1
1,1,3495.0,23,1,25,1
1,1,3500.0,23,1,25,1
1,1,3505.0,23,1,25,1
1,1,3510.0,22,1,25,1
1,1,3515.0,22,1,25,1
1,1,3520.0,22,1,25,1
1,1,3525.0,22,1,25,1
1,1,3530.0,22,1,25,1
1,1,3535.0,22,1,25,1
1,1,3540.0,22,1,25,1
1,1,3545.0,21,1,25,1
1,1,3550.0,21,1,25,1
1,1,3555.0,21,1,25,1
1,1,3560.0,21,1,25,1
1,1,3565.0,21,1,25,1
1,1,3570.0,21,1,25,1
1,1,3575.0,20,1,25,1
1,1,3580.0,19,1,25,1
1,1,3585.0,20,1,25,1
1,1,3590.0,20,1,25,1
1,1,3595.0,20,1,25,1
1,1,3600.0,20,1,25,1
1,1,3605.0,20,1,25,1
1,1,3610.0,20,1,25,1
1,1,3615.0,21,1,25,1
1,1,3620.0,21,1,25,1
1,1,3625.0,21,1,25,1
1,1,3630.0,21,1,25,1
1,1,3635.0,21,1,25,1
1,1,3640.0,21,1,25,1
1,1,3645.0,22,1,25,1
1,1,3650.0,22,1,25,1
1,1,3655.0,22,1,25,1
1,1,3660.0,22,1,25,1
1,1,3665.0,22,1,25,1
1,1,3670.0,22,1,25,1
1,1,3675.0,22,1,25,1
1,1,3680.0,22,1,25,1
1,1,3685.0,22,1,25,1
1,1,3690.0,21,1,25,1
1,1,3695.0,21,1,25,1
1,1,3700.0,21,1,25,1
1,1,3705.0,21,1,25,1
1,1,3710.0,21,1,25,1
1,1,3715.0,22,1,25,1
1,1,3720.0,22,1,25,1
1,1,3725.0,22,1,25,1
1,1,3730.0,22,1,25,1
1,1,3735.0,22,1,25,1
1,1,3740.0,22,1,25,1
1,1,3745.0,22,1,25,1
1,1,3750.0,22,1,25,1
1,1,3755.0,22,1,25,1
1,1,3760.0,22,1,25,1
1,1,3765.0,22,1,25,1
1,1,3770.0,22,1,25,1
1,1,3775.0,22,1,25,1
1,1,3780.0,22,1,25,1
1,1,3785.0,22,1,25,1
1,1,3790.0,22,1,25,1
1,1,3795.0,23,1,25,1
1,1,3800.0,23,1,25,1
1,1,3805.0,23,1,25,1
1,1,3810.0,23,1,25,1
1,1,3815.0,23,1,25,1
1,1,3820.0,23,1,25,1
1,1,3825.0,23,1,25,1
1,1,3830.0,23,1,25,1
1,1,3835.0,23,1,25,1
1,1,3840.0,23,1,25,1
1,1,3845.0,23,1,25,1
1,1,3850.0,23,1,25,1
1,1,3855.0,23,1,25,1
1,1,3860.0,23,1,25,1
1,1,3865.0,23,1,25,1
1,1,3870.0,23,1,25,1
1,1,3875.0,23,1,25,1
1,1,3880.0,23,1,25,1
1,1,3885.0,23,1,25,1
1,1,3890.0,23,1,25,1
1,1,3895.0,23,1,25,1
1,1,3900.0,23,1,25,1
1,1,3905.0,23,1,25,1
1,1,3910.0,23,1,25,1
1,1,3915.0,23,1,25,1
1,1,3920.0,23,1,25,1
1,1,3925.0,23,1,25,1
1,1,3930.0,22,1,25,1
1,1,3935.0,22,1,25,1
1,1,3940.0,22,1,25,1
1,1,3945.0,22,1,25,1
1,1,3950.0,22,1,25,1
1,1,3955.0,22,1,25,1
1,1,3960.0,22,1,25,1
1,1,3965.0,22,1,25,1
1,1,3970.0,22,1,25,1
1,1,3975.0,22,1,25,1
1,1,3980.0,22,1,25,1
1,1,3985.0,21,1,25,1
1,1,3990.0,21,1,25,1
1,1,3995.0,21,1,25,1
1,1,4000.0,21,1,25,1
1,1,4005.0,21,1,25,1
1,1,4010.0,21,1,25,1
1,1,4015.0,21,1,25,1
1,1,4020.0,21,1,25,1
1,1,4025.0,21,1,25,1
1,1,4030.0,23,1,25,1
1,1,4035.0,22,1,25,1
1,1,4040.0,22,1,25,1
1,1,4045.0,22,1,25,1
1,1,4050.0,22,1,25,1
1,1,4055.0,23,1,25,1
1,1,4060.0,23,1,25,1
1,1,4065.0,23,1,25,1
1,1,4070.0,23,1,25,1
1,1,4075.0,22,1,25,1
1,1,4080.0,22,1,25,1
1,1,4085.0,22,1,25,1
1,1,4090.0,22,1,25,1
1,1,4095.0,22,1,25,1
1,1,4100.0,23,1,25,1
1,1,4105.0,23,1,25,1
1,1,4110.0,23,1,25,1
1,1,4115.0,23,1,25,1
1,1,4120.0,24,1,25,1
1,1,4125.0,24,1,25,1
1,1,4130.0,24,1,25,1
1,1,4135.0,24,1,25,1
1,1,4140.0,24,1,25,1
1,1,4145.0,24,1,25,1
1,1,4150.0,24,1,25,1
1,1,4155.0,24,1,25,1
1,1,4160.0,24,1,25,1
1,1,4165.0,24,1,25,1
1,1,4170.0,24,1,25,1
1,1,4175.0,24,1,25,1
1,1,4180.0,24,1,25,1
1,1,4185.0,24,1,25,1
1,1,4190.0,24,1,25,1
1,1,4195.0,24,1,25,1
1,1,4200.0,24,1,25,1
1,1,4205.0,24,1,25,1
1,1,4210.0,24,1,25,1
1,1,4215.0,23,1,25,1
1,1,4220.0,23,1,25,1
1,1,4225.0,23,1,25,1
1,1,4230.0,23,1,25,1
1,1,4235.0,23,1,25,1
1,1,4240.0,22,1,25,1
1,1,4245.0,22,1,25,1
1,1,4250.0,22,1,25,1
1,1,4255.0,22,1,25,1
1,1,4260.0,22,1,25,1
1,1,4265.0,22,1,25,1
1,1,4270.0,22,1,25,1
1,1,4275.0,22,1,25,1
1,1,4280.0,22,1,25,1
1,1,4285.0,22,1,25,1
1,1,4290.0,22,1,25,1
1,1,4295.0,22,1,25,1
1,1,4300.0,22,1,25,1
1,1,4305.0,22,1,25,1
1,1,4310.0,22,1,25,1
1,1,4315.0,22,1,25,1
1,1,4320.0,22,1,25,1
1,1,4325.0,22,1,25,1
1,1,4330.0,21,1,25,1
1,1,4335.0,21,1,25,1
1,1,4340.0,21,1,25,1
1,1,4345.0,22,1,25,1
1,1,4350.0,22,1,25,1
1,1,4355.0,22,1,25,1
1,1,4360.0,22,1,25,1
1,1,4365.0,21,1,25,1
1,1,4370.0,21,1,25,1
1,1,4375.0,22,1,25,1
1,1,4380.0,22,1,25,1
1,1,4385.0,22,1,25,1
1,1,4390.0,22,1,25,1
1,1,4395.0,22,1,25,1
1,1,4400.0,23,1,25,1
1,1,4405.0,23,1,25,1
1,1,4410.0,23,1,25,1
1,1,4415.0,23,1,25,1
1,1,4420.0,22,1,25,1
1,1,4425.0,22,1,25,1
1,1,4430.0,23,1,25,1
1,1,4435.0,22,1,25,1
1,1,4440.0,22,1,25,1
1,1,4445.0,22,1,25,1
1,1,4450.0,22,1,25,1
1,1,4455.0,22,1,25,1
1,1,4460.0,22,1,25,1
1,1,4465.0,22,1,25,1
1,1,4470.0,21,1,25,1
1,1,4475.0,21,1,25,1
1,1,4480.0,22,1,25,1
1,1,4485.0,21,1,25,1
1,1,4490.0,21,1,25,1
1,1,4495.0,20,1,25,1
1,1,4500.0,20,1,25,1
1,1,4505.0,20,1,25,1
1,1,4510.0,20,1,25,1
1,1,4515.0,20,1,25,1
1,1,4520.0,19,1,25,1
1,1,4525.0,19,1,25,1
1,1,4530.0,19,1,25,1
1,1,4535.0,19,1,25,1
1,1,4540.0,19,1,25,1
1,1,4545.0,19,1,25,1
1,1,4550.0,19,1,25,1
1,1,4555.0,19,1,25,1
1,1,4560.0,19,1,25,1
1,1,4565.0,19,1,25,1
1,1,4570.0,19,1,25,1
1,1,4575.0,19,1,25,1
1,1,4580.0,19,1,25,1
1,1,4585.0,19,1,25,1
1,1,4590.0,19,1,25,1
1,1,4595.0,19,1,25,1
1,1,4600.0,19,1,25,1
1,1,4605.0,19,1,25,1
1,1,4610.0,19,1,25,1
1,1,4615.0,19,1,25,1
1,1,4620.0,19,1,25,1
1,1,4625.0,19,1,25,1
1,1,4630.0,19,1,25,1
1,1,4635.0,19,1,25,1
1,1,4640.0,20,1,25,1
1,1,4645.0,20,1,25,1
1,1,4650.0,20,1,25,1
1,1,4655.0,20,1,25,1
1,1,4660.0,20,1,25,1
1,1,4665.0,20,1,25,1
1,1,4670.0,20,1,25,1
1,1,4675.0,21,1,25,1
1,1,4680.0,21,1,25,1
1,1,4685.0,21,1,25,1
1,1,4690.0,21,1,25,1
1,1,4695.0,21,1,25,1
1,1,4700.0,21,1,25,1
1,1,4705.0,21,1,25,1
1,1,4710.0,21,1,25,1
1,1,4715.0,21,1,25,1
1,1,4720.0,21,1,25,1
1,1,4725.0,21,1,25,1
1,1,4730.0,21,1,25,1
1,1,4735.0,21,1,25,1
1,1,4740.0,21,1,25,1
1,1,4745.0,21,1,25,1
1,1,4750.0,21,1,25,1
1,1,4755.0,21,1,25,1
1,1,4760.0,21,1,25,1
1,1,4765.0,21,1,25,1
1,1,4770.0,21,1,25,1
1,1,4775.0,21,1,25,1
1,1,4780.0,21,1,25,1
1,1,4785.0,21,1,25,1
1,1,4790.0,21,1,25,1
1,1,4795.0,21,1,25,1
1,1,4800.0,21,1,25,1
1,1,4805.0,21,1,25,1
1,1,4810.0,20,1,25,1
1,1,4815.0,21,1,25,1
1,1,4820.0,21,1,25,1
1,1,4825.0,21,1,25,1
1,1,4830.0,21,1,25,1
1,1,4835.0,21,1,25,1
1,1,4840.0,20,1,25,1
1,1,4845.0,20,1,25,1
1,1,4850.0,20,1,25,1
1,1,4855.0,21,1,25,1
1,1,4860.0,21,1,25,1
1,1,4865.0,21,1,25,1
1,1,4870.0,22,1,25,1
1,1,4875.0,22,1,25,1
1,1,4880.0,22,1,25,1
1,1,4885.0,22,1,25,1
1,1,4890.0,22,1,25,1
1,1,4895.0,21,1,25,1
1,1,4900.0,21,1,25,1
1,1,4905.0,21,1,25,1
1,1,4910.0,21,1,25,1
1,1,4915.0,21,1,25,1
1,1,4920.0,21,1,25,1
1,1,4925.0,21,1,25,1
1,1,4930.0,21,1,25,1
1,1,4935.0,21,1,25,1
1,1,4940.0,21,1,25,1
1,1,4945.0,21,1,25,1
1,1,4950.0,21,1,25,1
1,1,4955.0,22,1,25,1
1,1,4960.0,22,1,25,1
1,1,4965.0,22,1,25,1
1,1,4970.0,22,1,25,1
1,1,4975.0,22,1,25,1
1,1,4980.0,22,1,25,1
1,1,4985.0,22,1,25,1
1,1,4990.0,22,1,25,1
1,1,4995.0,23,1,25,1
1,1,5000.0,23,1,25,1
1,1,5005.0,23,1,25,1
1,1,5010.0,23,1,25,1
1,1,5015.0,23,1,25,1
1,1,5020.0,22,1,25,1
1,1,5025.0,22,1,25,1
1,1,5030.0,22,1,25,1
1,1,5035.0,22,1,25,1
1,1,5040.0,22,1,25,1
1,1,5045.0,22,1,25,1
1,1,5050.0,22,1,25,1
1,1,5055.0,22,1,25,1
1,1,5060.0,22,1,25,1
1,1,5065.0,22,1,25,1
1,1,5070.0,22,1,25,1
1,1,5075.0,21,1,25,1
1,1,5080.0,21,1,25,1
1,1,5085.0,21,1,25,1
1,1,5090.0,21,1,25,1
1,1,5095.0,21,1,25,1
1,1,5100.0,21,1,25,1
1,1,5105.0,21,1,25,1
1,1,5110.0,21,1,25,1
1,1,5115.0,21,1,25,1
1,1,5120.0,21,1,25,1
1,1,5125.0,21,1,25,1
1,1,5130.0,21,1,25,1
1,1,5135.0,21,1,25,1
1,1,5140.0,22,1,25,1
1,1,5145.0,22,1,25,1
1,1,5150.0,22,1,25,1
1,1,5155.0,22,1,25,1
1,1,5160.0,21,1,25,1
1,1,5165.0,22,1,25,1
1,1,5170.0,23,1,25,1
1,1,5175.0,23,1,25,1
1,1,5180.0,23,1,25,1
1,1,5185.0,23,1,25,1
1,1,5190.0,23,1,25,1
1,1,5195.0,23,1,25,1
1,1,5200.0,23,1,25,1
1,1,5205.0,23,1,25,1
1,1,5210.0,23,1,25,1
1,1,5215.0,23,1,25,1
1,1,5220.0,23,1,25,1
1,1,5225.0,23,1,25,1
1,1,5230.0,23,1,25,1
1,1,5235.0,23,1,25,1
1,1,5240.0,23,1,25,1
1,1,5245.0,23,1,25,1
1,1,5250.0,23,1,25,1
1,1,5255.0,23,1,25,1
1,1,5260.0,23,1,25,1
1,1,5265.0,23,1,25,1
1,1,5270.0,23,1,25,1
1,1,5275.0,22,1,25,1
1,1,5280.0,22,1,25,1
1,1,5285.0,22,1,25,1
1,1,5290.0,22,1,25,1
1,1,5295.0,22,1,25,1
1,1,5300.0,22,1,25,1
1,1,5305.0,22,1,25,1
1,1,5310.0,22,1,25,1
1,1,5315.0,22,1,25,1
1,1,5320.0,22,1,25,1
1,1,5325.0,22,1,25,1
1,1,5330.0,21,1,25,1
1,1,5335.0,21,1,25,1
1,1,5340.0,21,1,25,1
1,1,5345.0,21,1,25,1
1,1,5350.0,21,1,25,1
1,1,5355.0,21,1,25,1
1,1,5360.0,21,1,25,1
1,1,5365.0,20,1,25,1
1,1,5370.0,20,1,25,1
1,1,5375.0,20,1,25,1
1,1,5380.0,19,1,25,1
1,1,5385.0,19,1,25,1
1,1,5390.0,19,1,25,1
1,1,5395.0,19,1,25,1
1,1,5400.0,19,1,25,1
1,1,5405.0,19,1,25,1
1,1,5410.0,19,1,25,1
1,1,5415.0,19,1,25,1
1,1,5420.0,19,1,25,1
1,1,5425.0,19,1,25,1
1,1,5430.0,19,1,25,1
1,1,5435.0,19,1,25,1
1,1,5440.0,20,1,25,1
1,1,5445.0,20,1,25,1
1,1,5450.0,20,1,25,1
1,1,5455.0,20,1,25,1
1,1,5460.0,20,1,25,1
1,1,5465.0,20,1,25,1
1,1,5470.0,20,1,25,1
1,1,5475.0,20,1,25,1
1,1,5480.0,21,1,25,1
1,1,5485.0,21,1,25,1
1,1,5490.0,21,1,25,1
1,1,5495.0,21,1,25,1
1,1,5500.0,21,1,25,1
1,1,5505.0,21,1,25,1
1,1,5510.0,21,1,25,1
1,1,5515.0,22,1,25,1
1,1,5520.0,22,1,25,1
1,1,5525.0,22,1,25,1
1,1,5530.0,22,1,25,1
1,1,5535.0,22,1,25,1
1,1,5540.0,22,1,25,1
1,1,5545.0,22,1,25,1
1,1,5550.0,22,1,25,1
1,1,5555.0,22,1,25,1
1,1,5560.0,22,1,25,1
1,1,5565.0,21,1,25,1
1,1,5570.0,21,1,25,1
1,1,5575.0,21,1,25,1
1,1,5580.0,22,1,25,1
1,1,5585.0,22,1,25,1
1,1,5590.0,22,1,25,1
1,1,5595.0,22,1,25,1
1,1,5600.0,22,1,25,1
1,1,5605.0,22,1,25,1
1,1,5610.0,22,1,25,1
1,1,5615.0,22,1,25,1
1,1,5620.0,23,1,25,1
1,1,5625.0,23,1,25,1
1,1,5630.0,23,1,25,1
1,1,5635.0,23,1,25,1
1,1,5640.0,23,1,25,1
1,1,5645.0,23,1,25,1
1,1,5650.0,23,1,25,1
1,1,5655.0,23,1,25,1
1,1,5660.0,23,1,25,1
1,1,5665.0,23,1,25,1
1,1,5670.0,23,1,25,1
1,1,5675.0,22,1,25,1
1,1,5680.0,23,1,25,1
1,1,5685.0,23,1,25,1
1,1,5690.0,23,1,25,1
1,1,5695.0,23,1,25,1
1,1,5700.0,23,1,25,1
1,1,5705.0,23,1,25,1
1,1,5710.0,23,1,25,1
1,1,5715.0,23,1,25,1
1,1,5720.0,23,1,25,1
1,1,5725.0,23,1,25,1
1,1,5730.0,23,1,25,1
1,1,5735.0,23,1,25,1
1,1,5740.0,23,1,25,1
1,1,5745.0,23,1,25,1
1,1,5750.0,23,1,25,1
1,1,5755.0,23,1,25,1
1,1,5760.0,23,1,25,1
1,1,5765.0,23,1,25,1
1,1,5770.0,23,1,25,1
1,1,5775.0,23,1,25,1
1,1,5780.0,23,1,25,1
1,1,5785.0,23,1,25,1
1,1,5790.0,23,1,25,1
1,1,5795.0,22,1,25,1
1,1,5800.0,22,1,25,1
1,1,5805.0,22,1,25,1
1,1,5810.0,22,1,25,1
1,1,5815.0,22,1,25,1
1,1,5820.0,22,1,25,1
1,1,5825.0,22,1,25,1
1,1,5830.0,22,1,25,1
1,1,5835.0,22,1,25,1
1,1,5840.0,22,1,25,1
1,1,5845.0,22,1,25,1
1,1,5850.0,22,1,25,1
1,1,5855.0,22,1,25,1
1,1,5860.0,22,1,25,1
1,1,5865.0,22,1,25,1
1,1,5870.0,22,1,25,1
1,1,5875.0,22,1,25,1
1,1,5880.0,22,1,25,1
1,1,5885.0,22,1,25,1
1,1,5890.0,22,1,25,1
1,1,5895.0,22,1,25,1
1,1,5900.0,22,1,25,1
1,1,5905.0,22,1,25,1
1,1,5910.0,22,1,25,1
1,1,5915.0,22,1,25,1
1,1,5920.0,22,1,25,1
1,1,5925.0,22,1,25,1
1,1,5930.0,22,1,25,1
1,1,5935.0,22,1,25,1
1,1,5940.0,22,1,25,1
1,1,5945.0,22,1,25,1
1,1,5950.0,22,1,25,1
1,1,5955.0,22,1,25,1
1,1,5960.0,22,1,25,1
1,1,5965.0,22,1,25,1
1,1,5970.0,22,1,25,1
1,1,5975.0,22,1,25,1
1,1,5980.0,22,1,25,1
1,1,5985.0,22,1,25,1
1,1,5990.0,22,1,25,1
1,1,5995.0,22,1,25,1
1,1,6000.0,22,1,25,1
1,1,6005.0,22,1,25,1
1,1,6010.0,21,1,25,1
1,1,6015.0,21,1,25,1
1,1,6020.0,21,1,25,1
1,1,6025.0,21,1,25,1
1,1,6030.0,21,1,25,1
1,1,6035.0,21,1,25,1
1,1,6040.0,21,1,25,1
1,1,6045.0,21,1,25,1
1,1,6050.0,21,1,25,1
1,1,6055.0,21,1,25,1
1,1,6060.0,21,1,25,1
1,1,6065.0,21,1,25,1
1,1,6070.0,21,1,25,1
1,1,6075.0,21,1,25,1
1,1,6080.0,21,1,25,1
1,1,6085.0,21,1,25,1
1,1,6090.0,21,1,25,1
1,1,6095.0,21,1,25,1
1,1,6100.0,21,1,25,1
1,1,6105.0,21,1,25,1
1,1,6110.0,20,1,25,1
1,1,6115.0,20,1,25,1
1,1,6120.0,20,1,25,1
1,1,6125.0,20,1,25,1
1,1,6130.0,20,1,25,1
1,1,6135.0,20,1,25,1
1,1,6140.0,20,1,25,1
1,1,6145.0,21,1,25,1
1,1,6150.0,21,1,25,1
1,1,6155.0,21,1,25,1
1,1,6160.0,21,1,25,1
1,1,6165.0,21,1,25,1
1,1,6170.0,21,1,25,1
1,1,6175.0,21,1,25,1
1,1,6180.0,21,1,25,1
1,1,6185.0,21,1,25,1
1,1,6190.0,21,1,25,1
1,1,6195.0,21,1,25,1
1,1,6200.0,21,1,25,1
1,1,6205.0,21,1,25,1
1,1,6210.0,21,1,25,1
1,1,6215.0,21,1,25,1
1,1,6220.0,22,1,25,1
1,1,6225.0,22,1,25,1
1,1,6230.0,22,1,25,1
1,1,6235.0,22,1,25,1
1,1,6240.0,22,1,25,1
1,1,6245.0,22,1,25,1
1,1,6250.0,22,1,25,1
1,1,6255.0,22,1,25,1
1,1,6260.0,22,1,25,1
1,1,6265.0,22,1,25,1
1,1,6270.0,22,1,25,1
1,1,6275.0,22,1,25,1
1,1,6280.0,22,1,25,1
1,1,6285.0,22,1,25,1
1,1,6290.0,22,1,25,1
1,1,6295.0,22,1,25,1
1,1,6300.0,22,1,25,1
1,1,6305.0,22,1,25,1
1,1,6310.0,22,1,25,1
1,1,6315.0,22,1,25,1
1,1,6320.0,22,1,25,1
1,1,6325.0,22,1,25,1
1,1,6330.0,21,1,25,1
1,1,6335.0,21,1,25,1
1,1,6340.0,21,1,25,1
1,1,6345.0,21,1,25,1
1,1,6350.0,21,1,25,1
1,1,6355.0,21,1,25,1
1,1,6360.0,21,1,25,1
1,1,6365.0,21,1,25,1
1,1,6370.0,21,1,25,1
1,1,6375.0,21,1,25,1
1,1,6380.0,21,1,25,1
1,1,6385.0,21,1,25,1
1,1,6390.0,21,1,25,1
1,1,6395.0,21,1,25,1
1,1,6400.0,21,1,25,1
1,1,6405.0,21,1,25,1
1,1,6410.0,21,1,25,1
1,1,6415.0,21,1,25,1
1,1,6420.0,21,1,25,1
1,1,6425.0,22,1,25,1
1,1,6430.0,22,1,25,1
1,1,6435.0,22,1,25,1
1,1,6440.0,23,1,25,1
1,1,6445.0,23,1,25,1
1,1,6450.0,23,1,25,1
1,1,6455.0,23,1,25,1
1,1,6460.0,23,1,25,1
1,1,6465.0,23,1,25,1
1,1,6470.0,23,1,25,1
1,1,6475.0,23,1,25,1
1,1,6480.0,23,1,25,1
1,1,6485.0,23,1,25,1
1,1,6490.0,23,1,25,1
1,1,6495.0,23,1,25,1
1,1,6500.0,23,1,25,1
1,1,6505.0,23,1,25,1
1,1,6510.0,23,1,25,1
1,1,6515.0,23,1,25,1
1,1,6520.0,23,1,25,1
1,1,6525.0,24,1,25,1
1,1,6530.0,24,1,25,1
1,1,6535.0,24,1,25,1
1,1,6540.0,24,1,25,1
1,1,6545.0,24,1,25,1
1,1,6550.0,24,1,25,1
1,1,6555.0,24,1,25,1
1,1,6560.0,24,1,25,1
1,1,6565.0,24,1,25,1
1,1,6570.0,24,1,25,1
1,1,6575.0,24,1,25,1
1,1,6580.0,23,1,25,1
1,1,6585.0,23,1,25,1
1,1,6590.0,23,1,25,1
1,1,6595.0,23,1,25,1
1,1,6600.0,23,1,25,1
1,1,6605.0,23,1,25,1
1,1,6610.0,23,1,25,1
1,1,6615.0,23,1,25,1
1,1,6620.0,23,1,25,1
1,1,6625.0,23,1,25,1
1,1,6630.0,23,1,25,1
1,1,6635.0,23,1,25,1
1,1,6640.0,23,1,25,1
1,1,6645.0,23,1,25,1
1,1,6650.0,24,1,25,1
1,1,6655.0,24,1,25,1
1,1,6660.0,24,1,25,1
1,1,6665.0,24,1,25,1
1,1,6670.0,24,1,25,1
1,1,6675.0,24,1,25,1
1,1,6680.0,24,1,25,1
1,1,6685.0,23,1,25,1
1,1,6690.0,23,1,25,1
1,1,6695.0,22,1,25,1
1,1,6700.0,22,1,25,1
1,1,6705.0,22,1,25,1
1,1,6710.0,22,1,25,1
1,1,6715.0,22,1,25,1
1,1,6720.0,22,1,25,1
1,1,6725.0,22,1,25,1
1,1,6730.0,22,1,25,1
1,1,6735.0,22,1,25,1
1,1,6740.0,22,1,25,1
1,1,6745.0,22,1,25,1
1,1,6750.0,22,1,25,1
1,1,6755.0,22,1,25,1
1,1,6760.0,22,1,25,1
1,1,6765.0,22,1,25,1
1,1,6770.0,22,1,25,1
1,1,6775.0,22,1,25,1
1,1,6780.0,22,1,25,1
1,1,6785.0,22,1,25,1
1,1,6790.0,22,1,25,1
1,1,6795.0,22,1,25,1
1,1,6800.0,22,1,25,1
1,1,6805.0,22,1,25,1
1,1,6810.0,22,1,25,1
1,1,6815.0,22,1,25,1
1,1,6820.0,22,1,25,1
1,1,6825.0,22,1,25,1
1,1,6830.0,22,1,25,1
1,1,6835.0,22,1,25,1
1,1,6840.0,22,1,25,1
1,1,6845.0,22,1,25,1
1,1,6850.0,22,1,25,1
1,1,6855.0,23,1,25,1
1,1,6860.0,23,1,25,1
1,1,6865.0,23,1,25,1
1,1,6870.0,25,1,25,1
1,1,6875.0,25,1,25,1
1,1,6880.0,25,1,25,1
1,1,6885.0,25,1,25,1
1,1,6890.0,25,1,25,1
1,1,6895.0,25,1,25,1
1,1,6900.0,25,1,25,1
1,1,6905.0,25,1,25,1
1,1,6910.0,25,1,25,1
1,1,6915.0,25,1,25,1
1,1,6920.0,25,1,25,1
1,1,6925.0,25,1,25,1
1,1,6930.0,25,1,25,1
1,1,6935.0,25,1,25,1
1,1,6940.0,25,1,25,1
1,1,6945.0,25,1,25,1
1,1,6950.0,24,1,25,1
1,1,6955.0,24,1,25,1
1,1,6960.0,24,1,25,1
1,1,6965.0,24,1,25,1
1,1,6970.0,24,1,25,1
1,1,6975.0,24,1,25,1
1,1,6980.0,24,1,25,1
1,1,6985.0,24,1,25,1
1,1,6990.0,24,1,25,1
1,1,6995.0,24,1,25,1
1,1,7000.0,24,1,25,1
1,1,7005.0,24,1,25,1
1,1,7010.0,24,1,25,1
1,1,7015.0,24,1,25,1
1,1,7020.0,23,1,25,1
1,1,7025.0,23,1,25,1
1,1,7030.0,23,1,25,1
1,1,7035.0,23,1,25,1
1,1,7040.0,23,1,25,1
1,1,7045.0,23,1,25,1
1,1,7050.0,23,1,25,1
1,1,7055.0,23,1,25,1
1,1,7060.0,23,1,25,1
1,1,7065.0,23,1,25,1
1,1,7070.0,23,1,25,1
1,1,7075.0,23,1,25,1
1,1,7080.0,23,1,25,1
1,1,7085.0,23,1,25,1
1,1,7090.0,23,1,25,1
1,1,7095.0,23,1,25,1
1,1,7100.0,23,1,25,1
1,1,7105.0,22,1,25,1
1,1,7110.0,22,1,25,1
1,1,7115.0,22,1,25,1
1,1,7120.0,22,1,25,1
1,1,7125.0,22,1,25,1
1,1,7130.0,22,1,25,1
1,1,7135.0,22,1,25,1
1,1,7140.0,22,1,25,1
1,1,7145.0,22,1,25,1
1,1,7150.0,22,1,25,1
1,1,7155.0,22,1,25,1
1,1,7160.0,22,1,25,1
1,1,7165.0,22,1,25,1
1,1,7170.0,22,1,25,1
1,1,7175.0,22,1,25,1
1,1,7180.0,22,1,25,1
1,1,7185.0,22,1,25,1
1,1,7190.0,22,1,25,1
1,1,7195.0,22,1,25,1
1,1,7200.0,22,1,25,1
1,1,7205.0,22,1,25,1
1,1,7210.0,22,1,25,1
1,1,7215.0,22,1,25,1
1,1,7220.0,22,1,25,1
1,1,7225.0,22,1,25,1
1,1,7230.0,22,1,25,1
1,1,7235.0,22,1,25,1
1,1,7240.0,22,1,25,1
1,1,7245.0,22,1,25,1
1,1,7250.0,22,1,25,1
1,1,7255.0,22,1,25,1
1,1,7260.0,22,1,25,1
1,1,7265.0,22,1,25,1
1,1,7270.0,22,1,25,1
1,1,7275.0,22,1,25,1
1,1,7280.0,22,1,25,1
1,1,7285.0,23,1,25,1
1,1,7290.0,23,1,25,1
1,1,7295.0,22,1,25,1
1,1,7300.0,23,1,25,1
1,1,7305.0,23,1,25,1
1,1,7310.0,23,1,25,1
1,1,7315.0,23,1,25,1
1,1,7320.0,23,1,25,1
1,1,7325.0,23,1,25,1
1,1,7330.0,23,1,25,1
1,1,7335.0,23,1,25,1
1,1,7340.0,23,1,25,1
1,1,7345.0,22,1,25,1
1,1,7350.0,22,1,25,1
1,1,7355.0,22,1,25,1
1,1,7360.0,22,1,25,1
1,1,7365.0,21,1,25,1
1,1,7370.0,21,1,25,1
1,1,7375.0,21,1,25,1
1,1,7380.0,21,1,25,1
1,1,7385.0,22,1,25,1
1,1,7390.0,21,1,25,1
1,1,7395.0,21,1,25,1
1,1,7400.0,21,1,25,1
1,1,7405.0,21,1,25,1
1,1,7410.0,22,1,25,1
1,1,7415.0,23,1,25,1
1,1,7420.0,23,1,25,1
1,1,7425.0,23,1,25,1
1,1,7430.0,23,1,25,1
1,1,7435.0,23,1,25,1
1,1,7440.0,23,1,25,1
1,1,7445.0,23,1,25,1
1,1,7450.0,23,1,25,1
1,1,7455.0,22,1,25,1
1,1,7460.0,22,1,25,1
1,1,7465.0,22,1,25,1
1,1,7470.0,22,1,25,1
1,1,7475.0,22,1,25,1
1,1,7480.0,22,1,25,1
1,1,7485.0,22,1,25,1
1,1,7490.0,22,1,25,1
1,1,7495.0,22,1,25,1
1,1,7500.0,22,1,25,1
1,1,7505.0,22,1,25,1
1,1,7510.0,22,1,25,1
1,1,7515.0,22,1,25,1
1,1,7520.0,23,1,25,1
1,1,7525.0,23,1,25,1
2,1,5.0,25,3,25,1
2,1,10.0,24,3,25,1
2,1,15.0,24,3,25,1
2,1,20.0,24,3,25,1
2,1,25.0,23,3,25,1
2,1,30.0,22,3,25,1
2,1,35.0,21,3,25,1
2,1,40.0,21,3,25,1
2,1,45.0,21,3,25,1
2,1,50.0,21,3,25,1
2,1,55.0,21,3,25,1
2,1,60.0,21,3,25,1
2,1,65.0,20,3,25,1
2,1,70.0,20,3,25,1
2,1,75.0,20,3,25,1
2,1,80.0,21,3,25,1
2,1,85.0,20,3,25,1
2,1,90.0,20,3,25,1
2,1,95.0,19,3,25,1
2,1,100.0,21,3,25,1
2,1,105.0,21,3,25,1
2,1,110.0,21,3,25,1
2,1,115.0,20,3,25,1
2,1,120.0,20,3,25,1
2,1,125.0,21,3,25,1
2,1,130.0,21,3,25,1
2,1,135.0,20,3,25,1
2,1,140.0,21,3,25,1
2,1,145.0,21,3,25,1
2,1,150.0,21,3,25,1
2,1,155.0,21,3,25,1
2,1,160.0,21,3,25,1
2,1,165.0,20,3,25,1
2,1,170.0,20,3,25,1
2,1,175.0,20,3,25,1
2,1,180.0,20,3,25,1
2,1,185.0,20,3,25,1
2,1,190.0,20,3,25,1
2,1,195.0,20,3,25,1
2,1,200.0,20,3,25,1
2,1,205.0,20,3,25,1
2,1,210.0,21,3,25,1
2,1,215.0,20,3,25,1
2,1,220.0,20,3,25,1
2,1,225.0,19,3,25,1
2,1,230.0,19,3,25,1
2,1,235.0,20,3,25,1
2,1,240.0,20,3,25,1
2,1,245.0,18,3,25,1
2,1,250.0,18,3,25,1
2,1,255.0,17,3,25,1
2,1,260.0,18,3,25,1
2,1,265.0,18,3,25,1
2,1,270.0,18,3,25,1
2,1,275.0,18,3,25,1
2,1,280.0,18,3,25,1
2,1,285.0,18,3,25,1
2,1,290.0,18,3,25,1
2,1,295.0,18,3,25,1
2,1,300.0,19,3,25,1
2,1,305.0,20,3,25,1
2,1,310.0,20,3,25,1
2,1,315.0,21,3,25,1
2,1,320.0,21,3,25,1
2,1,325.0,21,3,25,1
2,1,330.0,21,3,25,1
2,1,335.0,20,3,25,1
2,1,340.0,20,3,25,1
2,1,345.0,20,3,25,1
2,1,350.0,20,3,25,1
2,1,355.0,21,3,25,1
2,1,360.0,21,3,25,1
2,1,365.0,21,3,25,1
2,1,370.0,21,3,25,1
2,1,375.0,21,3,25,1
2,1,380.0,20,3,25,1
2,1,385.0,21,3,25,1
2,1,390.0,20,3,25,1
2,1,395.0,20,3,25,1
2,1,400.0,20,3,25,1
2,1,405.0,20,3,25,1
2,1,410.0,20,3,25,1
2,1,415.0,20,3,25,1
2,1,420.0,20,3,25,1
2,1,425.0,20,3,25,1
2,1,430.0,20,3,25,1
2,1,435.0,20,3,25,1
2,1,440.0,20,3,25,1
2,1,445.0,20,3,25,1
2,1,450.0,20,3,25,1
2,1,455.0,20,3,25,1
2,1,460.0,20,3,25,1
2,1,465.0,20,3,25,1
2,1,470.0,20,3,25,1
2,1,475.0,20,3,25,1
2,1,480.0,20,3,25,1
2,1,485.0,20,3,25,1
2,1,490.0,19,3,25,1
2,1,495.0,19,3,25,1
2,1,500.0,19,3,25,1
2,1,505.0,18,3,25,1
2,1,510.0,18,3,25,1
2,1,515.0,19,3,25,1
2,1,520.0,19,3,25,1
2,1,525.0,19,3,25,1
2,1,530.0,18,3,25,1
2,1,535.0,18,3,25,1
2,1,540.0,18,3,25,1
2,1,545.0,18,3,25,1
2,1,550.0,18,3,25,1
2,1,555.0,18,3,25,1
2,1,560.0,17,3,25,1
2,1,565.0,16,3,25,1
2,1,570.0,16,3,25,1
2,1,575.0,16,3,25,1
2,1,580.0,16,3,25,1
2,1,585.0,16,3,25,1
2,1,590.0,17,3,25,1
2,1,595.0,18,3,25,1
2,1,600.0,18,3,25,1
2,1,605.0,17,3,25,1
2,1,610.0,18,3,25,1
2,1,615.0,18,3,25,1
2,1,620.0,17,3,25,1
2,1,625.0,17,3,25,1
2,1,630.0,17,3,25,1
2,1,635.0,16,3,25,1
2,1,640.0,16,3,25,1
2,1,645.0,16,3,25,1
2,1,650.0,17,3,25,1
2,1,655.0,17,3,25,1
2,1,660.0,17,3,25,1
2,1,665.0,17,3,25,1
2,1,670.0,17,3,25,1
2,1,675.0,17,3,25,1
2,1,680.0,17,3,25,1
2,1,685.0,17,3,25,1
2,1,690.0,17,3,25,1
2,1,695.0,17,3,25,1
2,1,700.0,17,3,25,1
2,1,705.0,17,3,25,1
2,1,710.0,17,3,25,1
2,1,715.0,17,3,25,1
2,1,720.0,16,3,25,1
2,1,725.0,16,3,25,1
2,1,730.0,16,3,25,1
2,1,735.0,16,3,25,1
2,1,740.0,16,3,25,1
2,1,745.0,16,3,25,1
2,1,750.0,16,3,25,1
2,1,755.0,16,3,25,1
2,1,760.0,16,3,25,1
2,1,765.0,16,3,25,1
2,1,770.0,16,3,25,1
2,1,775.0,16,3,25,1
2,1,780.0,16,3,25,1
2,1,785.0,15,3,25,1
2,1,790.0,15,3,25,1
2,1,795.0,15,3,25,1
2,1,800.0,15,3,25,1
2,1,805.0,15,3,25,1
2,1,810.0,16,3,25,1
2,1,815.0,16,3,25,1
2,1,820.0,16,3,25,1
2,1,825.0,16,3,25,1
2,1,830.0,16,3,25,1
2,1,835.0,18,3,25,1
2,1,840.0,18,3,25,1
2,1,845.0,18,3,25,1
2,1,850.0,17,3,25,1
2,1,855.0,17,3,25,1
2,1,860.0,17,3,25,1
2,1,865.0,17,3,25,1
2,1,870.0,16,3,25,1
2,1,875.0,16,3,25,1
2,1,880.0,16,3,25,1
2,1,885.0,16,3,25,1
2,1,890.0,16,3,25,1
2,1,895.0,17,3,25,1
2,1,900.0,17,3,25,1
2,1,905.0,16,3,25,1
2,1,910.0,16,3,25,1
2,1,915.0,16,3,25,1
2,1,920.0,16,3,25,1
2,1,925.0,16,3,25,1
2,1,930.0,16,3,25,1
2,1,935.0,16,3,25,1
2,1,940.0,16,3,25,1
2,1,945.0,16,3,25,1
2,1,950.0,16,3,25,1
2,1,955.0,16,3,25,1
2,1,960.0,16,3,25,1
2,1,965.0,16,3,25,1
2,1,970.0,16,3,25,1
2,1,975.0,16,3,25,1
2,1,980.0,16,3,25,1
2,1,985.0,16,3,25,1
2,1,990.0,16,3,25,1
2,1,995.0,16,3,25,1
2,1,1000.0,16,3,25,1
2,1,1005.0,16,3,25,1
2,1,1010.0,16,3,25,1
2,1,1015.0,15,3,25,1
2,1,1020.0,15,3,25,1
2,1,1025.0,15,3,25,1
2,1,1030.0,15,3,25,1
2,1,1035.0,15,3,25,1
2,1,1040.0,15,3,25,1
2,1,1045.0,15,3,25,1
2,1,1050.0,15,3,25,1
2,1,1055.0,15,3,25,1
2,1,1060.0,15,3,25,1
2,1,1065.0,15,3,25,1
2,1,1070.0,15,3,25,1
2,1,1075.0,17,3,25,1
2,1,1080.0,17,3,25,1
2,1,1085.0,17,3,25,1
2,1,1090.0,17,3,25,1
2,1,1095.0,17,3,25,1
2,1,1100.0,18,3,25,1
2,1,1105.0,17,3,25,1
2,1,1110.0,18,3,25,1
2,1,1115.0,18,3,25,1
2,1,1120.0,18,3,25,1
2,1,1125.0,18,3,25,1
2,1,1130.0,19,3,25,1
2,1,1135.0,19,3,25,1
2,1,1140.0,19,3,25,1
2,1,1145.0,18,3,25,1
2,1,1150.0,18,3,25,1
2,1,1155.0,18,3,25,1
2,1,1160.0,18,3,25,1
2,1,1165.0,18,3,25,1
2,1,1170.0,19,3,25,1
2,1,1175.0,19,3,25,1
2,1,1180.0,19,3,25,1
2,1,1185.0,19,3,25,1
2,1,1190.0,19,3,25,1
2,1,1195.0,19,3,25,1
2,1,1200.0,20,3,25,1
2,1,1205.0,20,3,25,1
2,1,1210.0,19,3,25,1
2,1,1215.0,19,3,25,1
2,1,1220.0,19,3,25,1
2,1,1225.0,19,3,25,1
2,1,1230.0,19,3,25,1
2,1,1235.0,18,3,25,1
2,1,1240.0,18,3,25,1
2,1,1245.0,19,3,25,1
2,1,1250.0,19,3,25,1
2,1,1255.0,18,3,25,1
2,1,1260.0,17,3,25,1
2,1,1265.0,17,3,25,1
2,1,1270.0,18,3,25,1
2,1,1275.0,18,3,25,1
2,1,1280.0,18,3,25,1
2,1,1285.0,18,3,25,1
2,1,1290.0,18,3,25,1
2,1,1295.0,18,3,25,1
2,1,1300.0,18,3,25,1
2,1,1305.0,18,3,25,1
2,1,1310.0,18,3,25,1
2,1,1315.0,18,3,25,1
2,1,1320.0,18,3,25,1
2,1,1325.0,19,3,25,1
2,1,1330.0,20,3,25,1
2,1,1335.0,20,3,25,1
2,1,1340.0,20,3,25,1
2,1,1345.0,20,3,25,1
2,1,1350.0,20,3,25,1
2,1,1355.0,20,3,25,1
2,1,1360.0,20,3,25,1
2,1,1365.0,20,3,25,1
2,1,1370.0,20,3,25,1
2,1,1375.0,20,3,25,1
2,1,1380.0,20,3,25,1
2,1,1385.0,22,3,25,1
2,1,1390.0,22,3,25,1
2,1,1395.0,22,3,25,1
2,1,1400.0,22,3,25,1
2,1,1405.0,22,3,25,1
2,1,1410.0,22,3,25,1
2,1,1415.0,22,3,25,1
2,1,1420.0,22,3,25,1
2,1,1425.0,21,3,25,1
2,1,1430.0,20,3,25,1
2,1,1435.0,20,3,25,1
2,1,1440.0,20,3,25,1
2,1,1445.0,20,3,25,1
2,1,1450.0,20,3,25,1
2,1,1455.0,20,3,25,1
2,1,1460.0,20,3,25,1
2,1,1465.0,19,3,25,1
2,1,1470.0,19,3,25,1
2,1,1475.0,18,3,25,1
2,1,1480.0,18,3,25,1
2,1,1485.0,18,3,25,1
2,1,1490.0,18,3,25,1
2,1,1495.0,18,3,25,1
2,1,1500.0,18,3,25,1
2,1,1505.0,18,3,25,1
2,1,1510.0,17,3,25,1
2,1,1515.0,17,3,25,1
2,1,1520.0,17,3,25,1
2,1,1525.0,17,3,25,1
2,1,1530.0,17,3,25,1
2,1,1535.0,17,3,25,1
2,1,1540.0,18,3,25,1
2,1,1545.0,18,3,25,1
2,1,1550.0,18,3,25,1
2,1,1555.0,17,3,25,1
2,1,1560.0,17,3,25,1
2,1,1565.0,17,3,25,1
2,1,1570.0,16,3,25,1
2,1,1575.0,16,3,25,1
2,1,1580.0,15,3,25,1
2,1,1585.0,16,3,25,1
2,1,1590.0,16,3,25,1
2,1,1595.0,15,3,25,1
2,1,1600.0,15,3,25,1
2,1,1605.0,15,3,25,1
2,1,1610.0,14,3,25,1
2,1,1615.0,15,3,25,1
2,1,1620.0,15,3,25,1
2,1,1625.0,14,3,25,1
2,1,1630.0,14,3,25,1
2,1,1635.0,14,3,25,1
2,1,1640.0,14,3,25,1
2,1,1645.0,14,3,25,1
2,1,1650.0,14,3,25,1
2,1,1655.0,14,3,25,1
2,1,1660.0,14,3,25,1
2,1,1665.0,15,3,25,1
2,1,1670.0,15,3,25,1
2,1,1675.0,15,3,25,1
2,1,1680.0,14,3,25,1
2,1,1685.0,14,3,25,1
2,1,1690.0,13,3,25,1
2,1,1695.0,13,3,25,1
2,1,1700.0,14,3,25,1
2,1,1705.0,14,3,25,1
2,1,1710.0,14,3,25,1
2,1,1715.0,15,3,25,1
2,1,1720.0,15,3,25,1
2,1,1725.0,16,3,25,1
2,1,1730.0,15,3,25,1
2,1,1735.0,15,3,25,1
2,1,1740.0,15,3,25,1
2,1,1745.0,15,3,25,1
2,1,1750.0,16,3,25,1
2,1,1755.0,16,3,25,1
2,1,1760.0,16,3,25,1
2,1,1765.0,16,3,25,1
2,1,1770.0,16,3,25,1
2,1,1775.0,16,3,25,1
2,1,1780.0,16,3,25,1
2,1,1785.0,16,3,25,1
2,1,1790.0,17,3,25,1
2,1,1795.0,17,3,25,1
2,1,1800.0,17,3,25,1
2,1,1805.0,17,3,25,1
2,1,1810.0,17,3,25,1
2,1,1815.0,17,3,25,1
2,1,1820.0,18,3,25,1
2,1,1825.0,19,3,25,1
2,1,1830.0,19,3,25,1
2,1,1835.0,18,3,25,1
2,1,1840.0,17,3,25,1
2,1,1845.0,17,3,25,1
2,1,1850.0,18,3,25,1
2,1,1855.0,18,3,25,1
2,1,1860.0,19,3,25,1
2,1,1865.0,19,3,25,1
2,1,1870.0,19,3,25,1
2,1,1875.0,20,3,25,1
2,1,1880.0,20,3,25,1
2,1,1885.0,20,3,25,1
2,1,1890.0,21,3,25,1
2,1,1895.0,21,3,25,1
2,1,1900.0,21,3,25,1
2,1,1905.0,21,3,25,1
2,1,1910.0,22,3,25,1
2,1,1915.0,22,3,25,1
2,1,1920.0,22,3,25,1
2,1,1925.0,21,3,25,1
2,1,1930.0,21,3,25,1
2,1,1935.0,21,3,25,1
2,1,1940.0,21,3,25,1
2,1,1945.0,21,3,25,1
2,1,1950.0,21,3,25,1
2,1,1955.0,21,3,25,1
2,1,1960.0,20,3,25,1
2,1,1965.0,20,3,25,1
2,1,1970.0,21,3,25,1
2,1,1975.0,21,3,25,1
2,1,1980.0,21,3,25,1
2,1,1985.0,21,3,25,1
2,1,1990.0,21,3,25,1
2,1,1995.0,20,3,25,1
2,1,2000.0,20,3,25,1
2,1,2005.0,20,3,25,1
2,1,2010.0,20,3,25,1
2,1,2015.0,20,3,25,1
2,1,2020.0,20,3,25,1
2,1,2025.0,20,3,25,1
2,1,2030.0,20,3,25,1
2,1,2035.0,20,3,25,1
2,1,2040.0,21,3,25,1
2,1,2045.0,21,3,25,1
2,1,2050.0,21,3,25,1
2,1,2055.0,21,3,25,1
2,1,2060.0,21,3,25,1
2,1,2065.0,21,3,25,1
2,1,2070.0,21,3,25,1
2,1,2075.0,20,3,25,1
2,1,2080.0,18,3,25,1
2,1,2085.0,19,3,25,1
2,1,2090.0,19,3,25,1
2,1,2095.0,19,3,25,1
2,1,2100.0,19,3,25,1
2,1,2105.0,19,3,25,1
2,1,2110.0,19,3,25,1
2,1,2115.0,19,3,25,1
2,1,2120.0,19,3,25,1
2,1,2125.0,19,3,25,1
2,1,2130.0,19,3,25,1
2,1,2135.0,20,3,25,1
2,1,2140.0,20,3,25,1
2,1,2145.0,20,3,25,1
2,1,2150.0,20,3,25,1
2,1,2155.0,19,3,25,1
2,1,2160.0,19,3,25,1
2,1,2165.0,19,3,25,1
2,1,2170.0,19,3,25,1
2,1,2175.0,19,3,25,1
2,1,2180.0,20,3,25,1
2,1,2185.0,20,3,25,1
2,1,2190.0,20,3,25,1
2,1,2195.0,21,3,25,1
2,1,2200.0,21,3,25,1
2,1,2205.0,21,3,25,1
2,1,2210.0,21,3,25,1
2,1,2215.0,20,3,25,1
2,1,2220.0,20,3,25,1
2,1,2225.0,20,3,25,1
2,1,2230.0,20,3,25,1
2,1,2235.0,20,3,25,1
2,1,2240.0,20,3,25,1
2,1,2245.0,20,3,25,1
2,1,2250.0,20,3,25,1
2,1,2255.0,19,3,25,1
2,1,2260.0,19,3,25,1
2,1,2265.0,19,3,25,1
2,1,2270.0,17,3,25,1
2,1,2275.0,17,3,25,1
2,1,2280.0,17,3,25,1
2,1,2285.0,17,3,25,1
2,1,2290.0,17,3,25,1
2,1,2295.0,15,3,25,1
2,1,2300.0,15,3,25,1
2,1,2305.0,14,3,25,1
2,1,2310.0,16,3,25,1
2,1,2315.0,16,3,25,1
2,1,2320.0,17,3,25,1
2,1,2325.0,17,3,25,1
2,1,2330.0,16,3,25,1
2,1,2335.0,16,3,25,1
2,1,2340.0,17,3,25,1
2,1,2345.0,17,3,25,1
2,1,2350.0,16,3,25,1
2,1,2355.0,16,3,25,1
2,1,2360.0,16,3,25,1
2,1,2365.0,15,3,25,1
2,1,2370.0,15,3,25,1
2,1,2375.0,15,3,25,1
2,1,2380.0,15,3,25,1
2,1,2385.0,16,3,25,1
2,1,2390.0,16,3,25,1
2,1,2395.0,16,3,25,1
2,1,2400.0,16,3,25,1
2,1,2405.0,16,3,25,1
2,1,2410.0,16,3,25,1
2,1,2415.0,17,3,25,1
2,1,2420.0,17,3,25,1
2,1,2425.0,17,3,25,1
2,1,2430.0,16,3,25,1
2,1,2435.0,17,3,25,1
2,1,2440.0,16,3,25,1
2,1,2445.0,16,3,25,1
2,1,2450.0,16,3,25,1
2,1,2455.0,16,3,25,1
2,1,2460.0,16,3,25,1
2,1,2465.0,16,3,25,1
2,1,2470.0,16,3,25,1
2,1,2475.0,19,3,25,1
2,1,2480.0,19,3,25,1
2,1,2485.0,18,3,25,1
2,1,2490.0,18,3,25,1
2,1,2495.0,18,3,25,1
2,1,2500.0,18,3,25,1
2,1,2505.0,18,3,25,1
2,1,2510.0,17,3,25,1
2,1,2515.0,16,3,25,1
2,1,2520.0,16,3,25,1
2,1,2525.0,16,3,25,1
2,1,2530.0,16,3,25,1
2,1,2535.0,15,3,25,1
2,1,2540.0,15,3,25,1
2,1,2545.0,14,3,25,1
2,1,2550.0,15,3,25,1
2,1,2555.0,15,3,25,1
2,1,2560.0,15,3,25,1
2,1,2565.0,15,3,25,1
2,1,2570.0,15,3,25,1
2,1,2575.0,15,3,25,1
2,1,2580.0,15,3,25,1
2,1,2585.0,14,3,25,1
2,1,2590.0,13,3,25,1
2,1,2595.0,13,3,25,1
2,1,2600.0,13,3,25,1
2,1,2605.0,13,3,25,1
2,1,2610.0,13,3,25,1
2,1,2615.0,13,3,25,1
2,1,2620.0,13,3,25,1
2,1,2625.0,14,3,25,1
2,1,2630.0,14,3,25,1
2,1,2635.0,14,3,25,1
2,1,2640.0,14,3,25,1
2,1,2645.0,14,3,25,1
2,1,2650.0,14,3,25,1
2,1,2655.0,14,3,25,1
2,1,2660.0,14,3,25,1
2,1,2665.0,15,3,25,1
2,1,2670.0,15,3,25,1
2,1,2675.0,14,3,25,1
2,1,2680.0,14,3,25,1
2,1,2685.0,14,3,25,1
2,1,2690.0,14,3,25,1
2,1,2695.0,14,3,25,1
2,1,2700.0,14,3,25,1
2,1,2705.0,15,3,25,1
2,1,2710.0,16,3,25,1
2,1,2715.0,16,3,25,1
2,1,2720.0,15,3,25,1
2,1,2725.0,15,3,25,1
2,1,2730.0,15,3,25,1
2,1,2735.0,15,3,25,1
2,1,2740.0,16,3,25,1
2,1,2745.0,17,3,25,1
2,1,2750.0,17,3,25,1
2,1,2755.0,16,3,25,1
2,1,2760.0,16,3,25,1
2,1,2765.0,16,3,25,1
2,1,2770.0,16,3,25,1
2,1,2775.0,16,3,25,1
2,1,2780.0,16,3,25,1
2,1,2785.0,16,3,25,1
2,1,2790.0,16,3,25,1
2,1,2795.0,16,3,25,1
2,1,2800.0,16,3,25,1
2,1,2805.0,16,3,25,1
2,1,2810.0,16,3,25,1
2,1,2815.0,16,3,25,1
2,1,2820.0,16,3,25,1
2,1,2825.0,16,3,25,1
2,1,2830.0,15,3,25,1
2,1,2835.0,15,3,25,1
2,1,2840.0,14,3,25,1
2,1,2845.0,14,3,25,1
2,1,2850.0,15,3,25,1
2,1,2855.0,15,3,25,1
2,1,2860.0,15,3,25,1
2,1,2865.0,15,3,25,1
2,1,2870.0,15,3,25,1
2,1,2875.0,15,3,25,1
2,1,2880.0,16,3,25,1
2,1,2885.0,16,3,25,1
2,1,2890.0,16,3,25,1
2,1,2895.0,16,3,25,1
2,1,2900.0,16,3,25,1
2,1,2905.0,16,3,25,1
2,1,2910.0,16,3,25,1
2,1,2915.0,16,3,25,1
2,1,2920.0,16,3,25,1
2,1,2925.0,16,3,25,1
2,1,2930.0,16,3,25,1
2,1,2935.0,16,3,25,1
2,1,2940.0,16,3,25,1
2,1,2945.0,17,3,25,1
2,1,2950.0,17,3,25,1
2,1,2955.0,18,3,25,1
2,1,2960.0,18,3,25,1
2,1,2965.0,18,3,25,1
2,1,2970.0,18,3,25,1
2,1,2975.0,18,3,25,1
2,1,2980.0,17,3,25,1
2,1,2985.0,16,3,25,1
2,1,2990.0,16,3,25,1
2,1,2995.0,16,3,25,1
2,1,3000.0,17,3,25,1
2,1,3005.0,15,3,25,1
2,1,3010.0,15,3,25,1
2,1,3015.0,14,3,25,1
2,1,3020.0,14,3,25,1
2,1,3025.0,15,3,25,1
2,1,3030.0,14,3,25,1
2,1,3035.0,14,3,25,1
2,1,3040.0,15,3,25,1
2,1,3045.0,15,3,25,1
2,1,3050.0,15,3,25,1
2,1,3055.0,15,3,25,1
2,1,3060.0,15,3,25,1
2,1,3065.0,15,3,25,1
2,1,3070.0,15,3,25,1
2,1,3075.0,15,3,25,1
2,1,3080.0,15,3,25,1
2,1,3085.0,15,3,25,1
2,1,3090.0,15,3,25,1
2,1,3095.0,15,3,25,1
2,1,3100.0,15,3,25,1
2,1,3105.0,15,3,25,1
2,1,3110.0,14,3,25,1
2,1,3115.0,14,3,25,1
2,1,3120.0,15,3,25,1
2,1,3125.0,15,3,25,1
2,1,3130.0,15,3,25,1
2,1,3135.0,18,3,25,1
2,1,3140.0,18,3,25,1
2,1,3145.0,16,3,25,1
2,1,3150.0,16,3,25,1
2,1,3155.0,16,3,25,1
2,1,3160.0,16,3,25,1
2,1,3165.0,15,3,25,1
2,1,3170.0,15,3,25,1
2,1,3175.0,15,3,25,1
2,1,3180.0,15,3,25,1
2,1,3185.0,15,3,25,1
2,1,3190.0,15,3,25,1
2,1,3195.0,15,3,25,1
2,1,3200.0,15,3,25,1
2,1,3205.0,16,3,25,1
2,1,3210.0,16,3,25,1
2,1,3215.0,16,3,25,1
2,1,3220.0,16,3,25,1
2,1,3225.0,17,3,25,1
2,1,3230.0,18,3,25,1
2,1,3235.0,18,3,25,1
2,1,3240.0,18,3,25,1
2,1,3245.0,18,3,25,1
2,1,3250.0,18,3,25,1
2,1,3255.0,18,3,25,1
2,1,3260.0,18,3,25,1
2,1,3265.0,18,3,25,1
2,1,3270.0,18,3,25,1
2,1,3275.0,18,3,25,1
2,1,3280.0,18,3,25,1
2,1,3285.0,18,3,25,1
2,1,3290.0,17,3,25,1
2,1,3295.0,17,3,25,1
2,1,3300.0,17,3,25,1
2,1,3305.0,17,3,25,1
2,1,3310.0,16,3,25,1
2,1,3315.0,17,3,25,1
2,1,3320.0,17,3,25,1
2,1,3325.0,17,3,25,1
2,1,3330.0,17,3,25,1
2,1,3335.0,17,3,25,1
2,1,3340.0,18,3,25,1
2,1,3345.0,17,3,25,1
2,1,3350.0,17,3,25,1
2,1,3355.0,18,3,25,1
2,1,3360.0,18,3,25,1
2,1,3365.0,18,3,25,1
2,1,3370.0,18,3,25,1
2,1,3375.0,18,3,25,1
2,1,3380.0,18,3,25,1
2,1,3385.0,18,3,25,1
2,1,3390.0,18,3,25,1
2,1,3395.0,18,3,25,1
2,1,3400.0,18,3,25,1
2,1,3405.0,18,3,25,1
2,1,3410.0,18,3,25,1
2,1,3415.0,18,3,25,1
2,1,3420.0,19,3,25,1
2,1,3425.0,19,3,25,1
2,1,3430.0,19,3,25,1
2,1,3435.0,19,3,25,1
2,1,3440.0,20,3,25,1
2,1,3445.0,20,3,25,1
2,1,3450.0,19,3,25,1
2,1,3455.0,19,3,25,1
2,1,3460.0,19,3,25,1
2,1,3465.0,18,3,25,1
2,1,3470.0,18,3,25,1
2,1,3475.0,18,3,25,1
2,1,3480.0,17,3,25,1
2,1,3485.0,17,3,25,1
2,1,3490.0,17,3,25,1
2,1,3495.0,17,3,25,1
2,1,3500.0,17,3,25,1
2,1,3505.0,17,3,25,1
2,1,3510.0,17,3,25,1
2,1,3515.0,16,3,25,1
2,1,3520.0,16,3,25,1
2,1,3525.0,16,3,25,1
2,1,3530.0,16,3,25,1
2,1,3535.0,15,3,25,1
2,1,3540.0,15,3,25,1
2,1,3545.0,15,3,25,1
2,1,3550.0,15,3,25,1
2,1,3555.0,15,3,25,1
2,1,3560.0,15,3,25,1
2,1,3565.0,15,3,25,1
2,1,3570.0,15,3,25,1
2,1,3575.0,15,3,25,1
2,1,3580.0,16,3,25,1
2,1,3585.0,16,3,25,1
2,1,3590.0,16,3,25,1
2,1,3595.0,16,3,25,1
2,1,3600.0,16,3,25,1
2,1,3605.0,16,3,25,1
2,1,3610.0,16,3,25,1
2,1,3615.0,17,3,25,1
2,1,3620.0,17,3,25,1
2,1,3625.0,16,3,25,1
2,1,3630.0,16,3,25,1
2,1,3635.0,16,3,25,1
2,1,3640.0,16,3,25,1
2,1,3645.0,16,3,25,1
2,1,3650.0,17,3,25,1
2,1,3655.0,17,3,25,1
2,1,3660.0,17,3,25,1
2,1,3665.0,18,3,25,1
2,1,3670.0,18,3,25,1
2,1,3675.0,19,3,25,1
2,1,3680.0,19,3,25,1
2,1,3685.0,19,3,25,1
2,1,3690.0,19,3,25,1
2,1,3695.0,19,3,25,1
2,1,3700.0,19,3,25,1
2,1,3705.0,19,3,25,1
2,1,3710.0,20,3,25,1
2,1,3715.0,20,3,25,1
2,1,3720.0,20,3,25,1
2,1,3725.0,20,3,25,1
2,1,3730.0,20,3,25,1
2,1,3735.0,20,3,25,1
2,1,3740.0,19,3,25,1
2,1,3745.0,19,3,25,1
2,1,3750.0,19,3,25,1
2,1,3755.0,19,3,25,1
2,1,3760.0,19,3,25,1
2,1,3765.0,19,3,25,1
2,1,3770.0,19,3,25,1
2,1,3775.0,19,3,25,1
2,1,3780.0,20,3,25,1
2,1,3785.0,19,3,25,1
2,1,3790.0,20,3,25,1
2,1,3795.0,20,3,25,1
2,1,3800.0,21,3,25,1
2,1,3805.0,21,3,25,1
2,1,3810.0,21,3,25,1
2,1,3815.0,21,3,25,1
2,1,3820.0,21,3,25,1
2,1,3825.0,21,3,25,1
2,1,3830.0,21,3,25,1
2,1,3835.0,21,3,25,1
2,1,3840.0,21,3,25,1
2,1,3845.0,21,3,25,1
2,1,3850.0,21,3,25,1
2,1,3855.0,20,3,25,1
2,1,3860.0,20,3,25,1
2,1,3865.0,20,3,25,1
2,1,3870.0,20,3,25,1
2,1,3875.0,20,3,25,1
2,1,3880.0,21,3,25,1
2,1,3885.0,21,3,25,1
2,1,3890.0,22,3,25,1
2,1,3895.0,22,3,25,1
2,1,3900.0,22,3,25,1
2,1,3905.0,22,3,25,1
2,1,3910.0,22,3,25,1
2,1,3915.0,22,3,25,1
2,1,3920.0,24,3,25,1
2,1,3925.0,24,3,25,1
2,1,3930.0,23,3,25,1
2,1,3935.0,22,3,25,1
2,1,3940.0,22,3,25,1
2,1,3945.0,21,3,25,1
2,1,3950.0,21,3,25,1
2,1,3955.0,21,3,25,1
2,1,3960.0,22,3,25,1
2,1,3965.0,22,3,25,1
2,1,3970.0,22,3,25,1
2,1,3975.0,22,3,25,1
2,1,3980.0,22,3,25,1
2,1,3985.0,21,3,25,1
2,1,3990.0,21,3,25,1
2,1,3995.0,21,3,25,1
2,1,4000.0,21,3,25,1
2,1,4005.0,20,3,25,1
2,1,4010.0,20,3,25,1
2,1,4015.0,20,3,25,1
2,1,4020.0,20,3,25,1
2,1,4025.0,20,3,25,1
2,1,4030.0,19,3,25,1
2,1,4035.0,19,3,25,1
2,1,4040.0,19,3,25,1
2,1,4045.0,20,3,25,1
2,1,4050.0,20,3,25,1
2,1,4055.0,20,3,25,1
2,1,4060.0,20,3,25,1
2,1,4065.0,20,3,25,1
2,1,4070.0,19,3,25,1
2,1,4075.0,19,3,25,1
2,1,4080.0,19,3,25,1
2,1,4085.0,19,3,25,1
2,1,4090.0,19,3,25,1
2,1,4095.0,19,3,25,1
2,1,4100.0,19,3,25,1
2,1,4105.0,19,3,25,1
2,1,4110.0,19,3,25,1
2,1,4115.0,19,3,25,1
2,1,4120.0,19,3,25,1
2,1,4125.0,19,3,25,1
2,1,4130.0,19,3,25,1
2,1,4135.0,19,3,25,1
2,1,4140.0,19,3,25,1
2,1,4145.0,19,3,25,1
2,1,4150.0,19,3,25,1
2,1,4155.0,19,3,25,1
2,1,4160.0,20,3,25,1
2,1,4165.0,21,3,25,1
2,1,4170.0,21,3,25,1
2,1,4175.0,21,3,25,1
2,1,4180.0,20,3,25,1
2,1,4185.0,20,3,25,1
2,1,4190.0,20,3,25,1
2,1,4195.0,20,3,25,1
2,1,4200.0,20,3,25,1
2,1,4205.0,19,3,25,1
2,1,4210.0,19,3,25,1
2,1,4215.0,19,3,25,1
2,1,4220.0,19,3,25,1
2,1,4225.0,19,3,25,1
2,1,4230.0,19,3,25,1
2,1,4235.0,18,3,25,1
2,1,4240.0,18,3,25,1
2,1,4245.0,17,3,25,1
2,1,4250.0,17,3,25,1
2,1,4255.0,17,3,25,1
2,1,4260.0,17,3,25,1
2,1,4265.0,18,3,25,1
2,1,4270.0,18,3,25,1
2,1,4275.0,18,3,25,1
2,1,4280.0,18,3,25,1
2,1,4285.0,18,3,25,1
2,1,4290.0,18,3,25,1
2,1,4295.0,18,3,25,1
2,1,4300.0,18,3,25,1
2,1,4305.0,18,3,25,1
2,1,4310.0,18,3,25,1
2,1,4315.0,18,3,25,1
2,1,4320.0,18,3,25,1
2,1,4325.0,18,3,25,1
2,1,4330.0,17,3,25,1
2,1,4335.0,18,3,25,1
2,1,4340.0,19,3,25,1
2,1,4345.0,19,3,25,1
2,1,4350.0,19,3,25,1
2,1,4355.0,19,3,25,1
2,1,4360.0,19,3,25,1
2,1,4365.0,19,3,25,1
2,1,4370.0,19,3,25,1
2,1,4375.0,20,3,25,1
2,1,4380.0,20,3,25,1
2,1,4385.0,19,3,25,1
2,1,4390.0,19,3,25,1
2,1,4395.0,19,3,25,1
2,1,4400.0,19,3,25,1
2,1,4405.0,19,3,25,1
2,1,4410.0,19,3,25,1
2,1,4415.0,19,3,25,1
2,1,4420.0,19,3,25,1
2,1,4425.0,19,3,25,1
2,1,4430.0,19,3,25,1
2,1,4435.0,19,3,25,1
2,1,4440.0,20,3,25,1
2,1,4445.0,20,3,25,1
2,1,4450.0,20,3,25,1
2,1,4455.0,20,3,25,1
2,1,4460.0,20,3,25,1
2,1,4465.0,20,3,25,1
2,1,4470.0,20,3,25,1
2,1,4475.0,20,3,25,1
2,1,4480.0,20,3,25,1
2,1,4485.0,20,3,25,1
2,1,4490.0,20,3,25,1
2,1,4495.0,20,3,25,1
2,1,4500.0,19,3,25,1
2,1,4505.0,19,3,25,1
2,1,4510.0,17,3,25,1
2,1,4515.0,17,3,25,1
2,1,4520.0,17,3,25,1
2,1,4525.0,17,3,25,1
2,1,4530.0,17,3,25,1
2,1,4535.0,17,3,25,1
2,1,4540.0,16,3,25,1
2,1,4545.0,16,3,25,1
2,1,4550.0,16,3,25,1
2,1,4555.0,16,3,25,1
2,1,4560.0,16,3,25,1
2,1,4565.0,17,3,25,1
2,1,4570.0,17,3,25,1
2,1,4575.0,17,3,25,1
2,1,4580.0,17,3,25,1
2,1,4585.0,17,3,25,1
2,1,4590.0,17,3,25,1
2,1,4595.0,17,3,25,1
2,1,4600.0,18,3,25,1
2,1,4605.0,18,3,25,1
2,1,4610.0,18,3,25,1
2,1,4615.0,18,3,25,1
2,1,4620.0,18,3,25,1
2,1,4625.0,18,3,25,1
2,1,4630.0,18,3,25,1
2,1,4635.0,20,3,25,1
2,1,4640.0,20,3,25,1
2,1,4645.0,20,3,25,1
2,1,4650.0,20,3,25,1
2,1,4655.0,21,3,25,1
2,1,4660.0,21,3,25,1
2,1,4665.0,21,3,25,1
2,1,4670.0,21,3,25,1
2,1,4675.0,21,3,25,1
2,1,4680.0,20,3,25,1
2,1,4685.0,19,3,25,1
2,1,4690.0,20,3,25,1
2,1,4695.0,20,3,25,1
2,1,4700.0,20,3,25,1
2,1,4705.0,20,3,25,1
2,1,4710.0,21,3,25,1
2,1,4715.0,21,3,25,1
2,1,4720.0,21,3,25,1
2,1,4725.0,20,3,25,1
2,1,4730.0,21,3,25,1
2,1,4735.0,21,3,25,1
2,1,4740.0,21,3,25,1
2,1,4745.0,21,3,25,1
2,1,4750.0,21,3,25,1
2,1,4755.0,21,3,25,1
2,1,4760.0,21,3,25,1
2,1,4765.0,21,3,25,1
2,1,4770.0,21,3,25,1
2,1,4775.0,21,3,25,1
2,1,4780.0,21,3,25,1
2,1,4785.0,20,3,25,1
2,1,4790.0,19,3,25,1
2,1,4795.0,19,3,25,1
2,1,4800.0,19,3,25,1
2,1,4805.0,19,3,25,1
2,1,4810.0,18,3,25,1
2,1,4815.0,19,3,25,1
2,1,4820.0,19,3,25,1
2,1,4825.0,19,3,25,1
2,1,4830.0,19,3,25,1
2,1,4835.0,19,3,25,1
2,1,4840.0,19,3,25,1
2,1,4845.0,19,3,25,1
2,1,4850.0,18,3,25,1
2,1,4855.0,17,3,25,1
2,1,4860.0,16,3,25,1
2,1,4865.0,16,3,25,1
2,1,4870.0,16,3,25,1
2,1,4875.0,16,3,25,1
2,1,4880.0,16,3,25,1
2,1,4885.0,16,3,25,1
2,1,4890.0,16,3,25,1
2,1,4895.0,16,3,25,1
2,1,4900.0,16,3,25,1
2,1,4905.0,16,3,25,1
2,1,4910.0,17,3,25,1
2,1,4915.0,18,3,25,1
2,1,4920.0,18,3,25,1
2,1,4925.0,18,3,25,1
2,1,4930.0,18,3,25,1
2,1,4935.0,18,3,25,1
2,1,4940.0,18,3,25,1
2,1,4945.0,19,3,25,1
2,1,4950.0,19,3,25,1
2,1,4955.0,19,3,25,1
2,1,4960.0,20,3,25,1
2,1,4965.0,20,3,25,1
2,1,4970.0,20,3,25,1
2,1,4975.0,20,3,25,1
2,1,4980.0,20,3,25,1
2,1,4985.0,20,3,25,1
2,1,4990.0,20,3,25,1
2,1,4995.0,20,3,25,1
2,1,5000.0,22,3,25,1
2,1,5005.0,23,3,25,1
2,1,5010.0,22,3,25,1
2,1,5015.0,22,3,25,1
2,1,5020.0,22,3,25,1
2,1,5025.0,23,3,25,1
2,1,5030.0,23,3,25,1
2,1,5035.0,23,3,25,1
2,1,5040.0,23,3,25,1
2,1,5045.0,23,3,25,1
2,1,5050.0,23,3,25,1
2,1,5055.0,24,3,25,1
2,1,5060.0,24,3,25,1
2,1,5065.0,24,3,25,1
2,1,5070.0,24,3,25,1
2,1,5075.0,24,3,25,1
2,1,5080.0,24,3,25,1
2,1,5085.0,24,3,25,1
2,1,5090.0,22,3,25,1
2,1,5095.0,22,3,25,1
2,1,5100.0,22,3,25,1
2,1,5105.0,22,3,25,1
2,1,5110.0,21,3,25,1
2,1,5115.0,22,3,25,1
2,1,5120.0,22,3,25,1
2,1,5125.0,21,3,25,1
2,1,5130.0,21,3,25,1
2,1,5135.0,21,3,25,1
2,1,5140.0,21,3,25,1
2,1,5145.0,21,3,25,1
2,1,5150.0,21,3,25,1
2,1,5155.0,21,3,25,1
2,1,5160.0,20,3,25,1
2,1,5165.0,18,3,25,1
2,1,5170.0,18,3,25,1
2,1,5175.0,18,3,25,1
2,1,5180.0,17,3,25,1
2,1,5185.0,18,3,25,1
2,1,5190.0,18,3,25,1
2,1,5195.0,17,3,25,1
2,1,5200.0,17,3,25,1
2,1,5205.0,17,3,25,1
2,1,5210.0,18,3,25,1
2,1,5215.0,17,3,25,1
2,1,5220.0,17,3,25,1
2,1,5225.0,17,3,25,1
2,1,5230.0,17,3,25,1
2,1,5235.0,17,3,25,1
2,1,5240.0,17,3,25,1
2,1,5245.0,17,3,25,1
2,1,5250.0,17,3,25,1
2,1,5255.0,17,3,25,1
2,1,5260.0,16,3,25,1
2,1,5265.0,16,3,25,1
2,1,5270.0,16,3,25,1
2,1,5275.0,16,3,25,1
2,1,5280.0,16,3,25,1
2,1,5285.0,15,3,25,1
2,1,5290.0,17,3,25,1
2,1,5295.0,17,3,25,1
2,1,5300.0,17,3,25,1
2,1,5305.0,17,3,25,1
2,1,5310.0,17,3,25,1
2,1,5315.0,17,3,25,1
2,1,5320.0,17,3,25,1
2,1,5325.0,17,3,25,1
2,1,5330.0,17,3,25,1
2,1,5335.0,17,3,25,1
2,1,5340.0,17,3,25,1
2,1,5345.0,17,3,25,1
2,1,5350.0,17,3,25,1
2,1,5355.0,17,3,25,1
2,1,5360.0,17,3,25,1
2,1,5365.0,17,3,25,1
2,1,5370.0,17,3,25,1
2,1,5375.0,16,3,25,1
2,1,5380.0,16,3,25,1
2,1,5385.0,16,3,25,1
2,1,5390.0,16,3,25,1
2,1,5395.0,16,3,25,1
2,1,5400.0,17,3,25,1
2,1,5405.0,17,3,25,1
2,1,5410.0,18,3,25,1
2,1,5415.0,18,3,25,1
2,1,5420.0,18,3,25,1
2,1,5425.0,18,3,25,1
2,1,5430.0,18,3,25,1
2,1,5435.0,18,3,25,1
2,1,5440.0,18,3,25,1
2,1,5445.0,18,3,25,1
2,1,5450.0,18,3,25,1
2,1,5455.0,18,3,25,1
2,1,5460.0,17,3,25,1
2,1,5465.0,17,3,25,1
2,1,5470.0,18,3,25,1
2,1,5475.0,17,3,25,1
2,1,5480.0,17,3,25,1
2,1,5485.0,17,3,25,1
2,1,5490.0,17,3,25,1
2,1,5495.0,18,3,25,1
2,1,5500.0,18,3,25,1
2,1,5505.0,18,3,25,1
2,1,5510.0,17,3,25,1
2,1,5515.0,16,3,25,1
2,1,5520.0,16,3,25,1
2,1,5525.0,16,3,25,1
2,1,5530.0,16,3,25,1
2,1,5535.0,16,3,25,1
2,1,5540.0,17,3,25,1
2,1,5545.0,17,3,25,1
2,1,5550.0,16,3,25,1
2,1,5555.0,16,3,25,1
2,1,5560.0,17,3,25,1
2,1,5565.0,17,3,25,1
2,1,5570.0,17,3,25,1
2,1,5575.0,17,3,25,1
2,1,5580.0,17,3,25,1
2,1,5585.0,17,3,25,1
2,1,5590.0,17,3,25,1
2,1,5595.0,17,3,25,1
2,1,5600.0,16,3,25,1
2,1,5605.0,16,3,25,1
2,1,5610.0,16,3,25,1
2,1,5615.0,16,3,25,1
2,1,5620.0,16,3,25,1
2,1,5625.0,16,3,25,1
2,1,5630.0,16,3,25,1
2,1,5635.0,16,3,25,1
2,1,5640.0,17,3,25,1
2,1,5645.0,17,3,25,1
2,1,5650.0,17,3,25,1
2,1,5655.0,16,3,25,1
2,1,5660.0,16,3,25,1
2,1,5665.0,16,3,25,1
2,1,5670.0,17,3,25,1
2,1,5675.0,17,3,25,1
2,1,5680.0,17,3,25,1
2,1,5685.0,17,3,25,1
2,1,5690.0,16,3,25,1
2,1,5695.0,16,3,25,1
2,1,5700.0,16,3,25,1
2,1,5705.0,16,3,25,1
2,1,5710.0,16,3,25,1
2,1,5715.0,17,3,25,1
2,1,5720.0,17,3,25,1
2,1,5725.0,17,3,25,1
2,1,5730.0,17,3,25,1
2,1,5735.0,18,3,25,1
2,1,5740.0,18,3,25,1
2,1,5745.0,18,3,25,1
2,1,5750.0,20,3,25,1
2,1,5755.0,20,3,25,1
2,1,5760.0,20,3,25,1
2,1,5765.0,20,3,25,1
2,1,5770.0,20,3,25,1
2,1,5775.0,20,3,25,1
2,1,5780.0,19,3,25,1
2,1,5785.0,19,3,25,1
2,1,5790.0,19,3,25,1
2,1,5795.0,19,3,25,1
2,1,5800.0,18,3,25,1
2,1,5805.0,18,3,25,1
2,1,5810.0,18,3,25,1
2,1,5815.0,18,3,25,1
2,1,5820.0,18,3,25,1
2,1,5825.0,18,3,25,1
2,1,5830.0,18,3,25,1
2,1,5835.0,18,3,25,1
2,1,5840.0,18,3,25,1
2,1,5845.0,17,3,25,1
2,1,5850.0,17,3,25,1
2,1,5855.0,17,3,25,1
2,1,5860.0,16,3,25,1
2,1,5865.0,16,3,25,1
2,1,5870.0,16,3,25,1
2,1,5875.0,16,3,25,1
2,1,5880.0,16,3,25,1
2,1,5885.0,16,3,25,1
2,1,5890.0,15,3,25,1
2,1,5895.0,15,3,25,1
2,1,5900.0,15,3,25,1
2,1,5905.0,15,3,25,1
2,1,5910.0,15,3,25,1
2,1,5915.0,15,3,25,1
2,1,5920.0,16,3,25,1
2,1,5925.0,16,3,25,1
2,1,5930.0,16,3,25,1
2,1,5935.0,16,3,25,1
2,1,5940.0,16,3,25,1
2,1,5945.0,16,3,25,1
2,1,5950.0,16,3,25,1
2,1,5955.0,16,3,25,1
2,1,5960.0,16,3,25,1
2,1,5965.0,15,3,25,1
2,1,5970.0,16,3,25,1
2,1,5975.0,16,3,25,1
2,1,5980.0,16,3,25,1
2,1,5985.0,16,3,25,1
2,1,5990.0,16,3,25,1
2,1,5995.0,16,3,25,1
2,1,6000.0,17,3,25,1
2,1,6005.0,17,3,25,1
2,1,6010.0,17,3,25,1
2,1,6015.0,17,3,25,1
2,1,6020.0,18,3,25,1
2,1,6025.0,18,3,25,1
2,1,6030.0,18,3,25,1
2,1,6035.0,18,3,25,1
2,1,6040.0,18,3,25,1
2,1,6045.0,18,3,25,1
2,1,6050.0,17,3,25,1
2,1,6055.0,16,3,25,1
2,1,6060.0,17,3,25,1
2,1,6065.0,17,3,25,1
2,1,6070.0,18,3,25,1
2,1,6075.0,18,3,25,1
2,1,6080.0,18,3,25,1
2,1,6085.0,18,3,25,1
2,1,6090.0,18,3,25,1
2,1,6095.0,18,3,25,1
2,1,6100.0,18,3,25,1
2,1,6105.0,18,3,25,1
2,1,6110.0,18,3,25,1
2,1,6115.0,18,3,25,1
2,1,6120.0,19,3,25,1
2,1,6125.0,19,3,25,1
2,1,6130.0,19,3,25,1
2,1,6135.0,19,3,25,1
2,1,6140.0,19,3,25,1
2,1,6145.0,19,3,25,1
2,1,6150.0,19,3,25,1
2,1,6155.0,19,3,25,1
2,1,6160.0,19,3,25,1
2,1,6165.0,19,3,25,1
2,1,6170.0,19,3,25,1
2,1,6175.0,19,3,25,1
2,1,6180.0,19,3,25,1
2,1,6185.0,19,3,25,1
2,1,6190.0,19,3,25,1
2,1,6195.0,19,3,25,1
2,1,6200.0,19,3,25,1
2,1,6205.0,19,3,25,1
2,1,6210.0,19,3,25,1
2,1,6215.0,19,3,25,1
2,1,6220.0,18,3,25,1
2,1,6225.0,19,3,25,1
2,1,6230.0,19,3,25,1
2,1,6235.0,18,3,25,1
2,1,6240.0,18,3,25,1
2,1,6245.0,18,3,25,1
2,1,6250.0,18,3,25,1
2,1,6255.0,18,3,25,1
2,1,6260.0,18,3,25,1
2,1,6265.0,18,3,25,1
2,1,6270.0,18,3,25,1
2,1,6275.0,18,3,25,1
2,1,6280.0,19,3,25,1
2,1,6285.0,19,3,25,1
2,1,6290.0,20,3,25,1
2,1,6295.0,20,3,25,1
2,1,6300.0,19,3,25,1
2,1,6305.0,19,3,25,1
2,1,6310.0,19,3,25,1
2,1,6315.0,19,3,25,1
2,1,6320.0,19,3,25,1
2,1,6325.0,19,3,25,1
2,1,6330.0,19,3,25,1
2,1,6335.0,18,3,25,1
2,1,6340.0,18,3,25,1
2,1,6345.0,18,3,25,1
2,1,6350.0,18,3,25,1
2,1,6355.0,18,3,25,1
2,1,6360.0,18,3,25,1
2,1,6365.0,18,3,25,1
2,1,6370.0,18,3,25,1
2,1,6375.0,18,3,25,1
2,1,6380.0,19,3,25,1
2,1,6385.0,19,3,25,1
2,1,6390.0,20,3,25,1
2,1,6395.0,20,3,25,1
2,1,6400.0,20,3,25,1
2,1,6405.0,20,3,25,1
2,1,6410.0,20,3,25,1
2,1,6415.0,18,3,25,1
2,1,6420.0,18,3,25,1
2,1,6425.0,18,3,25,1
2,1,6430.0,17,3,25,1
2,1,6435.0,18,3,25,1
2,1,6440.0,18,3,25,1
2,1,6445.0,18,3,25,1
2,1,6450.0,18,3,25,1
2,1,6455.0,18,3,25,1
2,1,6460.0,19,3,25,1
2,1,6465.0,19,3,25,1
2,1,6470.0,19,3,25,1
2,1,6475.0,20,3,25,1
2,1,6480.0,19,3,25,1
2,1,6485.0,19,3,25,1
2,1,6490.0,19,3,25,1
2,1,6495.0,19,3,25,1
2,1,6500.0,19,3,25,1
2,1,6505.0,19,3,25,1
2,1,6510.0,19,3,25,1
2,1,6515.0,21,3,25,1
2,1,6520.0,21,3,25,1
2,1,6525.0,21,3,25,1
2,1,6530.0,21,3,25,1
2,1,6535.0,20,3,25,1
2,1,6540.0,19,3,25,1
2,1,6545.0,19,3,25,1
2,1,6550.0,19,3,25,1
2,1,6555.0,20,3,25,1
2,1,6560.0,20,3,25,1
2,1,6565.0,20,3,25,1
2,1,6570.0,19,3,25,1
2,1,6575.0,19,3,25,1
2,1,6580.0,19,3,25,1
2,1,6585.0,19,3,25,1
2,1,6590.0,19,3,25,1
2,1,6595.0,19,3,25,1
2,1,6600.0,19,3,25,1
2,1,6605.0,19,3,25,1
2,1,6610.0,19,3,25,1
2,1,6615.0,19,3,25,1
2,1,6620.0,19,3,25,1
2,1,6625.0,19,3,25,1
2,1,6630.0,19,3,25,1
2,1,6635.0,19,3,25,1
2,1,6640.0,18,3,25,1
2,1,6645.0,18,3,25,1
2,1,6650.0,17,3,25,1
2,1,6655.0,17,3,25,1
2,1,6660.0,17,3,25,1
2,1,6665.0,16,3,25,1
2,1,6670.0,16,3,25,1
2,1,6675.0,16,3,25,1
2,1,6680.0,16,3,25,1
2,1,6685.0,16,3,25,1
2,1,6690.0,16,3,25,1
2,1,6695.0,16,3,25,1
2,1,6700.0,16,3,25,1
2,1,6705.0,16,3,25,1
2,1,6710.0,16,3,25,1
2,1,6715.0,17,3,25,1
2,1,6720.0,17,3,25,1
2,1,6725.0,17,3,25,1
2,1,6730.0,17,3,25,1
2,1,6735.0,17,3,25,1
2,1,6740.0,17,3,25,1
2,1,6745.0,16,3,25,1
2,1,6750.0,16,3,25,1
2,1,6755.0,17,3,25,1
2,1,6760.0,17,3,25,1
2,1,6765.0,16,3,25,1
2,1,6770.0,16,3,25,1
2,1,6775.0,16,3,25,1
2,1,6780.0,16,3,25,1
2,1,6785.0,16,3,25,1
2,1,6790.0,16,3,25,1
2,1,6795.0,16,3,25,1
2,1,6800.0,17,3,25,1
2,1,6805.0,17,3,25,1
2,1,6810.0,17,3,25,1
2,1,6815.0,18,3,25,1
2,1,6820.0,18,3,25,1
2,1,6825.0,18,3,25,1
2,1,6830.0,18,3,25,1
2,1,6835.0,19,3,25,1
2,1,6840.0,20,3,25,1
2,1,6845.0,18,3,25,1
2,1,6850.0,18,3,25,1
2,1,6855.0,18,3,25,1
2,1,6860.0,18,3,25,1
2,1,6865.0,18,3,25,1
2,1,6870.0,17,3,25,1
2,1,6875.0,17,3,25,1
2,1,6880.0,17,3,25,1
2,1,6885.0,17,3,25,1
2,1,6890.0,17,3,25,1
2,1,6895.0,17,3,25,1
2,1,6900.0,17,3,25,1
2,1,6905.0,17,3,25,1
2,1,6910.0,18,3,25,1
2,1,6915.0,18,3,25,1
2,1,6920.0,18,3,25,1
2,1,6925.0,19,3,25,1
2,1,6930.0,19,3,25,1
2,1,6935.0,19,3,25,1
2,1,6940.0,19,3,25,1
2,1,6945.0,19,3,25,1
2,1,6950.0,19,3,25,1
2,1,6955.0,19,3,25,1
2,1,6960.0,19,3,25,1
2,1,6965.0,19,3,25,1
2,1,6970.0,19,3,25,1
2,1,6975.0,19,3,25,1
2,1,6980.0,19,3,25,1
2,1,6985.0,19,3,25,1
2,1,6990.0,19,3,25,1
2,1,6995.0,20,3,25,1
2,1,7000.0,20,3,25,1
2,1,7005.0,20,3,25,1
2,1,7010.0,20,3,25,1
2,1,7015.0,20,3,25,1
2,1,7020.0,20,3,25,1
2,1,7025.0,20,3,25,1
2,1,7030.0,20,3,25,1
2,1,7035.0,20,3,25,1
2,1,7040.0,21,3,25,1
2,1,7045.0,21,3,25,1
2,1,7050.0,21,3,25,1
2,1,7055.0,21,3,25,1
2,1,7060.0,21,3,25,1
2,1,7065.0,21,3,25,1
2,1,7070.0,21,3,25,1
2,1,7075.0,20,3,25,1
2,1,7080.0,20,3,25,1
2,1,7085.0,20,3,25,1
2,1,7090.0,20,3,25,1
2,1,7095.0,20,3,25,1
2,1,7100.0,20,3,25,1
2,1,7105.0,20,3,25,1
2,1,7110.0,20,3,25,1
2,1,7115.0,20,3,25,1
2,1,7120.0,20,3,25,1
2,1,7125.0,20,3,25,1
2,1,7130.0,20,3,25,1
2,1,7135.0,20,3,25,1
2,1,7140.0,21,3,25,1
2,1,7145.0,21,3,25,1
2,1,7150.0,21,3,25,1
2,1,7155.0,21,3,25,1
2,1,7160.0,21,3,25,1
2,1,7165.0,21,3,25,1
2,1,7170.0,20,3,25,1
2,1,7175.0,20,3,25,1
2,1,7180.0,19,3,25,1
2,1,7185.0,19,3,25,1
2,1,7190.0,19,3,25,1
2,1,7195.0,19,3,25,1
2,1,7200.0,19,3,25,1
2,1,7205.0,19,3,25,1
2,1,7210.0,18,3,25,1
2,1,7215.0,18,3,25,1
2,1,7220.0,18,3,25,1
2,1,7225.0,17,3,25,1
2,1,7230.0,17,3,25,1
2,1,7235.0,17,3,25,1
2,1,7240.0,17,3,25,1
2,1,7245.0,17,3,25,1
2,1,7250.0,17,3,25,1
2,1,7255.0,18,3,25,1
2,1,7260.0,19,3,25,1
2,1,7265.0,19,3,25,1
2,1,7270.0,19,3,25,1
2,1,7275.0,19,3,25,1
2,1,7280.0,20,3,25,1
2,1,7285.0,20,3,25,1
2,1,7290.0,20,3,25,1
2,1,7295.0,20,3,25,1
2,1,7300.0,21,3,25,1
2,1,7305.0,21,3,25,1
2,1,7310.0,19,3,25,1
2,1,7315.0,20,3,25,1
2,1,7320.0,20,3,25,1
2,1,7325.0,20,3,25,1
2,1,7330.0,21,3,25,1
2,1,7335.0,21,3,25,1
2,1,7340.0,21,3,25,1
2,1,7345.0,21,3,25,1
2,1,7350.0,21,3,25,1
2,1,7355.0,21,3,25,1
2,1,7360.0,21,3,25,1
2,1,7365.0,21,3,25,1
2,1,7370.0,21,3,25,1
2,1,7375.0,21,3,25,1
2,1,7380.0,21,3,25,1
2,1,7385.0,21,3,25,1
2,1,7390.0,21,3,25,1
2,1,7395.0,21,3,25,1
2,1,7400.0,22,3,25,1
2,1,7405.0,22,3,25,1
2,1,7410.0,21,3,25,1
2,1,7415.0,21,3,25,1
2,1,7420.0,21,3,25,1
2,1,7425.0,21,3,25,1
2,1,7430.0,21,3,25,1
2,1,7435.0,21,3,25,1
2,1,7440.0,21,3,25,1
2,1,7445.0,21,3,25,1
2,1,7450.0,21,3,25,1
2,1,7455.0,21,3,25,1
2,1,7460.0,20,3,25,1
2,1,7465.0,20,3,25,1
2,1,7470.0,19,3,25,1
2,1,7475.0,19,3,25,1
2,1,7480.0,19,3,25,1
2,1,7485.0,19,3,25,1
2,1,7490.0,20,3,25,1
2,1,7495.0,20,3,25,1
2,1,7500.0,20,3,25,1
2,1,7505.0,21,3,25,1
2,1,7510.0,21,3,25,1
2,1,7515.0,20,3,25,1
2,1,7520.0,20,3,25,1
2,1,7525.0,20,3,25,1
2,1,7530.0,20,3,25,1
2,1,7535.0,21,3,25,1
2,1,7540.0,21,3,25,1
2,1,7545.0,21,3,25,1
2,1,7550.0,21,3,25,1
2,1,7555.0,21,3,25,1
3,2,5.0,25,5,25,1
3,2,10.0,25,5,25,1
3,2,15.0,24,5,25,1
3,2,20.0,22,5,25,1
3,2,25.0,22,5,25,1
3,2,30.0,22,5,25,1
3,2,35.0,22,5,25,1
3,2,40.0,22,5,25,1
3,2,45.0,22,5,25,1
3,2,50.0,21,5,25,1
3,2,55.0,21,5,25,1
3,2,60.0,21,5,25,1
3,2,65.0,20,5,25,1
3,2,70.0,21,5,25,1
3,2,75.0,21,5,25,1
3,2,80.0,21,5,25,1
3,2,85.0,20,5,25,1
3,2,90.0,20,5,25,1
3,2,95.0,20,5,25,1
3,2,100.0,20,5,25,1
3,2,105.0,21,5,25,1
3,2,110.0,21,5,25,1
3,2,115.0,20,5,25,1
3,2,120.0,19,5,25,1
3,2,125.0,19,5,25,1
3,2,130.0,19,5,25,1
3,2,135.0,19,5,25,1
3,2,140.0,18,5,25,1
3,2,145.0,18,5,25,1
3,2,150.0,18,5,25,1
3,2,155.0,18,5,25,1
3,2,160.0,19,5,25,1
3,2,165.0,20,5,25,1
3,2,170.0,20,5,25,1
3,2,175.0,20,5,25,1
3,2,180.0,20,5,25,1
3,2,185.0,20,5,25,1
3,2,190.0,20,5,25,1
3,2,195.0,20,5,25,1
3,2,200.0,19,5,25,1
3,2,205.0,19,5,25,1
3,2,210.0,19,5,25,1
3,2,215.0,19,5,25,1
3,2,220.0,18,5,25,1
3,2,225.0,18,5,25,1
3,2,230.0,18,5,25,1
3,2,235.0,17,5,25,1
3,2,240.0,17,5,25,1
3,2,245.0,17,5,25,1
3,2,250.0,16,5,25,1
3,2,255.0,15,5,25,1
3,2,260.0,15,5,25,1
3,2,265.0,15,5,25,1
3,2,270.0,15,5,25,1
3,2,275.0,15,5,25,1
3,2,280.0,15,5,25,1
3,2,285.0,15,5,25,1
3,2,290.0,16,5,25,1
3,2,295.0,16,5,25,1
3,2,300.0,17,5,25,1
3,2,305.0,16,5,25,1
3,2,310.0,17,5,25,1
3,2,315.0,17,5,25,1
3,2,320.0,17,5,25,1
3,2,325.0,18,5,25,1
3,2,330.0,18,5,25,1
3,2,335.0,18,5,25,1
3,2,340.0,18,5,25,1
3,2,345.0,17,5,25,1
3,2,350.0,17,5,25,1
3,2,355.0,17,5,25,1
3,2,360.0,17,5,25,1
3,2,365.0,17,5,25,1
3,2,370.0,15,5,25,1
3,2,375.0,15,5,25,1
3,2,380.0,15,5,25,1
3,2,385.0,15,5,25,1
3,2,390.0,15,5,25,1
3,2,395.0,15,5,25,1
3,2,400.0,15,5,25,1
3,2,405.0,15,5,25,1
3,2,410.0,15,5,25,1
3,2,415.0,15,5,25,1
3,2,420.0,16,5,25,1
3,2,425.0,14,5,25,1
3,2,430.0,14,5,25,1
3,2,435.0,14,5,25,1
3,2,440.0,14,5,25,1
3,2,445.0,13,5,25,1
3,2,450.0,14,5,25,1
3,2,455.0,14,5,25,1
3,2,460.0,14,5,25,1
3,2,465.0,14,5,25,1
3,2,470.0,15,5,25,1
3,2,475.0,16,5,25,1
3,2,480.0,16,5,25,1
3,2,485.0,16,5,25,1
3,2,490.0,16,5,25,1
3,2,495.0,16,5,25,1
3,2,500.0,15,5,25,1
3,2,505.0,15,5,25,1
3,2,510.0,15,5,25,1
3,2,515.0,15,5,25,1
3,2,520.0,15,5,25,1
3,2,525.0,14,5,25,1
3,2,530.0,14,5,25,1
3,2,535.0,14,5,25,1
3,2,540.0,14,5,25,1
3,2,545.0,14,5,25,1
3,2,550.0,15,5,25,1
3,2,555.0,14,5,25,1
3,2,560.0,15,5,25,1
3,2,565.0,16,5,25,1
3,2,570.0,18,5,25,1
3,2,575.0,18,5,25,1
3,2,580.0,18,5,25,1
3,2,585.0,18,5,25,1
3,2,590.0,18,5,25,1
3,2,595.0,19,5,25,1
3,2,600.0,21,5,25,1
3,2,605.0,21,5,25,1
3,2,610.0,21,5,25,1
3,2,615.0,21,5,25,1
3,2,620.0,21,5,25,1
3,2,625.0,21,5,25,1
3,2,630.0,19,5,25,1
3,2,635.0,19,5,25,1
3,2,640.0,18,5,25,1
3,2,645.0,18,5,25,1
3,2,650.0,18,5,25,1
3,2,655.0,18,5,25,1
3,2,660.0,18,5,25,1
3,2,665.0,17,5,25,1
3,2,670.0,16,5,25,1
3,2,675.0,15,5,25,1
3,2,680.0,14,5,25,1
3,2,685.0,14,5,25,1
3,2,690.0,14,5,25,1
3,2,695.0,14,5,25,1
3,2,700.0,14,5,25,1
3,2,705.0,14,5,25,1
3,2,710.0,14,5,25,1
3,2,715.0,14,5,25,1
3,2,720.0,13,5,25,1
3,2,725.0,12,5,25,1
3,2,730.0,12,5,25,1
3,2,735.0,14,5,25,1
3,2,740.0,14,5,25,1
3,2,745.0,14,5,25,1
3,2,750.0,15,5,25,1
3,2,755.0,15,5,25,1
3,2,760.0,15,5,25,1
3,2,765.0,15,5,25,1
3,2,770.0,15,5,25,1
3,2,775.0,14,5,25,1
3,2,780.0,14,5,25,1
3,2,785.0,14,5,25,1
3,2,790.0,14,5,25,1
3,2,795.0,17,5,25,1
3,2,800.0,17,5,25,1
3,2,805.0,17,5,25,1
3,2,810.0,17,5,25,1
3,2,815.0,17,5,25,1
3,2,820.0,17,5,25,1
3,2,825.0,17,5,25,1
3,2,830.0,17,5,25,1
3,2,835.0,17,5,25,1
3,2,840.0,16,5,25,1
3,2,845.0,16,5,25,1
3,2,850.0,16,5,25,1
3,2,855.0,16,5,25,1
3,2,860.0,16,5,25,1
3,2,865.0,15,5,25,1
3,2,870.0,15,5,25,1
3,2,875.0,15,5,25,1
3,2,880.0,15,5,25,1
3,2,885.0,15,5,25,1
3,2,890.0,14,5,25,1
3,2,895.0,14,5,25,1
3,2,900.0,14,5,25,1
3,2,905.0,14,5,25,1
3,2,910.0,14,5,25,1
3,2,915.0,14,5,25,1
3,2,920.0,14,5,25,1
3,2,925.0,14,5,25,1
3,2,930.0,13,5,25,1
3,2,935.0,12,5,25,1
3,2,940.0,12,5,25,1
3,2,945.0,12,5,25,1
3,2,950.0,12,5,25,1
3,2,955.0,11,5,25,1
3,2,960.0,11,5,25,1
3,2,965.0,11,5,25,1
3,2,970.0,11,5,25,1
3,2,975.0,12,5,25,1
3,2,980.0,11,5,25,1
3,2,985.0,10,5,25,1
3,2,990.0,9,5,25,1
3,2,995.0,9,5,25,1
3,2,1000.0,8,5,25,1
3,2,1005.0,8,5,25,1
3,2,1010.0,8,5,25,1
3,2,1015.0,9,5,25,1
3,2,1020.0,10,5,25,1
3,2,1025.0,10,5,25,1
3,2,1030.0,11,5,25,1
3,2,1035.0,11,5,25,1
3,2,1040.0,11,5,25,1
3,2,1045.0,11,5,25,1
3,2,1050.0,11,5,25,1
3,2,1055.0,11,5,25,1
3,2,1060.0,12,5,25,1
3,2,1065.0,12,5,25,1
3,2,1070.0,13,5,25,1
3,2,1075.0,13,5,25,1
3,2,1080.0,13,5,25,1
3,2,1085.0,13,5,25,1
3,2,1090.0,13,5,25,1
3,2,1095.0,13,5,25,1
3,2,1100.0,13,5,25,1
3,2,1105.0,13,5,25,1
3,2,1110.0,13,5,25,1
3,2,1115.0,12,5,25,1
3,2,1120.0,12,5,25,1
3,2,1125.0,12,5,25,1
3,2,1130.0,13,5,25,1
3,2,1135.0,13,5,25,1
3,2,1140.0,13,5,25,1
3,2,1145.0,13,5,25,1
3,2,1150.0,14,5,25,1
3,2,1155.0,14,5,25,1
3,2,1160.0,14,5,25,1
3,2,1165.0,14,5,25,1
3,2,1170.0,15,5,25,1
3,2,1175.0,15,5,25,1
3,2,1180.0,15,5,25,1
3,2,1185.0,15,5,25,1
3,2,1190.0,16,5,25,1
3,2,1195.0,15,5,25,1
3,2,1200.0,16,5,25,1
3,2,1205.0,16,5,25,1
3,2,1210.0,15,5,25,1
3,2,1215.0,15,5,25,1
3,2,1220.0,14,5,25,1
3,2,1225.0,15,5,25,1
3,2,1230.0,15,5,25,1
3,2,1235.0,15,5,25,1
3,2,1240.0,14,5,25,1
3,2,1245.0,16,5,25,1
3,2,1250.0,16,5,25,1
3,2,1255.0,16,5,25,1
3,2,1260.0,16,5,25,1
3,2,1265.0,17,5,25,1
3,2,1270.0,17,5,25,1
3,2,1275.0,17,5,25,1
3,2,1280.0,17,5,25,1
3,2,1285.0,17,5,25,1
3,2,1290.0,17,5,25,1
3,2,1295.0,17,5,25,1
3,2,1300.0,16,5,25,1
3,2,1305.0,16,5,25,1
3,2,1310.0,16,5,25,1
3,2,1315.0,16,5,25,1
3,2,1320.0,16,5,25,1
3,2,1325.0,16,5,25,1
3,2,1330.0,17,5,25,1
3,2,1335.0,17,5,25,1
3,2,1340.0,18,5,25,1
3,2,1345.0,18,5,25,1
3,2,1350.0,18,5,25,1
3,2,1355.0,18,5,25,1
3,2,1360.0,18,5,25,1
3,2,1365.0,18,5,25,1
3,2,1370.0,18,5,25,1
3,2,1375.0,18,5,25,1
3,2,1380.0,18,5,25,1
3,2,1385.0,17,5,25,1
3,2,1390.0,17,5,25,1
3,2,1395.0,18,5,25,1
3,2,1400.0,18,5,25,1
3,2,1405.0,18,5,25,1
3,2,1410.0,18,5,25,1
3,2,1415.0,18,5,25,1
3,2,1420.0,18,5,25,1
3,2,1425.0,18,5,25,1
3,2,1430.0,17,5,25,1
3,2,1435.0,17,5,25,1
3,2,1440.0,19,5,25,1
3,2,1445.0,18,5,25,1
3,2,1450.0,18,5,25,1
3,2,1455.0,18,5,25,1
3,2,1460.0,18,5,25,1
3,2,1465.0,18,5,25,1
3,2,1470.0,18,5,25,1
3,2,1475.0,18,5,25,1
3,2,1480.0,18,5,25,1
3,2,1485.0,18,5,25,1
3,2,1490.0,18,5,25,1
3,2,1495.0,18,5,25,1
3,2,1500.0,17,5,25,1
3,2,1505.0,17,5,25,1
3,2,1510.0,17,5,25,1
3,2,1515.0,17,5,25,1
3,2,1520.0,15,5,25,1
3,2,1525.0,15,5,25,1
3,2,1530.0,14,5,25,1
3,2,1535.0,13,5,25,1
3,2,1540.0,14,5,25,1
3,2,1545.0,15,5,25,1
3,2,1550.0,15,5,25,1
3,2,1555.0,15,5,25,1
3,2,1560.0,15,5,25,1
3,2,1565.0,15,5,25,1
3,2,1570.0,14,5,25,1
3,2,1575.0,14,5,25,1
3,2,1580.0,17,5,25,1
3,2,1585.0,17,5,25,1
3,2,1590.0,17,5,25,1
3,2,1595.0,16,5,25,1
3,2,1600.0,16,5,25,1
3,2,1605.0,18,5,25,1
3,2,1610.0,17,5,25,1
3,2,1615.0,17,5,25,1
3,2,1620.0,17,5,25,1
3,2,1625.0,17,5,25,1
3,2,1630.0,17,5,25,1
3,2,1635.0,17,5,25,1
3,2,1640.0,17,5,25,1
3,2,1645.0,17,5,25,1
3,2,1650.0,17,5,25,1
3,2,1655.0,17,5,25,1
3,2,1660.0,17,5,25,1
3,2,1665.0,17,5,25,1
3,2,1670.0,17,5,25,1
3,2,1675.0,16,5,25,1
3,2,1680.0,16,5,25,1
3,2,1685.0,17,5,25,1
3,2,1690.0,17,5,25,1
3,2,1695.0,17,5,25,1
3,2,1700.0,17,5,25,1
3,2,1705.0,18,5,25,1
3,2,1710.0,18,5,25,1
3,2,1715.0,19,5,25,1
3,2,1720.0,19,5,25,1
3,2,1725.0,17,5,25,1
3,2,1730.0,17,5,25,1
3,2,1735.0,16,5,25,1
3,2,1740.0,16,5,25,1
3,2,1745.0,16,5,25,1
3,2,1750.0,16,5,25,1
3,2,1755.0,18,5,25,1
3,2,1760.0,18,5,25,1
3,2,1765.0,18,5,25,1
3,2,1770.0,18,5,25,1
3,2,1775.0,18,5,25,1
3,2,1780.0,18,5,25,1
3,2,1785.0,18,5,25,1
3,2,1790.0,18,5,25,1
3,2,1795.0,18,5,25,1
3,2,1800.0,19,5,25,1
3,2,1805.0,19,5,25,1
3,2,1810.0,18,5,25,1
3,2,1815.0,18,5,25,1
3,2,1820.0,18,5,25,1
3,2,1825.0,19,5,25,1
3,2,1830.0,19,5,25,1
3,2,1835.0,18,5,25,1
3,2,1840.0,18,5,25,1
3,2,1845.0,17,5,25,1
3,2,1850.0,17,5,25,1
3,2,1855.0,17,5,25,1
3,2,1860.0,17,5,25,1
3,2,1865.0,17,5,25,1
3,2,1870.0,16,5,25,1
3,2,1875.0,16,5,25,1
3,2,1880.0,16,5,25,1
3,2,1885.0,16,5,25,1
3,2,1890.0,17,5,25,1
3,2,1895.0,17,5,25,1
3,2,1900.0,17,5,25,1
3,2,1905.0,16,5,25,1
3,2,1910.0,16,5,25,1
3,2,1915.0,16,5,25,1
3,2,1920.0,16,5,25,1
3,2,1925.0,17,5,25,1
3,2,1930.0,17,5,25,1
3,2,1935.0,17,5,25,1
3,2,1940.0,16,5,25,1
3,2,1945.0,16,5,25,1
3,2,1950.0,16,5,25,1
3,2,1955.0,16,5,25,1
3,2,1960.0,16,5,25,1
3,2,1965.0,16,5,25,1
3,2,1970.0,16,5,25,1
3,2,1975.0,17,5,25,1
3,2,1980.0,17,5,25,1
3,2,1985.0,17,5,25,1
3,2,1990.0,17,5,25,1
3,2,1995.0,17,5,25,1
3,2,2000.0,17,5,25,1
3,2,2005.0,17,5,25,1
3,2,2010.0,17,5,25,1
3,2,2015.0,17,5,25,1
3,2,2020.0,17,5,25,1
3,2,2025.0,17,5,25,1
3,2,2030.0,17,5,25,1
3,2,2035.0,17,5,25,1
3,2,2040.0,17,5,25,1
3,2,2045.0,17,5,25,1
3,2,2050.0,18,5,25,1
3,2,2055.0,17,5,25,1
3,2,2060.0,18,5,25,1
3,2,2065.0,18,5,25,1
3,2,2070.0,18,5,25,1
3,2,2075.0,17,5,25,1
3,2,2080.0,17,5,25,1
3,2,2085.0,16,5,25,1
3,2,2090.0,16,5,25,1
3,2,2095.0,15,5,25,1
3,2,2100.0,15,5,25,1
3,2,2105.0,15,5,25,1
3,2,2110.0,15,5,25,1
3,2,2115.0,15,5,25,1
3,2,2120.0,15,5,25,1
3,2,2125.0,14,5,25,1
3,2,2130.0,14,5,25,1
3,2,2135.0,15,5,25,1
3,2,2140.0,14,5,25,1
3,2,2145.0,14,5,25,1
3,2,2150.0,14,5,25,1
3,2,2155.0,14,5,25,1
3,2,2160.0,15,5,25,1
3,2,2165.0,15,5,25,1
3,2,2170.0,16,5,25,1
3,2,2175.0,16,5,25,1
3,2,2180.0,16,5,25,1
3,2,2185.0,16,5,25,1
3,2,2190.0,16,5,25,1
3,2,2195.0,16,5,25,1
3,2,2200.0,16,5,25,1
3,2,2205.0,16,5,25,1
3,2,2210.0,16,5,25,1
3,2,2215.0,16,5,25,1
3,2,2220.0,16,5,25,1
3,2,2225.0,16,5,25,1
3,2,2230.0,17,5,25,1
3,2,2235.0,18,5,25,1
3,2,2240.0,18,5,25,1
3,2,2245.0,19,5,25,1
3,2,2250.0,19,5,25,1
3,2,2255.0,19,5,25,1
3,2,2260.0,21,5,25,1
3,2,2265.0,21,5,25,1
3,2,2270.0,20,5,25,1
3,2,2275.0,19,5,25,1
3,2,2280.0,19,5,25,1
3,2,2285.0,18,5,25,1
3,2,2290.0,18,5,25,1
3,2,2295.0,18,5,25,1
3,2,2300.0,18,5,25,1
3,2,2305.0,19,5,25,1
3,2,2310.0,18,5,25,1
3,2,2315.0,18,5,25,1
3,2,2320.0,18,5,25,1
3,2,2325.0,17,5,25,1
3,2,2330.0,17,5,25,1
3,2,2335.0,17,5,25,1
3,2,2340.0,17,5,25,1
3,2,2345.0,16,5,25,1
3,2,2350.0,16,5,25,1
3,2,2355.0,16,5,25,1
3,2,2360.0,16,5,25,1
3,2,2365.0,16,5,25,1
3,2,2370.0,16,5,25,1
3,2,2375.0,16,5,25,1
3,2,2380.0,15,5,25,1
3,2,2385.0,15,5,25,1
3,2,2390.0,15,5,25,1
3,2,2395.0,15,5,25,1
3,2,2400.0,16,5,25,1
3,2,2405.0,16,5,25,1
3,2,2410.0,15,5,25,1
3,2,2415.0,15,5,25,1
3,2,2420.0,15,5,25,1
3,2,2425.0,14,5,25,1
3,2,2430.0,14,5,25,1
3,2,2435.0,14,5,25,1
3,2,2440.0,14,5,25,1
3,2,2445.0,14,5,25,1
3,2,2450.0,14,5,25,1
3,2,2455.0,14,5,25,1
3,2,2460.0,15,5,25,1
3,2,2465.0,14,5,25,1
3,2,2470.0,15,5,25,1
3,2,2475.0,15,5,25,1
3,2,2480.0,15,5,25,1
3,2,2485.0,15,5,25,1
3,2,2490.0,15,5,25,1
3,2,2495.0,14,5,25,1
3,2,2500.0,14,5,25,1
3,2,2505.0,14,5,25,1
3,2,2510.0,14,5,25,1
3,2,2515.0,14,5,25,1
3,2,2520.0,14,5,25,1
3,2,2525.0,14,5,25,1
3,2,2530.0,14,5,25,1
3,2,2535.0,16,5,25,1
3,2,2540.0,16,5,25,1
3,2,2545.0,15,5,25,1
3,2,2550.0,15,5,25,1
3,2,2555.0,15,5,25,1
3,2,2560.0,15,5,25,1
3,2,2565.0,15,5,25,1
3,2,2570.0,15,5,25,1
3,2,2575.0,15,5,25,1
3,2,2580.0,14,5,25,1
3,2,2585.0,15,5,25,1
3,2,2590.0,15,5,25,1
3,2,2595.0,15,5,25,1
3,2,2600.0,15,5,25,1
3,2,2605.0,15,5,25,1
3,2,2610.0,14,5,25,1
3,2,2615.0,13,5,25,1
3,2,2620.0,13,5,25,1
3,2,2625.0,13,5,25,1
3,2,2630.0,13,5,25,1
3,2,2635.0,13,5,25,1
3,2,2640.0,13,5,25,1
3,2,2645.0,13,5,25,1
3,2,2650.0,13,5,25,1
3,2,2655.0,13,5,25,1
3,2,2660.0,13,5,25,1
3,2,2665.0,14,5,25,1
3,2,2670.0,14,5,25,1
3,2,2675.0,15,5,25,1
3,2,2680.0,15,5,25,1
3,2,2685.0,14,5,25,1
3,2,2690.0,14,5,25,1
3,2,2695.0,13,5,25,1
3,2,2700.0,13,5,25,1
3,2,2705.0,13,5,25,1
3,2,2710.0,13,5,25,1
3,2,2715.0,14,5,25,1
3,2,2720.0,14,5,25,1
3,2,2725.0,15,5,25,1
3,2,2730.0,15,5,25,1
3,2,2735.0,15,5,25,1
3,2,2740.0,15,5,25,1
3,2,2745.0,16,5,25,1
3,2,2750.0,16,5,25,1
3,2,2755.0,14,5,25,1
3,2,2760.0,14,5,25,1
3,2,2765.0,15,5,25,1
3,2,2770.0,15,5,25,1
3,2,2775.0,15,5,25,1
3,2,2780.0,14,5,25,1
3,2,2785.0,14,5,25,1
3,2,2790.0,13,5,25,1
3,2,2795.0,13,5,25,1
3,2,2800.0,13,5,25,1
3,2,2805.0,13,5,25,1
3,2,2810.0,12,5,25,1
3,2,2815.0,11,5,25,1
3,2,2820.0,12,5,25,1
3,2,2825.0,12,5,25,1
3,2,2830.0,13,5,25,1
3,2,2835.0,13,5,25,1
3,2,2840.0,13,5,25,1
3,2,2845.0,13,5,25,1
3,2,2850.0,13,5,25,1
3,2,2855.0,14,5,25,1
3,2,2860.0,14,5,25,1
3,2,2865.0,15,5,25,1
3,2,2870.0,14,5,25,1
3,2,2875.0,14,5,25,1
3,2,2880.0,15,5,25,1
3,2,2885.0,14,5,25,1
3,2,2890.0,13,5,25,1
3,2,2895.0,13,5,25,1
3,2,2900.0,13,5,25,1
3,2,2905.0,13,5,25,1
3,2,2910.0,13,5,25,1
3,2,2915.0,13,5,25,1
3,2,2920.0,14,5,25,1
3,2,2925.0,14,5,25,1
3,2,2930.0,15,5,25,1
3,2,2935.0,15,5,25,1
3,2,2940.0,15,5,25,1
3,2,2945.0,17,5,25,1
3,2,2950.0,17,5,25,1
3,2,2955.0,18,5,25,1
3,2,2960.0,17,5,25,1
3,2,2965.0,17,5,25,1
3,2,2970.0,15,5,25,1
3,2,2975.0,15,5,25,1
3,2,2980.0,15,5,25,1
3,2,2985.0,15,5,25,1
3,2,2990.0,14,5,25,1
3,2,2995.0,14,5,25,1
3,2,3000.0,14,5,25,1
3,2,3005.0,14,5,25,1
3,2,3010.0,15,5,25,1
3,2,3015.0,15,5,25,1
3,2,3020.0,15,5,25,1
3,2,3025.0,15,5,25,1
3,2,3030.0,15,5,25,1
3,2,3035.0,14,5,25,1
3,2,3040.0,14,5,25,1
3,2,3045.0,14,5,25,1
3,2,3050.0,14,5,25,1
3,2,3055.0,15,5,25,1
3,2,3060.0,15,5,25,1
3,2,3065.0,16,5,25,1
3,2,3070.0,16,5,25,1
3,2,3075.0,16,5,25,1
3,2,3080.0,16,5,25,1
3,2,3085.0,16,5,25,1
3,2,3090.0,16,5,25,1
3,2,3095.0,18,5,25,1
3,2,3100.0,16,5,25,1
3,2,3105.0,15,5,25,1
3,2,3110.0,15,5,25,1
3,2,3115.0,16,5,25,1
3,2,3120.0,16,5,25,1
3,2,3125.0,16,5,25,1
3,2,3130.0,16,5,25,1
3,2,3135.0,16,5,25,1
3,2,3140.0,17,5,25,1
3,2,3145.0,17,5,25,1
3,2,3150.0,17,5,25,1
3,2,3155.0,17,5,25,1
3,2,3160.0,16,5,25,1
3,2,3165.0,16,5,25,1
3,2,3170.0,16,5,25,1
3,2,3175.0,15,5,25,1
3,2,3180.0,15,5,25,1
3,2,3185.0,15,5,25,1
3,2,3190.0,15,5,25,1
3,2,3195.0,14,5,25,1
3,2,3200.0,15,5,25,1
3,2,3205.0,16,5,25,1
3,2,3210.0,15,5,25,1
3,2,3215.0,15,5,25,1
3,2,3220.0,14,5,25,1
3,2,3225.0,15,5,25,1
3,2,3230.0,15,5,25,1
3,2,3235.0,15,5,25,1
3,2,3240.0,15,5,25,1
3,2,3245.0,15,5,25,1
3,2,3250.0,15,5,25,1
3,2,3255.0,15,5,25,1
3,2,3260.0,15,5,25,1
3,2,3265.0,14,5,25,1
3,2,3270.0,14,5,25,1
3,2,3275.0,14,5,25,1
3,2,3280.0,13,5,25,1
3,2,3285.0,13,5,25,1
3,2,3290.0,13,5,25,1
3,2,3295.0,13,5,25,1
3,2,3300.0,13,5,25,1
3,2,3305.0,13,5,25,1
3,2,3310.0,13,5,25,1
3,2,3315.0,13,5,25,1
3,2,3320.0,13,5,25,1
3,2,3325.0,13,5,25,1
3,2,3330.0,13,5,25,1
3,2,3335.0,13,5,25,1
3,2,3340.0,13,5,25,1
3,2,3345.0,13,5,25,1
3,2,3350.0,13,5,25,1
3,2,3355.0,13,5,25,1
3,2,3360.0,13,5,25,1
3,2,3365.0,13,5,25,1
3,2,3370.0,13,5,25,1
3,2,3375.0,13,5,25,1
3,2,3380.0,15,5,25,1
3,2,3385.0,15,5,25,1
3,2,3390.0,17,5,25,1
3,2,3395.0,17,5,25,1
3,2,3400.0,17,5,25,1
3,2,3405.0,17,5,25,1
3,2,3410.0,16,5,25,1
3,2,3415.0,17,5,25,1
3,2,3420.0,17,5,25,1
3,2,3425.0,17,5,25,1
3,2,3430.0,17,5,25,1
3,2,3435.0,16,5,25,1
3,2,3440.0,16,5,25,1
3,2,3445.0,17,5,25,1
3,2,3450.0,17,5,25,1
3,2,3455.0,17,5,25,1
3,2,3460.0,17,5,25,1
3,2,3465.0,18,5,25,1
3,2,3470.0,17,5,25,1
3,2,3475.0,16,5,25,1
3,2,3480.0,16,5,25,1
3,2,3485.0,16,5,25,1
3,2,3490.0,16,5,25,1
3,2,3495.0,17,5,25,1
3,2,3500.0,17,5,25,1
3,2,3505.0,17,5,25,1
3,2,3510.0,16,5,25,1
3,2,3515.0,16,5,25,1
3,2,3520.0,18,5,25,1
3,2,3525.0,18,5,25,1
3,2,3530.0,18,5,25,1
3,2,3535.0,18,5,25,1
3,2,3540.0,18,5,25,1
3,2,3545.0,18,5,25,1
3,2,3550.0,18,5,25,1
3,2,3555.0,18,5,25,1
3,2,3560.0,18,5,25,1
3,2,3565.0,18,5,25,1
3,2,3570.0,17,5,25,1
3,2,3575.0,17,5,25,1
3,2,3580.0,17,5,25,1
3,2,3585.0,17,5,25,1
3,2,3590.0,17,5,25,1
3,2,3595.0,16,5,25,1
3,2,3600.0,16,5,25,1
3,2,3605.0,15,5,25,1
3,2,3610.0,15,5,25,1
3,2,3615.0,15,5,25,1
3,2,3620.0,15,5,25,1
3,2,3625.0,15,5,25,1
3,2,3630.0,15,5,25,1
3,2,3635.0,15,5,25,1
3,2,3640.0,15,5,25,1
3,2,3645.0,15,5,25,1
3,2,3650.0,14,5,25,1
3,2,3655.0,14,5,25,1
3,2,3660.0,14,5,25,1
3,2,3665.0,14,5,25,1
3,2,3670.0,14,5,25,1
3,2,3675.0,14,5,25,1
3,2,3680.0,13,5,25,1
3,2,3685.0,13,5,25,1
3,2,3690.0,14,5,25,1
3,2,3695.0,14,5,25,1
3,2,3700.0,14,5,25,1
3,2,3705.0,15,5,25,1
3,2,3710.0,15,5,25,1
3,2,3715.0,15,5,25,1
3,2,3720.0,15,5,25,1
3,2,3725.0,15,5,25,1
3,2,3730.0,15,5,25,1
3,2,3735.0,15,5,25,1
3,2,3740.0,15,5,25,1
3,2,3745.0,14,5,25,1
3,2,3750.0,14,5,25,1
3,2,3755.0,14,5,25,1
3,2,3760.0,14,5,25,1
3,2,3765.0,15,5,25,1
3,2,3770.0,14,5,25,1
3,2,3775.0,14,5,25,1
3,2,3780.0,14,5,25,1
3,2,3785.0,14,5,25,1
3,2,3790.0,14,5,25,1
3,2,3795.0,13,5,25,1
3,2,3800.0,13,5,25,1
3,2,3805.0,13,5,25,1
3,2,3810.0,13,5,25,1
3,2,3815.0,13,5,25,1
3,2,3820.0,13,5,25,1
3,2,3825.0,13,5,25,1
3,2,3830.0,13,5,25,1
3,2,3835.0,13,5,25,1
3,2,3840.0,12,5,25,1
3,2,3845.0,12,5,25,1
3,2,3850.0,12,5,25,1
3,2,3855.0,12,5,25,1
3,2,3860.0,12,5,25,1
3,2,3865.0,12,5,25,1
3,2,3870.0,12,5,25,1
3,2,3875.0,11,5,25,1
3,2,3880.0,11,5,25,1
3,2,3885.0,11,5,25,1
3,2,3890.0,11,5,25,1
3,2,3895.0,10,5,25,1
3,2,3900.0,10,5,25,1
3,2,3905.0,10,5,25,1
3,2,3910.0,10,5,25,1
3,2,3915.0,10,5,25,1
3,2,3920.0,9,5,25,1
3,2,3925.0,9,5,25,1
3,2,3930.0,8,5,25,1
3,2,3935.0,9,5,25,1
3,2,3940.0,9,5,25,1
3,2,3945.0,9,5,25,1
3,2,3950.0,9,5,25,1
3,2,3955.0,9,5,25,1
3,2,3960.0,9,5,25,1
3,2,3965.0,8,5,25,1
3,2,3970.0,10,5,25,1
3,2,3975.0,10,5,25,1
3,2,3980.0,10,5,25,1
3,2,3985.0,10,5,25,1
3,2,3990.0,10,5,25,1
3,2,3995.0,10,5,25,1
3,2,4000.0,11,5,25,1
3,2,4005.0,11,5,25,1
3,2,4010.0,11,5,25,1
3,2,4015.0,11,5,25,1
3,2,4020.0,10,5,25,1
3,2,4025.0,11,5,25,1
3,2,4030.0,11,5,25,1
3,2,4035.0,11,5,25,1
3,2,4040.0,11,5,25,1
3,2,4045.0,11,5,25,1
3,2,4050.0,11,5,25,1
3,2,4055.0,11,5,25,1
3,2,4060.0,11,5,25,1
3,2,4065.0,11,5,25,1
3,2,4070.0,11,5,25,1
3,2,4075.0,10,5,25,1
3,2,4080.0,10,5,25,1
3,2,4085.0,10,5,25,1
3,2,4090.0,9,5,25,1
3,2,4095.0,8,5,25,1
3,2,4100.0,8,5,25,1
3,2,4105.0,8,5,25,1
3,2,4110.0,9,5,25,1
3,2,4115.0,10,5,25,1
3,2,4120.0,10,5,25,1
3,2,4125.0,10,5,25,1
3,2,4130.0,10,5,25,1
3,2,4135.0,10,5,25,1
3,2,4140.0,10,5,25,1
3,2,4145.0,10,5,25,1
3,2,4150.0,10,5,25,1
3,2,4155.0,10,5,25,1
3,2,4160.0,10,5,25,1
3,2,4165.0,10,5,25,1
3,2,4170.0,10,5,25,1
3,2,4175.0,10,5,25,1
3,2,4180.0,10,5,25,1
3,2,4185.0,10,5,25,1
3,2,4190.0,10,5,25,1
3,2,4195.0,10,5,25,1
3,2,4200.0,10,5,25,1
3,2,4205.0,9,5,25,1
3,2,4210.0,9,5,25,1
3,2,4215.0,9,5,25,1
3,2,4220.0,8,5,25,1
3,2,4225.0,8,5,25,1
3,2,4230.0,8,5,25,1
3,2,4235.0,8,5,25,1
3,2,4240.0,8,5,25,1
3,2,4245.0,8,5,25,1
3,2,4250.0,8,5,25,1
3,2,4255.0,8,5,25,1
3,2,4260.0,8,5,25,1
3,2,4265.0,8,5,25,1
3,2,4270.0,8,5,25,1
3,2,4275.0,7,5,25,1
3,2,4280.0,7,5,25,1
3,2,4285.0,7,5,25,1
3,2,4290.0,7,5,25,1
3,2,4295.0,7,5,25,1
3,2,4300.0,7,5,25,1
3,2,4305.0,8,5,25,1
3,2,4310.0,9,5,25,1
3,2,4315.0,9,5,25,1
3,2,4320.0,9,5,25,1
3,2,4325.0,8,5,25,1
3,2,4330.0,8,5,25,1
3,2,4335.0,8,5,25,1
3,2,4340.0,8,5,25,1
3,2,4345.0,8,5,25,1
3,2,4350.0,9,5,25,1
3,2,4355.0,10,5,25,1
3,2,4360.0,10,5,25,1
3,2,4365.0,11,5,25,1
3,2,4370.0,11,5,25,1
3,2,4375.0,11,5,25,1
3,2,4380.0,10,5,25,1
3,2,4385.0,12,5,25,1
3,2,4390.0,12,5,25,1
3,2,4395.0,11,5,25,1
3,2,4400.0,11,5,25,1
3,2,4405.0,11,5,25,1
3,2,4410.0,12,5,25,1
3,2,4415.0,12,5,25,1
3,2,4420.0,12,5,25,1
3,2,4425.0,13,5,25,1
3,2,4430.0,12,5,25,1
3,2,4435.0,12,5,25,1
3,2,4440.0,12,5,25,1
3,2,4445.0,12,5,25,1
3,2,4450.0,12,5,25,1
3,2,4455.0,13,5,25,1
3,2,4460.0,13,5,25,1
3,2,4465.0,13,5,25,1
3,2,4470.0,13,5,25,1
3,2,4475.0,13,5,25,1
3,2,4480.0,13,5,25,1
3,2,4485.0,13,5,25,1
3,2,4490.0,13,5,25,1
3,2,4495.0,13,5,25,1
3,2,4500.0,13,5,25,1
3,2,4505.0,13,5,25,1
3,2,4510.0,13,5,25,1
3,2,4515.0,13,5,25,1
3,2,4520.0,13,5,25,1
3,2,4525.0,13,5,25,1
3,2,4530.0,13,5,25,1
3,2,4535.0,13,5,25,1
3,2,4540.0,13,5,25,1
3,2,4545.0,12,5,25,1
3,2,4550.0,12,5,25,1
3,2,4555.0,11,5,25,1
3,2,4560.0,11,5,25,1
3,2,4565.0,11,5,25,1
3,2,4570.0,10,5,25,1
3,2,4575.0,10,5,25,1
3,2,4580.0,10,5,25,1
3,2,4585.0,10,5,25,1
3,2,4590.0,10,5,25,1
3,2,4595.0,10,5,25,1
3,2,4600.0,10,5,25,1
3,2,4605.0,10,5,25,1
3,2,4610.0,10,5,25,1
3,2,4615.0,10,5,25,1
3,2,4620.0,10,5,25,1
3,2,4625.0,10,5,25,1
3,2,4630.0,10,5,25,1
3,2,4635.0,10,5,25,1
3,2,4640.0,10,5,25,1
3,2,4645.0,9,5,25,1
3,2,4650.0,9,5,25,1
3,2,4655.0,9,5,25,1
3,2,4660.0,9,5,25,1
3,2,4665.0,9,5,25,1
3,2,4670.0,9,5,25,1
3,2,4675.0,9,5,25,1
3,2,4680.0,8,5,25,1
3,2,4685.0,8,5,25,1
3,2,4690.0,8,5,25,1
3,2,4695.0,8,5,25,1
3,2,4700.0,6,5,25,1
3,2,4705.0,6,5,25,1
3,2,4710.0,6,5,25,1
3,2,4715.0,8,5,25,1
3,2,4720.0,8,5,25,1
3,2,4725.0,8,5,25,1
3,2,4730.0,8,5,25,1
3,2,4735.0,8,5,25,1
3,2,4740.0,8,5,25,1
3,2,4745.0,8,5,25,1
3,2,4750.0,8,5,25,1
3,2,4755.0,8,5,25,1
3,2,4760.0,8,5,25,1
3,2,4765.0,8,5,25,1
3,2,4770.0,8,5,25,1
3,2,4775.0,8,5,25,1
3,2,4780.0,7,5,25,1
3,2,4785.0,7,5,25,1
3,2,4790.0,7,5,25,1
3,2,4795.0,6,5,25,1
3,2,4800.0,7,5,25,1
3,2,4805.0,7,5,25,1
3,2,4810.0,6,5,25,1
3,2,4815.0,6,5,25,1
3,2,4820.0,6,5,25,1
3,2,4825.0,6,5,25,1
3,2,4830.0,7,5,25,1
3,2,4835.0,6,5,25,1
3,2,4840.0,6,5,25,1
3,2,4845.0,6,5,25,1
3,2,4850.0,5,5,25,1
3,2,4855.0,6,5,25,1
3,2,4860.0,6,5,25,1
3,2,4865.0,7,5,25,1
3,2,4870.0,8,5,25,1
3,2,4875.0,8,5,25,1
3,2,4880.0,7,5,25,1
3,2,4885.0,7,5,25,1
3,2,4890.0,7,5,25,1
3,2,4895.0,7,5,25,1
3,2,4900.0,7,5,25,1
3,2,4905.0,7,5,25,1
3,2,4910.0,7,5,25,1
3,2,4915.0,7,5,25,1
3,2,4920.0,7,5,25,1
3,2,4925.0,8,5,25,1
3,2,4930.0,8,5,25,1
3,2,4935.0,8,5,25,1
3,2,4940.0,9,5,25,1
3,2,4945.0,9,5,25,1
3,2,4950.0,9,5,25,1
3,2,4955.0,8,5,25,1
3,2,4960.0,8,5,25,1
3,2,4965.0,9,5,25,1
3,2,4970.0,9,5,25,1
3,2,4975.0,9,5,25,1
3,2,4980.0,9,5,25,1
3,2,4985.0,9,5,25,1
3,2,4990.0,10,5,25,1
3,2,4995.0,10,5,25,1
3,2,5000.0,10,5,25,1
3,2,5005.0,10,5,25,1
3,2,5010.0,10,5,25,1
3,2,5015.0,10,5,25,1
3,2,5020.0,10,5,25,1
3,2,5025.0,10,5,25,1
3,2,5030.0,10,5,25,1
3,2,5035.0,10,5,25,1
3,2,5040.0,10,5,25,1
3,2,5045.0,10,5,25,1
3,2,5050.0,10,5,25,1
3,2,5055.0,10,5,25,1
3,2,5060.0,10,5,25,1
3,2,5065.0,10,5,25,1
3,2,5070.0,10,5,25,1
3,2,5075.0,10,5,25,1
3,2,5080.0,11,5,25,1
3,2,5085.0,11,5,25,1
3,2,5090.0,12,5,25,1
3,2,5095.0,12,5,25,1
3,2,5100.0,13,5,25,1
3,2,5105.0,13,5,25,1
3,2,5110.0,13,5,25,1
3,2,5115.0,13,5,25,1
3,2,5120.0,13,5,25,1
3,2,5125.0,12,5,25,1
3,2,5130.0,13,5,25,1
3,2,5135.0,13,5,25,1
3,2,5140.0,14,5,25,1
3,2,5145.0,14,5,25,1
3,2,5150.0,13,5,25,1
3,2,5155.0,13,5,25,1
3,2,5160.0,11,5,25,1
3,2,5165.0,10,5,25,1
3,2,5170.0,10,5,25,1
3,2,5175.0,10,5,25,1
3,2,5180.0,10,5,25,1
3,2,5185.0,11,5,25,1
3,2,5190.0,11,5,25,1
3,2,5195.0,11,5,25,1
3,2,5200.0,11,5,25,1
3,2,5205.0,11,5,25,1
3,2,5210.0,11,5,25,1
3,2,5215.0,11,5,25,1
3,2,5220.0,11,5,25,1
3,2,5225.0,12,5,25,1
3,2,5230.0,12,5,25,1
3,2,5235.0,12,5,25,1
3,2,5240.0,12,5,25,1
3,2,5245.0,12,5,25,1
3,2,5250.0,12,5,25,1
3,2,5255.0,12,5,25,1
3,2,5260.0,12,5,25,1
3,2,5265.0,12,5,25,1
3,2,5270.0,12,5,25,1
3,2,5275.0,12,5,25,1
3,2,5280.0,11,5,25,1
3,2,5285.0,11,5,25,1
3,2,5290.0,11,5,25,1
3,2,5295.0,11,5,25,1
3,2,5300.0,11,5,25,1
3,2,5305.0,11,5,25,1
3,2,5310.0,11,5,25,1
3,2,5315.0,11,5,25,1
3,2,5320.0,11,5,25,1
3,2,5325.0,11,5,25,1
3,2,5330.0,11,5,25,1
3,2,5335.0,10,5,25,1
3,2,5340.0,10,5,25,1
3,2,5345.0,10,5,25,1
3,2,5350.0,10,5,25,1
3,2,5355.0,10,5,25,1
3,2,5360.0,10,5,25,1
3,2,5365.0,11,5,25,1
3,2,5370.0,11,5,25,1
3,2,5375.0,11,5,25,1
3,2,5380.0,11,5,25,1
3,2,5385.0,10,5,25,1
3,2,5390.0,10,5,25,1
3,2,5395.0,9,5,25,1
3,2,5400.0,11,5,25,1
3,2,5405.0,11,5,25,1
3,2,5410.0,14,5,25,1
3,2,5415.0,14,5,25,1
3,2,5420.0,13,5,25,1
3,2,5425.0,12,5,25,1
3,2,5430.0,12,5,25,1
3,2,5435.0,11,5,25,1
3,2,5440.0,11,5,25,1
3,2,5445.0,10,5,25,1
3,2,5450.0,11,5,25,1
3,2,5455.0,12,5,25,1
3,2,5460.0,12,5,25,1
3,2,5465.0,11,5,25,1
3,2,5470.0,11,5,25,1
3,2,5475.0,10,5,25,1
3,2,5480.0,10,5,25,1
3,2,5485.0,10,5,25,1
3,2,5490.0,12,5,25,1
3,2,5495.0,12,5,25,1
3,2,5500.0,12,5,25,1
3,2,5505.0,12,5,25,1
3,2,5510.0,12,5,25,1
3,2,5515.0,12,5,25,1
3,2,5520.0,12,5,25,1
3,2,5525.0,12,5,25,1
3,2,5530.0,11,5,25,1
3,2,5535.0,12,5,25,1
3,2,5540.0,11,5,25,1
3,2,5545.0,12,5,25,1
3,2,5550.0,12,5,25,1
3,2,5555.0,12,5,25,1
3,2,5560.0,12,5,25,1
3,2,5565.0,12,5,25,1
3,2,5570.0,12,5,25,1
3,2,5575.0,12,5,25,1
3,2,5580.0,13,5,25,1
3,2,5585.0,13,5,25,1
3,2,5590.0,13,5,25,1
3,2,5595.0,13,5,25,1
3,2,5600.0,13,5,25,1
3,2,5605.0,13,5,25,1
3,2,5610.0,13,5,25,1
3,2,5615.0,12,5,25,1
3,2,5620.0,12,5,25,1
3,2,5625.0,11,5,25,1
3,2,5630.0,11,5,25,1
3,2,5635.0,10,5,25,1
3,2,5640.0,10,5,25,1
3,2,5645.0,10,5,25,1
3,2,5650.0,10,5,25,1
3,2,5655.0,10,5,25,1
3,2,5660.0,10,5,25,1
3,2,5665.0,10,5,25,1
3,2,5670.0,9,5,25,1
3,2,5675.0,9,5,25,1
3,2,5680.0,9,5,25,1
3,2,5685.0,9,5,25,1
3,2,5690.0,9,5,25,1
3,2,5695.0,9,5,25,1
3,2,5700.0,9,5,25,1
3,2,5705.0,12,5,25,1
3,2,5710.0,12,5,25,1
3,2,5715.0,13,5,25,1
3,2,5720.0,13,5,25,1
3,2,5725.0,13,5,25,1
3,2,5730.0,13,5,25,1
3,2,5735.0,13,5,25,1
3,2,5740.0,13,5,25,1
3,2,5745.0,13,5,25,1
3,2,5750.0,13,5,25,1
3,2,5755.0,14,5,25,1
3,2,5760.0,14,5,25,1
3,2,5765.0,14,5,25,1
3,2,5770.0,14,5,25,1
3,2,5775.0,15,5,25,1
3,2,5780.0,15,5,25,1
3,2,5785.0,15,5,25,1
3,2,5790.0,14,5,25,1
3,2,5795.0,14,5,25,1
3,2,5800.0,15,5,25,1
3,2,5805.0,14,5,25,1
3,2,5810.0,14,5,25,1
3,2,5815.0,14,5,25,1
3,2,5820.0,17,5,25,1
3,2,5825.0,16,5,25,1
3,2,5830.0,16,5,25,1
3,2,5835.0,15,5,25,1
3,2,5840.0,15,5,25,1
3,2,5845.0,15,5,25,1
3,2,5850.0,15,5,25,1
3,2,5855.0,15,5,25,1
3,2,5860.0,14,5,25,1
3,2,5865.0,14,5,25,1
3,2,5870.0,14,5,25,1
3,2,5875.0,13,5,25,1
3,2,5880.0,13,5,25,1
3,2,5885.0,13,5,25,1
3,2,5890.0,13,5,25,1
3,2,5895.0,13,5,25,1
3,2,5900.0,12,5,25,1
3,2,5905.0,12,5,25,1
3,2,5910.0,12,5,25,1
3,2,5915.0,12,5,25,1
3,2,5920.0,12,5,25,1
3,2,5925.0,12,5,25,1
3,2,5930.0,12,5,25,1
3,2,5935.0,12,5,25,1
3,2,5940.0,12,5,25,1
3,2,5945.0,11,5,25,1
3,2,5950.0,11,5,25,1
3,2,5955.0,12,5,25,1
3,2,5960.0,12,5,25,1
3,2,5965.0,12,5,25,1
3,2,5970.0,13,5,25,1
3,2,5975.0,14,5,25,1
3,2,5980.0,15,5,25,1
3,2,5985.0,15,5,25,1
3,2,5990.0,15,5,25,1
3,2,5995.0,15,5,25,1
3,2,6000.0,15,5,25,1
3,2,6005.0,15,5,25,1
3,2,6010.0,15,5,25,1
3,2,6015.0,15,5,25,1
3,2,6020.0,15,5,25,1
3,2,6025.0,15,5,25,1
3,2,6030.0,15,5,25,1
3,2,6035.0,14,5,25,1
3,2,6040.0,14,5,25,1
3,2,6045.0,13,5,25,1
3,2,6050.0,14,5,25,1
3,2,6055.0,15,5,25,1
3,2,6060.0,15,5,25,1
3,2,6065.0,16,5,25,1
3,2,6070.0,16,5,25,1
3,2,6075.0,16,5,25,1
3,2,6080.0,17,5,25,1
3,2,6085.0,18,5,25,1
3,2,6090.0,18,5,25,1
3,2,6095.0,18,5,25,1
3,2,6100.0,18,5,25,1
3,2,6105.0,19,5,25,1
3,2,6110.0,18,5,25,1
3,2,6115.0,17,5,25,1
3,2,6120.0,17,5,25,1
3,2,6125.0,17,5,25,1
3,2,6130.0,17,5,25,1
3,2,6135.0,17,5,25,1
3,2,6140.0,18,5,25,1
3,2,6145.0,18,5,25,1
3,2,6150.0,18,5,25,1
3,2,6155.0,17,5,25,1
3,2,6160.0,17,5,25,1
3,2,6165.0,17,5,25,1
3,2,6170.0,17,5,25,1
3,2,6175.0,17,5,25,1
3,2,6180.0,18,5,25,1
3,2,6185.0,19,5,25,1
3,2,6190.0,18,5,25,1
3,2,6195.0,18,5,25,1
3,2,6200.0,18,5,25,1
3,2,6205.0,19,5,25,1
3,2,6210.0,20,5,25,1
3,2,6215.0,21,5,25,1
3,2,6220.0,20,5,25,1
3,2,6225.0,18,5,25,1
3,2,6230.0,18,5,25,1
3,2,6235.0,16,5,25,1
3,2,6240.0,16,5,25,1
3,2,6245.0,16,5,25,1
3,2,6250.0,16,5,25,1
3,2,6255.0,15,5,25,1
3,2,6260.0,15,5,25,1
3,2,6265.0,15,5,25,1
3,2,6270.0,16,5,25,1
3,2,6275.0,16,5,25,1
3,2,6280.0,16,5,25,1
3,2,6285.0,17,5,25,1
3,2,6290.0,17,5,25,1
3,2,6295.0,17,5,25,1
3,2,6300.0,17,5,25,1
3,2,6305.0,16,5,25,1
3,2,6310.0,16,5,25,1
3,2,6315.0,16,5,25,1
3,2,6320.0,15,5,25,1
3,2,6325.0,15,5,25,1
3,2,6330.0,15,5,25,1
3,2,6335.0,16,5,25,1
3,2,6340.0,16,5,25,1
3,2,6345.0,16,5,25,1
3,2,6350.0,16,5,25,1
3,2,6355.0,16,5,25,1
3,2,6360.0,16,5,25,1
3,2,6365.0,16,5,25,1
3,2,6370.0,16,5,25,1
3,2,6375.0,16,5,25,1
3,2,6380.0,16,5,25,1
3,2,6385.0,16,5,25,1
3,2,6390.0,15,5,25,1
3,2,6395.0,15,5,25,1
3,2,6400.0,15,5,25,1
3,2,6405.0,15,5,25,1
3,2,6410.0,15,5,25,1
3,2,6415.0,15,5,25,1
3,2,6420.0,15,5,25,1
3,2,6425.0,15,5,25,1
3,2,6430.0,14,5,25,1
3,2,6435.0,14,5,25,1
3,2,6440.0,14,5,25,1
3,2,6445.0,14,5,25,1
3,2,6450.0,13,5,25,1
3,2,6455.0,12,5,25,1
3,2,6460.0,12,5,25,1
3,2,6465.0,11,5,25,1
3,2,6470.0,11,5,25,1
3,2,6475.0,11,5,25,1
3,2,6480.0,11,5,25,1
3,2,6485.0,11,5,25,1
3,2,6490.0,11,5,25,1
3,2,6495.0,11,5,25,1
3,2,6500.0,11,5,25,1
3,2,6505.0,11,5,25,1
3,2,6510.0,10,5,25,1
3,2,6515.0,10,5,25,1
3,2,6520.0,10,5,25,1
3,2,6525.0,10,5,25,1
3,2,6530.0,10,5,25,1
3,2,6535.0,10,5,25,1
3,2,6540.0,10,5,25,1
3,2,6545.0,10,5,25,1
3,2,6550.0,10,5,25,1
3,2,6555.0,10,5,25,1
3,2,6560.0,10,5,25,1
3,2,6565.0,11,5,25,1
3,2,6570.0,11,5,25,1
3,2,6575.0,11,5,25,1
3,2,6580.0,11,5,25,1
3,2,6585.0,11,5,25,1
3,2,6590.0,11,5,25,1
3,2,6595.0,11,5,25,1
3,2,6600.0,11,5,25,1
3,2,6605.0,11,5,25,1
3,2,6610.0,11,5,25,1
3,2,6615.0,11,5,25,1
3,2,6620.0,11,5,25,1
3,2,6625.0,11,5,25,1
3,2,6630.0,11,5,25,1
3,2,6635.0,11,5,25,1
3,2,6640.0,11,5,25,1
3,2,6645.0,11,5,25,1
3,2,6650.0,12,5,25,1
3,2,6655.0,12,5,25,1
3,2,6660.0,11,5,25,1
3,2,6665.0,12,5,25,1
3,2,6670.0,12,5,25,1
3,2,6675.0,12,5,25,1
3,2,6680.0,12,5,25,1
3,2,6685.0,12,5,25,1
3,2,6690.0,12,5,25,1
3,2,6695.0,12,5,25,1
3,2,6700.0,12,5,25,1
3,2,6705.0,12,5,25,1
3,2,6710.0,12,5,25,1
3,2,6715.0,12,5,25,1
3,2,6720.0,12,5,25,1
3,2,6725.0,12,5,25,1
3,2,6730.0,12,5,25,1
3,2,6735.0,12,5,25,1
3,2,6740.0,13,5,25,1
3,2,6745.0,14,5,25,1
3,2,6750.0,14,5,25,1
3,2,6755.0,14,5,25,1
3,2,6760.0,14,5,25,1
3,2,6765.0,14,5,25,1
3,2,6770.0,14,5,25,1
3,2,6775.0,14,5,25,1
3,2,6780.0,14,5,25,1
3,2,6785.0,14,5,25,1
3,2,6790.0,15,5,25,1
3,2,6795.0,15,5,25,1
3,2,6800.0,15,5,25,1
3,2,6805.0,16,5,25,1
3,2,6810.0,16,5,25,1
3,2,6815.0,16,5,25,1
3,2,6820.0,15,5,25,1
3,2,6825.0,15,5,25,1
3,2,6830.0,16,5,25,1
3,2,6835.0,17,5,25,1
3,2,6840.0,18,5,25,1
3,2,6845.0,18,5,25,1
3,2,6850.0,17,5,25,1
3,2,6855.0,17,5,25,1
3,2,6860.0,17,5,25,1
3,2,6865.0,18,5,25,1
3,2,6870.0,19,5,25,1
3,2,6875.0,19,5,25,1
3,2,6880.0,19,5,25,1
3,2,6885.0,19,5,25,1
3,2,6890.0,19,5,25,1
3,2,6895.0,18,5,25,1
3,2,6900.0,18,5,25,1
3,2,6905.0,18,5,25,1
3,2,6910.0,18,5,25,1
3,2,6915.0,18,5,25,1
3,2,6920.0,17,5,25,1
3,2,6925.0,17,5,25,1
3,2,6930.0,17,5,25,1
3,2,6935.0,17,5,25,1
3,2,6940.0,17,5,25,1
3,2,6945.0,17,5,25,1
3,2,6950.0,18,5,25,1
3,2,6955.0,18,5,25,1
3,2,6960.0,17,5,25,1
3,2,6965.0,17,5,25,1
3,2,6970.0,17,5,25,1
3,2,6975.0,17,5,25,1
3,2,6980.0,17,5,25,1
3,2,6985.0,17,5,25,1
3,2,6990.0,17,5,25,1
3,2,6995.0,17,5,25,1
3,2,7000.0,17,5,25,1
3,2,7005.0,17,5,25,1
3,2,7010.0,17,5,25,1
3,2,7015.0,17,5,25,1
3,2,7020.0,17,5,25,1
3,2,7025.0,17,5,25,1
3,2,7030.0,17,5,25,1
3,2,7035.0,18,5,25,1
3,2,7040.0,18,5,25,1
3,2,7045.0,17,5,25,1
3,2,7050.0,17,5,25,1
3,2,7055.0,17,5,25,1
3,2,7060.0,17,5,25,1
3,2,7065.0,17,5,25,1
3,2,7070.0,17,5,25,1
3,2,7075.0,18,5,25,1
3,2,7080.0,18,5,25,1
3,2,7085.0,18,5,25,1
3,2,7090.0,19,5,25,1
3,2,7095.0,19,5,25,1
3,2,7100.0,19,5,25,1
3,2,7105.0,19,5,25,1
3,2,7110.0,19,5,25,1
3,2,7115.0,19,5,25,1
3,2,7120.0,19,5,25,1
3,2,7125.0,19,5,25,1
3,2,7130.0,19,5,25,1
3,2,7135.0,19,5,25,1
3,2,7140.0,18,5,25,1
3,2,7145.0,18,5,25,1
3,2,7150.0,18,5,25,1
3,2,7155.0,18,5,25,1
3,2,7160.0,18,5,25,1
3,2,7165.0,18,5,25,1
3,2,7170.0,18,5,25,1
3,2,7175.0,18,5,25,1
3,2,7180.0,18,5,25,1
3,2,7185.0,18,5,25,1
3,2,7190.0,18,5,25,1
3,2,7195.0,18,5,25,1
3,2,7200.0,18,5,25,1
3,2,7205.0,17,5,25,1
3,2,7210.0,17,5,25,1
3,2,7215.0,17,5,25,1
3,2,7220.0,17,5,25,1
3,2,7225.0,18,5,25,1
3,2,7230.0,18,5,25,1
3,2,7235.0,17,5,25,1
3,2,7240.0,17,5,25,1
3,2,7245.0,17,5,25,1
3,2,7250.0,17,5,25,1
3,2,7255.0,17,5,25,1
3,2,7260.0,17,5,25,1
3,2,7265.0,17,5,25,1
3,2,7270.0,17,5,25,1
3,2,7275.0,18,5,25,1
3,2,7280.0,19,5,25,1
3,2,7285.0,19,5,25,1
3,2,7290.0,19,5,25,1
3,2,7295.0,19,5,25,1
3,2,7300.0,19,5,25,1
3,2,7305.0,19,5,25,1
3,2,7310.0,18,5,25,1
3,2,7315.0,18,5,25,1
3,2,7320.0,18,5,25,1
3,2,7325.0,18,5,25,1
3,2,7330.0,18,5,25,1
3,2,7335.0,18,5,25,1
3,2,7340.0,17,5,25,1
3,2,7345.0,16,5,25,1
3,2,7350.0,16,5,25,1
3,2,7355.0,16,5,25,1
3,2,7360.0,15,5,25,1
3,2,7365.0,17,5,25,1
3,2,7370.0,16,5,25,1
3,2,7375.0,16,5,25,1
3,2,7380.0,16,5,25,1
3,2,7385.0,16,5,25,1
3,2,7390.0,16,5,25,1
3,2,7395.0,16,5,25,1
3,2,7400.0,16,5,25,1
3,2,7405.0,16,5,25,1
3,2,7410.0,17,5,25,1
3,2,7415.0,17,5,25,1
3,2,7420.0,15,5,25,1
3,2,7425.0,16,5,25,1
3,2,7430.0,16,5,25,1
3,2,7435.0,16,5,25,1
3,2,7440.0,16,5,25,1
3,2,7445.0,16,5,25,1
3,2,7450.0,17,5,25,1
3,2,7455.0,18,5,25,1
3,2,7460.0,16,5,25,1
3,2,7465.0,15,5,25,1
3,2,7470.0,14,5,25,1
3,2,7475.0,13,5,25,1
3,2,7480.0,12,5,25,1
3,2,7485.0,13,5,25,1
3,2,7490.0,14,5,25,1
3,2,7495.0,14,5,25,1
3,2,7500.0,15,5,25,1
3,2,7505.0,15,5,25,1
3,2,7510.0,16,5,25,1
3,2,7515.0,15,5,25,1
3,2,7520.0,15,5,25,1
3,2,7525.0,15,5,25,1
3,2,7530.0,15,5,25,1
3,2,7535.0,15,5,25,1
4,2,5.0,99,5,100,2
4,2,10.0,99,5,100,2
4,2,15.0,98,5,100,2
4,2,20.0,97,5,100,2
4,2,25.0,96,5,100,2
4,2,30.0,95,5,100,2
4,2,35.0,94,5,100,2
4,2,40.0,95,5,100,2
4,2,45.0,95,5,100,2
4,2,50.0,95,5,100,2
4,2,55.0,95,5,100,2
4,2,60.0,94,5,100,2
4,2,65.0,94,5,100,2
4,2,70.0,93,5,100,2
4,2,75.0,93,5,100,2
4,2,80.0,93,5,100,2
4,2,85.0,93,5,100,2
4,2,90.0,93,5,100,2
4,2,95.0,93,5,100,2
4,2,100.0,93,5,100,2
4,2,105.0,92,5,100,2
4,2,110.0,91,5,100,2
4,2,115.0,91,5,100,2
4,2,120.0,91,5,100,2
4,2,125.0,91,5,100,2
4,2,130.0,91,5,100,2
4,2,135.0,90,5,100,2
4,2,140.0,90,5,100,2
4,2,145.0,90,5,100,2
4,2,150.0,90,5,100,2
4,2,155.0,89,5,100,2
4,2,160.0,89,5,100,2
4,2,165.0,89,5,100,2
4,2,170.0,88,5,100,2
4,2,175.0,88,5,100,2
4,2,180.0,88,5,100,2
4,2,185.0,89,5,100,2
4,2,190.0,88,5,100,2
4,2,195.0,87,5,100,2
4,2,200.0,87,5,100,2
4,2,205.0,88,5,100,2
4,2,210.0,88,5,100,2
4,2,215.0,91,5,100,2
4,2,220.0,93,5,100,2
4,2,225.0,92,5,100,2
4,2,230.0,92,5,100,2
4,2,235.0,93,5,100,2
4,2,240.0,93,5,100,2
4,2,245.0,93,5,100,2
4,2,250.0,93,5,100,2
4,2,255.0,93,5,100,2
4,2,260.0,93,5,100,2
4,2,265.0,93,5,100,2
4,2,270.0,92,5,100,2
4,2,275.0,92,5,100,2
4,2,280.0,92,5,100,2
4,2,285.0,91,5,100,2
4,2,290.0,90,5,100,2
4,2,295.0,90,5,100,2
4,2,300.0,90,5,100,2
4,2,305.0,92,5,100,2
4,2,310.0,94,5,100,2
4,2,315.0,93,5,100,2
4,2,320.0,93,5,100,2
4,2,325.0,94,5,100,2
4,2,330.0,95,5,100,2
4,2,335.0,94,5,100,2
4,2,340.0,93,5,100,2
4,2,345.0,93,5,100,2
4,2,350.0,92,5,100,2
4,2,355.0,91,5,100,2
4,2,360.0,91,5,100,2
4,2,365.0,90,5,100,2
4,2,370.0,90,5,100,2
4,2,375.0,90,5,100,2
4,2,380.0,90,5,100,2
4,2,385.0,90,5,100,2
4,2,390.0,91,5,100,2
4,2,395.0,91,5,100,2
4,2,400.0,90,5,100,2
4,2,405.0,90,5,100,2
4,2,410.0,89,5,100,2
4,2,415.0,89,5,100,2
4,2,420.0,90,5,100,2
4,2,425.0,90,5,100,2
4,2,430.0,90,5,100,2
4,2,435.0,90,5,100,2
4,2,440.0,90,5,100,2
4,2,445.0,91,5,100,2
4,2,450.0,90,5,100,2
4,2,455.0,90,5,100,2
4,2,460.0,90,5,100,2
4,2,465.0,90,5,100,2
4,2,470.0,90,5,100,2
4,2,475.0,91,5,100,2
4,2,480.0,91,5,100,2
4,2,485.0,91,5,100,2
4,2,490.0,89,5,100,2
4,2,495.0,89,5,100,2
4,2,500.0,89,5,100,2
4,2,505.0,89,5,100,2
4,2,510.0,88,5,100,2
4,2,515.0,90,5,100,2
4,2,520.0,90,5,100,2
4,2,525.0,90,5,100,2
4,2,530.0,90,5,100,2
4,2,535.0,89,5,100,2
4,2,540.0,89,5,100,2
4,2,545.0,89,5,100,2
4,2,550.0,88,5,100,2
4,2,555.0,88,5,100,2
4,2,560.0,87,5,100,2
4,2,565.0,87,5,100,2
4,2,570.0,88,5,100,2
4,2,575.0,88,5,100,2
4,2,580.0,88,5,100,2
4,2,585.0,89,5,100,2
4,2,590.0,89,5,100,2
4,2,595.0,90,5,100,2
4,2,600.0,89,5,100,2
4,2,605.0,89,5,100,2
4,2,610.0,90,5,100,2
4,2,615.0,91,5,100,2
4,2,620.0,91,5,100,2
4,2,625.0,91,5,100,2
4,2,630.0,90,5,100,2
4,2,635.0,89,5,100,2
4,2,640.0,90,5,100,2
4,2,645.0,89,5,100,2
4,2,650.0,89,5,100,2
4,2,655.0,90,5,100,2
4,2,660.0,89,5,100,2
4,2,665.0,90,5,100,2
4,2,670.0,90,5,100,2
4,2,675.0,90,5,100,2
4,2,680.0,90,5,100,2
4,2,685.0,90,5,100,2
4,2,690.0,91,5,100,2
4,2,695.0,91,5,100,2
4,2,700.0,91,5,100,2
4,2,705.0,92,5,100,2
4,2,710.0,91,5,100,2
4,2,715.0,91,5,100,2
4,2,720.0,93,5,100,2
4,2,725.0,93,5,100,2
4,2,730.0,94,5,100,2
4,2,735.0,94,5,100,2
4,2,740.0,93,5,100,2
4,2,745.0,94,5,100,2
4,2,750.0,94,5,100,2
4,2,755.0,95,5,100,2
4,2,760.0,95,5,100,2
4,2,765.0,96,5,100,2
4,2,770.0,96,5,100,2
4,2,775.0,97,5,100,2
4,2,780.0,96,5,100,2
4,2,785.0,95,5,100,2
4,2,790.0,95,5,100,2
4,2,795.0,95,5,100,2
4,2,800.0,95,5,100,2
4,2,805.0,95,5,100,2
4,2,810.0,95,5,100,2
4,2,815.0,95,5,100,2
4,2,820.0,95,5,100,2
4,2,825.0,95,5,100,2
4,2,830.0,94,5,100,2
4,2,835.0,93,5,100,2
4,2,840.0,93,5,100,2
4,2,845.0,91,5,100,2
4,2,850.0,89,5,100,2
4,2,855.0,89,5,100,2
4,2,860.0,89,5,100,2
4,2,865.0,89,5,100,2
4,2,870.0,89,5,100,2
4,2,875.0,89,5,100,2
4,2,880.0,90,5,100,2
4,2,885.0,89,5,100,2
4,2,890.0,88,5,100,2
4,2,895.0,86,5,100,2
4,2,900.0,88,5,100,2
4,2,905.0,88,5,100,2
4,2,910.0,88,5,100,2
4,2,915.0,88,5,100,2
4,2,920.0,88,5,100,2
4,2,925.0,88,5,100,2
4,2,930.0,88,5,100,2
4,2,935.0,88,5,100,2
4,2,940.0,87,5,100,2
4,2,945.0,87,5,100,2
4,2,950.0,87,5,100,2
4,2,955.0,87,5,100,2
4,2,960.0,87,5,100,2
4,2,965.0,87,5,100,2
4,2,970.0,85,5,100,2
4,2,975.0,85,5,100,2
4,2,980.0,87,5,100,2
4,2,985.0,87,5,100,2
4,2,990.0,87,5,100,2
4,2,995.0,89,5,100,2
4,2,1000.0,89,5,100,2
4,2,1005.0,89,5,100,2
4,2,1010.0,89,5,100,2
4,2,1015.0,89,5,100,2
4,2,1020.0,89,5,100,2
4,2,1025.0,89,5,100,2
4,2,1030.0,88,5,100,2
4,2,1035.0,88,5,100,2
4,2,1040.0,88,5,100,2
4,2,1045.0,87,5,100,2
4,2,1050.0,86,5,100,2
4,2,1055.0,86,5,100,2
4,2,1060.0,86,5,100,2
4,2,1065.0,86,5,100,2
4,2,1070.0,87,5,100,2
4,2,1075.0,87,5,100,2
4,2,1080.0,87,5,100,2
4,2,1085.0,87,5,100,2
4,2,1090.0,88,5,100,2
4,2,1095.0,89,5,100,2
4,2,1100.0,90,5,100,2
4,2,1105.0,90,5,100,2
4,2,1110.0,89,5,100,2
4,2,1115.0,88,5,100,2
4,2,1120.0,88,5,100,2
4,2,1125.0,88,5,100,2
4,2,1130.0,88,5,100,2
4,2,1135.0,88,5,100,2
4,2,1140.0,88,5,100,2
4,2,1145.0,87,5,100,2
4,2,1150.0,87,5,100,2
4,2,1155.0,88,5,100,2
4,2,1160.0,88,5,100,2
4,2,1165.0,89,5,100,2
4,2,1170.0,89,5,100,2
4,2,1175.0,91,5,100,2
4,2,1180.0,92,5,100,2
4,2,1185.0,93,5,100,2
4,2,1190.0,93,5,100,2
4,2,1195.0,93,5,100,2
4,2,1200.0,92,5,100,2
4,2,1205.0,91,5,100,2
4,2,1210.0,91,5,100,2
4,2,1215.0,90,5,100,2
4,2,1220.0,89,5,100,2
4,2,1225.0,88,5,100,2
4,2,1230.0,88,5,100,2
4,2,1235.0,88,5,100,2
4,2,1240.0,87,5,100,2
4,2,1245.0,86,5,100,2
4,2,1250.0,86,5,100,2
4,2,1255.0,85,5,100,2
4,2,1260.0,85,5,100,2
4,2,1265.0,84,5,100,2
4,2,1270.0,83,5,100,2
4,2,1275.0,84,5,100,2
4,2,1280.0,86,5,100,2
4,2,1285.0,86,5,100,2
4,2,1290.0,86,5,100,2
4,2,1295.0,87,5,100,2
4,2,1300.0,88,5,100,2
4,2,1305.0,87,5,100,2
4,2,1310.0,88,5,100,2
4,2,1315.0,89,5,100,2
4,2,1320.0,89,5,100,2
4,2,1325.0,89,5,100,2
4,2,1330.0,89,5,100,2
4,2,1335.0,89,5,100,2
4,2,1340.0,90,5,100,2
4,2,1345.0,91,5,100,2
4,2,1350.0,91,5,100,2
4,2,1355.0,90,5,100,2
4,2,1360.0,91,5,100,2
4,2,1365.0,89,5,100,2
4,2,1370.0,89,5,100,2
4,2,1375.0,89,5,100,2
4,2,1380.0,90,5,100,2
4,2,1385.0,89,5,100,2
4,2,1390.0,90,5,100,2
4,2,1395.0,90,5,100,2
4,2,1400.0,91,5,100,2
4,2,1405.0,91,5,100,2
4,2,1410.0,91,5,100,2
4,2,1415.0,91,5,100,2
4,2,1420.0,91,5,100,2
4,2,1425.0,91,5,100,2
4,2,1430.0,90,5,100,2
4,2,1435.0,89,5,100,2
4,2,1440.0,89,5,100,2
4,2,1445.0,89,5,100,2
4,2,1450.0,89,5,100,2
4,2,1455.0,89,5,100,2
4,2,1460.0,89,5,100,2
4,2,1465.0,89,5,100,2
4,2,1470.0,89,5,100,2
4,2,1475.0,89,5,100,2
4,2,1480.0,89,5,100,2
4,2,1485.0,89,5,100,2
4,2,1490.0,89,5,100,2
4,2,1495.0,90,5,100,2
4,2,1500.0,91,5,100,2
4,2,1505.0,90,5,100,2
4,2,1510.0,90,5,100,2
4,2,1515.0,91,5,100,2
4,2,1520.0,92,5,100,2
4,2,1525.0,92,5,100,2
4,2,1530.0,92,5,100,2
4,2,1535.0,92,5,100,2
4,2,1540.0,92,5,100,2
4,2,1545.0,92,5,100,2
4,2,1550.0,92,5,100,2
4,2,1555.0,93,5,100,2
4,2,1560.0,93,5,100,2
4,2,1565.0,92,5,100,2
4,2,1570.0,92,5,100,2
4,2,1575.0,92,5,100,2
4,2,1580.0,91,5,100,2
4,2,1585.0,91,5,100,2
4,2,1590.0,91,5,100,2
4,2,1595.0,91,5,100,2
4,2,1600.0,91,5,100,2
4,2,1605.0,92,5,100,2
4,2,1610.0,92,5,100,2
4,2,1615.0,92,5,100,2
4,2,1620.0,92,5,100,2
4,2,1625.0,92,5,100,2
4,2,1630.0,93,5,100,2
4,2,1635.0,93,5,100,2
4,2,1640.0,94,5,100,2
4,2,1645.0,94,5,100,2
4,2,1650.0,94,5,100,2
4,2,1655.0,93,5,100,2
4,2,1660.0,93,5,100,2
4,2,1665.0,93,5,100,2
4,2,1670.0,93,5,100,2
4,2,1675.0,93,5,100,2
4,2,1680.0,92,5,100,2
4,2,1685.0,93,5,100,2
4,2,1690.0,93,5,100,2
4,2,1695.0,92,5,100,2
4,2,1700.0,92,5,100,2
4,2,1705.0,91,5,100,2
4,2,1710.0,91,5,100,2
4,2,1715.0,92,5,100,2
4,2,1720.0,91,5,100,2
4,2,1725.0,91,5,100,2
4,2,1730.0,91,5,100,2
4,2,1735.0,92,5,100,2
4,2,1740.0,91,5,100,2
4,2,1745.0,91,5,100,2
4,2,1750.0,92,5,100,2
4,2,1755.0,92,5,100,2
4,2,1760.0,91,5,100,2
4,2,1765.0,91,5,100,2
4,2,1770.0,92,5,100,2
4,2,1775.0,92,5,100,2
4,2,1780.0,91,5,100,2
4,2,1785.0,90,5,100,2
4,2,1790.0,90,5,100,2
4,2,1795.0,90,5,100,2
4,2,1800.0,89,5,100,2
4,2,1805.0,89,5,100,2
4,2,1810.0,89,5,100,2
4,2,1815.0,89,5,100,2
4,2,1820.0,88,5,100,2
4,2,1825.0,88,5,100,2
4,2,1830.0,87,5,100,2
4,2,1835.0,87,5,100,2
4,2,1840.0,87,5,100,2
4,2,1845.0,88,5,100,2
4,2,1850.0,89,5,100,2
4,2,1855.0,89,5,100,2
4,2,1860.0,89,5,100,2
4,2,1865.0,88,5,100,2
4,2,1870.0,87,5,100,2
4,2,1875.0,87,5,100,2
4,2,1880.0,88,5,100,2
4,2,1885.0,88,5,100,2
4,2,1890.0,87,5,100,2
4,2,1895.0,88,5,100,2
4,2,1900.0,89,5,100,2
4,2,1905.0,89,5,100,2
4,2,1910.0,89,5,100,2
4,2,1915.0,89,5,100,2
4,2,1920.0,88,5,100,2
4,2,1925.0,89,5,100,2
4,2,1930.0,90,5,100,2
4,2,1935.0,90,5,100,2
4,2,1940.0,90,5,100,2
4,2,1945.0,90,5,100,2
4,2,1950.0,90,5,100,2
4,2,1955.0,92,5,100,2
4,2,1960.0,92,5,100,2
4,2,1965.0,91,5,100,2
4,2,1970.0,91,5,100,2
4,2,1975.0,92,5,100,2
4,2,1980.0,92,5,100,2
4,2,1985.0,91,5,100,2
4,2,1990.0,92,5,100,2
4,2,1995.0,91,5,100,2
4,2,2000.0,91,5,100,2
4,2,2005.0,91,5,100,2
4,2,2010.0,91,5,100,2
4,2,2015.0,92,5,100,2
4,2,2020.0,93,5,100,2
4,2,2025.0,92,5,100,2
4,2,2030.0,90,5,100,2
4,2,2035.0,90,5,100,2
4,2,2040.0,90,5,100,2
4,2,2045.0,90,5,100,2
4,2,2050.0,91,5,100,2
4,2,2055.0,91,5,100,2
4,2,2060.0,91,5,100,2
4,2,2065.0,90,5,100,2
4,2,2070.0,90,5,100,2
4,2,2075.0,90,5,100,2
4,2,2080.0,91,5,100,2
4,2,2085.0,91,5,100,2
4,2,2090.0,90,5,100,2
4,2,2095.0,90,5,100,2
4,2,2100.0,90,5,100,2
4,2,2105.0,90,5,100,2
4,2,2110.0,89,5,100,2
4,2,2115.0,89,5,100,2
4,2,2120.0,88,5,100,2
4,2,2125.0,89,5,100,2
4,2,2130.0,89,5,100,2
4,2,2135.0,89,5,100,2
4,2,2140.0,89,5,100,2
4,2,2145.0,91,5,100,2
4,2,2150.0,90,5,100,2
4,2,2155.0,90,5,100,2
4,2,2160.0,90,5,100,2
4,2,2165.0,90,5,100,2
4,2,2170.0,91,5,100,2
4,2,2175.0,91,5,100,2
4,2,2180.0,91,5,100,2
4,2,2185.0,92,5,100,2
4,2,2190.0,93,5,100,2
4,2,2195.0,92,5,100,2
4,2,2200.0,92,5,100,2
4,2,2205.0,93,5,100,2
4,2,2210.0,92,5,100,2
4,2,2215.0,92,5,100,2
4,2,2220.0,92,5,100,2
4,2,2225.0,92,5,100,2
4,2,2230.0,92,5,100,2
4,2,2235.0,93,5,100,2
4,2,2240.0,93,5,100,2
4,2,2245.0,92,5,100,2
4,2,2250.0,93,5,100,2
4,2,2255.0,92,5,100,2
4,2,2260.0,94,5,100,2
4,2,2265.0,94,5,100,2
4,2,2270.0,94,5,100,2
4,2,2275.0,94,5,100,2
4,2,2280.0,94,5,100,2
4,2,2285.0,95,5,100,2
4,2,2290.0,94,5,100,2
4,2,2295.0,94,5,100,2
4,2,2300.0,92,5,100,2
4,2,2305.0,93,5,100,2
4,2,2310.0,93,5,100,2
4,2,2315.0,93,5,100,2
4,2,2320.0,93,5,100,2
4,2,2325.0,94,5,100,2
4,2,2330.0,94,5,100,2
4,2,2335.0,93,5,100,2
4,2,2340.0,93,5,100,2
4,2,2345.0,93,5,100,2
4,2,2350.0,93,5,100,2
4,2,2355.0,91,5,100,2
4,2,2360.0,91,5,100,2
4,2,2365.0,93,5,100,2
4,2,2370.0,93,5,100,2
4,2,2375.0,92,5,100,2
4,2,2380.0,92,5,100,2
4,2,2385.0,92,5,100,2
4,2,2390.0,91,5,100,2
4,2,2395.0,90,5,100,2
4,2,2400.0,90,5,100,2
4,2,2405.0,91,5,100,2
4,2,2410.0,91,5,100,2
4,2,2415.0,90,5,100,2
4,2,2420.0,89,5,100,2
4,2,2425.0,88,5,100,2
4,2,2430.0,88,5,100,2
4,2,2435.0,87,5,100,2
4,2,2440.0,87,5,100,2
4,2,2445.0,85,5,100,2
4,2,2450.0,85,5,100,2
4,2,2455.0,85,5,100,2
4,2,2460.0,85,5,100,2
4,2,2465.0,85,5,100,2
4,2,2470.0,86,5,100,2
4,2,2475.0,85,5,100,2
4,2,2480.0,85,5,100,2
4,2,2485.0,86,5,100,2
4,2,2490.0,84,5,100,2
4,2,2495.0,83,5,100,2
4,2,2500.0,83,5,100,2
4,2,2505.0,83,5,100,2
4,2,2510.0,83,5,100,2
4,2,2515.0,83,5,100,2
4,2,2520.0,83,5,100,2
4,2,2525.0,83,5,100,2
4,2,2530.0,81,5,100,2
4,2,2535.0,81,5,100,2
4,2,2540.0,83,5,100,2
4,2,2545.0,84,5,100,2
4,2,2550.0,84,5,100,2
4,2,2555.0,84,5,100,2
4,2,2560.0,82,5,100,2
4,2,2565.0,83,5,100,2
4,2,2570.0,83,5,100,2
4,2,2575.0,83,5,100,2
4,2,2580.0,83,5,100,2
4,2,2585.0,83,5,100,2
4,2,2590.0,84,5,100,2
4,2,2595.0,84,5,100,2
4,2,2600.0,86,5,100,2
4,2,2605.0,86,5,100,2
4,2,2610.0,86,5,100,2
4,2,2615.0,87,5,100,2
4,2,2620.0,86,5,100,2
4,2,2625.0,88,5,100,2
4,2,2630.0,87,5,100,2
4,2,2635.0,87,5,100,2
4,2,2640.0,87,5,100,2
4,2,2645.0,87,5,100,2
4,2,2650.0,87,5,100,2
4,2,2655.0,90,5,100,2
4,2,2660.0,91,5,100,2
4,2,2665.0,91,5,100,2
4,2,2670.0,91,5,100,2
4,2,2675.0,92,5,100,2
4,2,2680.0,91,5,100,2
4,2,2685.0,90,5,100,2
4,2,2690.0,90,5,100,2
4,2,2695.0,90,5,100,2
4,2,2700.0,90,5,100,2
4,2,2705.0,90,5,100,2
4,2,2710.0,90,5,100,2
4,2,2715.0,90,5,100,2
4,2,2720.0,90,5,100,2
4,2,2725.0,90,5,100,2
4,2,2730.0,90,5,100,2
4,2,2735.0,90,5,100,2
4,2,2740.0,89,5,100,2
4,2,2745.0,90,5,100,2
4,2,2750.0,90,5,100,2
4,2,2755.0,89,5,100,2
4,2,2760.0,90,5,100,2
4,2,2765.0,90,5,100,2
4,2,2770.0,90,5,100,2
4,2,2775.0,90,5,100,2
4,2,2780.0,90,5,100,2
4,2,2785.0,90,5,100,2
4,2,2790.0,89,5,100,2
4,2,2795.0,90,5,100,2
4,2,2800.0,88,5,100,2
4,2,2805.0,88,5,100,2
4,2,2810.0,88,5,100,2
4,2,2815.0,88,5,100,2
4,2,2820.0,89,5,100,2
4,2,2825.0,89,5,100,2
4,2,2830.0,89,5,100,2
4,2,2835.0,88,5,100,2
4,2,2840.0,88,5,100,2
4,2,2845.0,88,5,100,2
4,2,2850.0,88,5,100,2
4,2,2855.0,88,5,100,2
4,2,2860.0,86,5,100,2
4,2,2865.0,87,5,100,2
4,2,2870.0,87,5,100,2
4,2,2875.0,88,5,100,2
4,2,2880.0,86,5,100,2
4,2,2885.0,87,5,100,2
4,2,2890.0,87,5,100,2
4,2,2895.0,87,5,100,2
4,2,2900.0,85,5,100,2
4,2,2905.0,85,5,100,2
4,2,2910.0,84,5,100,2
4,2,2915.0,84,5,100,2
4,2,2920.0,85,5,100,2
4,2,2925.0,85,5,100,2
4,2,2930.0,84,5,100,2
4,2,2935.0,83,5,100,2
4,2,2940.0,85,5,100,2
4,2,2945.0,85,5,100,2
4,2,2950.0,85,5,100,2
4,2,2955.0,86,5,100,2
4,2,2960.0,86,5,100,2
4,2,2965.0,86,5,100,2
4,2,2970.0,85,5,100,2
4,2,2975.0,86,5,100,2
4,2,2980.0,86,5,100,2
4,2,2985.0,86,5,100,2
4,2,2990.0,86,5,100,2
4,2,2995.0,86,5,100,2
4,2,3000.0,84,5,100,2
4,2,3005.0,84,5,100,2
4,2,3010.0,84,5,100,2
4,2,3015.0,85,5,100,2
4,2,3020.0,87,5,100,2
4,2,3025.0,89,5,100,2
4,2,3030.0,87,5,100,2
4,2,3035.0,89,5,100,2
4,2,3040.0,89,5,100,2
4,2,3045.0,89,5,100,2
4,2,3050.0,90,5,100,2
4,2,3055.0,90,5,100,2
4,2,3060.0,90,5,100,2
4,2,3065.0,90,5,100,2
4,2,3070.0,90,5,100,2
4,2,3075.0,90,5,100,2
4,2,3080.0,91,5,100,2
4,2,3085.0,91,5,100,2
4,2,3090.0,91,5,100,2
4,2,3095.0,91,5,100,2
4,2,3100.0,92,5,100,2
4,2,3105.0,92,5,100,2
4,2,3110.0,92,5,100,2
4,2,3115.0,92,5,100,2
4,2,3120.0,91,5,100,2
4,2,3125.0,90,5,100,2
4,2,3130.0,90,5,100,2
4,2,3135.0,90,5,100,2
4,2,3140.0,89,5,100,2
4,2,3145.0,89,5,100,2
4,2,3150.0,90,5,100,2
4,2,3155.0,89,5,100,2
4,2,3160.0,89,5,100,2
4,2,3165.0,89,5,100,2
4,2,3170.0,88,5,100,2
4,2,3175.0,87,5,100,2
4,2,3180.0,88,5,100,2
4,2,3185.0,88,5,100,2
4,2,3190.0,88,5,100,2
4,2,3195.0,87,5,100,2
4,2,3200.0,88,5,100,2
4,2,3205.0,88,5,100,2
4,2,3210.0,87,5,100,2
4,2,3215.0,85,5,100,2
4,2,3220.0,85,5,100,2
4,2,3225.0,86,5,100,2
4,2,3230.0,86,5,100,2
4,2,3235.0,84,5,100,2
4,2,3240.0,85,5,100,2
4,2,3245.0,86,5,100,2
4,2,3250.0,86,5,100,2
4,2,3255.0,85,5,100,2
4,2,3260.0,86,5,100,2
4,2,3265.0,85,5,100,2
4,2,3270.0,85,5,100,2
4,2,3275.0,84,5,100,2
4,2,3280.0,85,5,100,2
4,2,3285.0,84,5,100,2
4,2,3290.0,87,5,100,2
4,2,3295.0,87,5,100,2
4,2,3300.0,88,5,100,2
4,2,3305.0,88,5,100,2
4,2,3310.0,87,5,100,2
4,2,3315.0,87,5,100,2
4,2,3320.0,87,5,100,2
4,2,3325.0,87,5,100,2
4,2,3330.0,87,5,100,2
4,2,3335.0,87,5,100,2
4,2,3340.0,87,5,100,2
4,2,3345.0,87,5,100,2
4,2,3350.0,86,5,100,2
4,2,3355.0,85,5,100,2
4,2,3360.0,84,5,100,2
4,2,3365.0,83,5,100,2
4,2,3370.0,84,5,100,2
4,2,3375.0,84,5,100,2
4,2,3380.0,84,5,100,2
4,2,3385.0,84,5,100,2
4,2,3390.0,85,5,100,2
4,2,3395.0,86,5,100,2
4,2,3400.0,85,5,100,2
4,2,3405.0,85,5,100,2
4,2,3410.0,86,5,100,2
4,2,3415.0,85,5,100,2
4,2,3420.0,84,5,100,2
4,2,3425.0,85,5,100,2
4,2,3430.0,85,5,100,2
4,2,3435.0,85,5,100,2
4,2,3440.0,85,5,100,2
4,2,3445.0,85,5,100,2
4,2,3450.0,85,5,100,2
4,2,3455.0,85,5,100,2
4,2,3460.0,85,5,100,2
4,2,3465.0,84,5,100,2
4,2,3470.0,83,5,100,2
4,2,3475.0,83,5,100,2
4,2,3480.0,83,5,100,2
4,2,3485.0,83,5,100,2
4,2,3490.0,83,5,100,2
4,2,3495.0,82,5,100,2
4,2,3500.0,83,5,100,2
4,2,3505.0,83,5,100,2
4,2,3510.0,85,5,100,2
4,2,3515.0,84,5,100,2
4,2,3520.0,84,5,100,2
4,2,3525.0,85,5,100,2
4,2,3530.0,86,5,100,2
4,2,3535.0,86,5,100,2
4,2,3540.0,86,5,100,2
4,2,3545.0,86,5,100,2
4,2,3550.0,84,5,100,2
4,2,3555.0,83,5,100,2
4,2,3560.0,83,5,100,2
4,2,3565.0,83,5,100,2
4,2,3570.0,83,5,100,2
4,2,3575.0,83,5,100,2
4,2,3580.0,85,5,100,2
4,2,3585.0,84,5,100,2
4,2,3590.0,84,5,100,2
4,2,3595.0,83,5,100,2
4,2,3600.0,84,5,100,2
4,2,3605.0,84,5,100,2
4,2,3610.0,85,5,100,2
4,2,3615.0,84,5,100,2
4,2,3620.0,83,5,100,2
4,2,3625.0,84,5,100,2
4,2,3630.0,84,5,100,2
4,2,3635.0,83,5,100,2
4,2,3640.0,84,5,100,2
4,2,3645.0,84,5,100,2
4,2,3650.0,84,5,100,2
4,2,3655.0,84,5,100,2
4,2,3660.0,84,5,100,2
4,2,3665.0,84,5,100,2
4,2,3670.0,85,5,100,2
4,2,3675.0,85,5,100,2
4,2,3680.0,84,5,100,2
4,2,3685.0,83,5,100,2
4,2,3690.0,83,5,100,2
4,2,3695.0,83,5,100,2
4,2,3700.0,83,5,100,2
4,2,3705.0,84,5,100,2
4,2,3710.0,84,5,100,2
4,2,3715.0,84,5,100,2
4,2,3720.0,85,5,100,2
4,2,3725.0,86,5,100,2
4,2,3730.0,85,5,100,2
4,2,3735.0,85,5,100,2
4,2,3740.0,84,5,100,2
4,2,3745.0,84,5,100,2
4,2,3750.0,84,5,100,2
4,2,3755.0,85,5,100,2
4,2,3760.0,86,5,100,2
4,2,3765.0,86,5,100,2
4,2,3770.0,85,5,100,2
4,2,3775.0,85,5,100,2
4,2,3780.0,84,5,100,2
4,2,3785.0,83,5,100,2
4,2,3790.0,83,5,100,2
4,2,3795.0,83,5,100,2
4,2,3800.0,83,5,100,2
4,2,3805.0,82,5,100,2
4,2,3810.0,83,5,100,2
4,2,3815.0,83,5,100,2
4,2,3820.0,83,5,100,2
4,2,3825.0,83,5,100,2
4,2,3830.0,84,5,100,2
4,2,3835.0,84,5,100,2
4,2,3840.0,84,5,100,2
4,2,3845.0,84,5,100,2
4,2,3850.0,84,5,100,2
4,2,3855.0,84,5,100,2
4,2,3860.0,87,5,100,2
4,2,3865.0,87,5,100,2
4,2,3870.0,87,5,100,2
4,2,3875.0,87,5,100,2
4,2,3880.0,88,5,100,2
4,2,3885.0,88,5,100,2
4,2,3890.0,88,5,100,2
4,2,3895.0,88,5,100,2
4,2,3900.0,88,5,100,2
4,2,3905.0,88,5,100,2
4,2,3910.0,88,5,100,2
4,2,3915.0,88,5,100,2
4,2,3920.0,89,5,100,2
4,2,3925.0,90,5,100,2
4,2,3930.0,90,5,100,2
4,2,3935.0,90,5,100,2
4,2,3940.0,90,5,100,2
4,2,3945.0,91,5,100,2
4,2,3950.0,91,5,100,2
4,2,3955.0,88,5,100,2
4,2,3960.0,88,5,100,2
4,2,3965.0,88,5,100,2
4,2,3970.0,87,5,100,2
4,2,3975.0,87,5,100,2
4,2,3980.0,87,5,100,2
4,2,3985.0,87,5,100,2
4,2,3990.0,87,5,100,2
4,2,3995.0,86,5,100,2
4,2,4000.0,85,5,100,2
4,2,4005.0,87,5,100,2
4,2,4010.0,88,5,100,2
4,2,4015.0,89,5,100,2
4,2,4020.0,89,5,100,2
4,2,4025.0,89,5,100,2
4,2,4030.0,88,5,100,2
4,2,4035.0,88,5,100,2
4,2,4040.0,87,5,100,2
4,2,4045.0,88,5,100,2
4,2,4050.0,88,5,100,2
4,2,4055.0,88,5,100,2
4,2,4060.0,89,5,100,2
4,2,4065.0,91,5,100,2
4,2,4070.0,91,5,100,2
4,2,4075.0,90,5,100,2
4,2,4080.0,90,5,100,2
4,2,4085.0,90,5,100,2
4,2,4090.0,90,5,100,2
4,2,4095.0,90,5,100,2
4,2,4100.0,91,5,100,2
4,2,4105.0,93,5,100,2
4,2,4110.0,92,5,100,2
4,2,4115.0,92,5,100,2
4,2,4120.0,92,5,100,2
4,2,4125.0,92,5,100,2
4,2,4130.0,93,5,100,2
4,2,4135.0,92,5,100,2
4,2,4140.0,92,5,100,2
4,2,4145.0,92,5,100,2
4,2,4150.0,91,5,100,2
4,2,4155.0,90,5,100,2
4,2,4160.0,91,5,100,2
4,2,4165.0,90,5,100,2
4,2,4170.0,90,5,100,2
4,2,4175.0,90,5,100,2
4,2,4180.0,90,5,100,2
4,2,4185.0,91,5,100,2
4,2,4190.0,90,5,100,2
4,2,4195.0,92,5,100,2
4,2,4200.0,91,5,100,2
4,2,4205.0,91,5,100,2
4,2,4210.0,92,5,100,2
4,2,4215.0,92,5,100,2
4,2,4220.0,93,5,100,2
4,2,4225.0,93,5,100,2
4,2,4230.0,94,5,100,2
4,2,4235.0,94,5,100,2
4,2,4240.0,94,5,100,2
4,2,4245.0,94,5,100,2
4,2,4250.0,94,5,100,2
4,2,4255.0,94,5,100,2
4,2,4260.0,94,5,100,2
4,2,4265.0,95,5,100,2
4,2,4270.0,96,5,100,2
4,2,4275.0,96,5,100,2
4,2,4280.0,97,5,100,2
4,2,4285.0,96,5,100,2
4,2,4290.0,96,5,100,2
4,2,4295.0,96,5,100,2
4,2,4300.0,96,5,100,2
4,2,4305.0,96,5,100,2
4,2,4310.0,97,5,100,2
4,2,4315.0,97,5,100,2
4,2,4320.0,95,5,100,2
4,2,4325.0,94,5,100,2
4,2,4330.0,94,5,100,2
4,2,4335.0,93,5,100,2
4,2,4340.0,93,5,100,2
4,2,4345.0,93,5,100,2
4,2,4350.0,92,5,100,2
4,2,4355.0,92,5,100,2
4,2,4360.0,92,5,100,2
4,2,4365.0,92,5,100,2
4,2,4370.0,91,5,100,2
4,2,4375.0,91,5,100,2
4,2,4380.0,92,5,100,2
4,2,4385.0,92,5,100,2
4,2,4390.0,91,5,100,2
4,2,4395.0,91,5,100,2
4,2,4400.0,91,5,100,2
4,2,4405.0,91,5,100,2
4,2,4410.0,91,5,100,2
4,2,4415.0,92,5,100,2
4,2,4420.0,91,5,100,2
4,2,4425.0,91,5,100,2
4,2,4430.0,91,5,100,2
4,2,4435.0,92,5,100,2
4,2,4440.0,92,5,100,2
4,2,4445.0,91,5,100,2
4,2,4450.0,91,5,100,2
4,2,4455.0,91,5,100,2
4,2,4460.0,91,5,100,2
4,2,4465.0,91,5,100,2
4,2,4470.0,91,5,100,2
4,2,4475.0,91,5,100,2
4,2,4480.0,92,5,100,2
4,2,4485.0,92,5,100,2
4,2,4490.0,92,5,100,2
4,2,4495.0,93,5,100,2
4,2,4500.0,93,5,100,2
4,2,4505.0,93,5,100,2
4,2,4510.0,93,5,100,2
4,2,4515.0,92,5,100,2
4,2,4520.0,92,5,100,2
4,2,4525.0,93,5,100,2
4,2,4530.0,93,5,100,2
4,2,4535.0,92,5,100,2
4,2,4540.0,91,5,100,2
4,2,4545.0,91,5,100,2
4,2,4550.0,91,5,100,2
4,2,4555.0,90,5,100,2
4,2,4560.0,90,5,100,2
4,2,4565.0,90,5,100,2
4,2,4570.0,89,5,100,2
4,2,4575.0,89,5,100,2
4,2,4580.0,89,5,100,2
4,2,4585.0,89,5,100,2
4,2,4590.0,90,5,100,2
4,2,4595.0,91,5,100,2
4,2,4600.0,92,5,100,2
4,2,4605.0,90,5,100,2
4,2,4610.0,90,5,100,2
4,2,4615.0,90,5,100,2
4,2,4620.0,91,5,100,2
4,2,4625.0,91,5,100,2
4,2,4630.0,90,5,100,2
4,2,4635.0,91,5,100,2
4,2,4640.0,91,5,100,2
4,2,4645.0,91,5,100,2
4,2,4650.0,92,5,100,2
4,2,4655.0,92,5,100,2
4,2,4660.0,91,5,100,2
4,2,4665.0,91,5,100,2
4,2,4670.0,92,5,100,2
4,2,4675.0,92,5,100,2
4,2,4680.0,91,5,100,2
4,2,4685.0,91,5,100,2
4,2,4690.0,91,5,100,2
4,2,4695.0,90,5,100,2
4,2,4700.0,90,5,100,2
4,2,4705.0,91,5,100,2
4,2,4710.0,91,5,100,2
4,2,4715.0,91,5,100,2
4,2,4720.0,91,5,100,2
4,2,4725.0,91,5,100,2
4,2,4730.0,92,5,100,2
4,2,4735.0,92,5,100,2
4,2,4740.0,91,5,100,2
4,2,4745.0,91,5,100,2
4,2,4750.0,91,5,100,2
4,2,4755.0,92,5,100,2
4,2,4760.0,92,5,100,2
4,2,4765.0,92,5,100,2
4,2,4770.0,91,5,100,2
4,2,4775.0,92,5,100,2
4,2,4780.0,91,5,100,2
4,2,4785.0,90,5,100,2
4,2,4790.0,90,5,100,2
4,2,4795.0,90,5,100,2
4,2,4800.0,90,5,100,2
4,2,4805.0,88,5,100,2
4,2,4810.0,88,5,100,2
4,2,4815.0,88,5,100,2
4,2,4820.0,87,5,100,2
4,2,4825.0,87,5,100,2
4,2,4830.0,88,5,100,2
4,2,4835.0,88,5,100,2
4,2,4840.0,89,5,100,2
4,2,4845.0,90,5,100,2
4,2,4850.0,90,5,100,2
4,2,4855.0,89,5,100,2
4,2,4860.0,88,5,100,2
4,2,4865.0,89,5,100,2
4,2,4870.0,89,5,100,2
4,2,4875.0,88,5,100,2
4,2,4880.0,88,5,100,2
4,2,4885.0,88,5,100,2
4,2,4890.0,88,5,100,2
4,2,4895.0,88,5,100,2
4,2,4900.0,87,5,100,2
4,2,4905.0,88,5,100,2
4,2,4910.0,88,5,100,2
4,2,4915.0,89,5,100,2
4,2,4920.0,90,5,100,2
4,2,4925.0,90,5,100,2
4,2,4930.0,89,5,100,2
4,2,4935.0,88,5,100,2
4,2,4940.0,88,5,100,2
4,2,4945.0,88,5,100,2
4,2,4950.0,87,5,100,2
4,2,4955.0,86,5,100,2
4,2,4960.0,87,5,100,2
4,2,4965.0,87,5,100,2
4,2,4970.0,87,5,100,2
4,2,4975.0,87,5,100,2
4,2,4980.0,87,5,100,2
4,2,4985.0,87,5,100,2
4,2,4990.0,87,5,100,2
4,2,4995.0,87,5,100,2
4,2,5000.0,87,5,100,2
4,2,5005.0,86,5,100,2
4,2,5010.0,84,5,100,2
4,2,5015.0,84,5,100,2
4,2,5020.0,84,5,100,2
4,2,5025.0,84,5,100,2
4,2,5030.0,84,5,100,2
4,2,5035.0,84,5,100,2
4,2,5040.0,83,5,100,2
4,2,5045.0,84,5,100,2
4,2,5050.0,84,5,100,2
4,2,5055.0,84,5,100,2
4,2,5060.0,85,5,100,2
4,2,5065.0,84,5,100,2
4,2,5070.0,84,5,100,2
4,2,5075.0,86,5,100,2
4,2,5080.0,85,5,100,2
4,2,5085.0,84,5,100,2
4,2,5090.0,84,5,100,2
4,2,5095.0,83,5,100,2
4,2,5100.0,84,5,100,2
4,2,5105.0,84,5,100,2
4,2,5110.0,83,5,100,2
4,2,5115.0,83,5,100,2
4,2,5120.0,82,5,100,2
4,2,5125.0,82,5,100,2
4,2,5130.0,83,5,100,2
4,2,5135.0,81,5,100,2
4,2,5140.0,81,5,100,2
4,2,5145.0,83,5,100,2
4,2,5150.0,84,5,100,2
4,2,5155.0,84,5,100,2
4,2,5160.0,84,5,100,2
4,2,5165.0,84,5,100,2
4,2,5170.0,84,5,100,2
4,2,5175.0,85,5,100,2
4,2,5180.0,85,5,100,2
4,2,5185.0,85,5,100,2
4,2,5190.0,84,5,100,2
4,2,5195.0,84,5,100,2
4,2,5200.0,85,5,100,2
4,2,5205.0,86,5,100,2
4,2,5210.0,86,5,100,2
4,2,5215.0,86,5,100,2
4,2,5220.0,86,5,100,2
4,2,5225.0,86,5,100,2
4,2,5230.0,85,5,100,2
4,2,5235.0,85,5,100,2
4,2,5240.0,86,5,100,2
4,2,5245.0,86,5,100,2
4,2,5250.0,86,5,100,2
4,2,5255.0,85,5,100,2
4,2,5260.0,86,5,100,2
4,2,5265.0,86,5,100,2
4,2,5270.0,86,5,100,2
4,2,5275.0,88,5,100,2
4,2,5280.0,87,5,100,2
4,2,5285.0,88,5,100,2
4,2,5290.0,89,5,100,2
4,2,5295.0,89,5,100,2
4,2,5300.0,89,5,100,2
4,2,5305.0,89,5,100,2
4,2,5310.0,89,5,100,2
4,2,5315.0,89,5,100,2
4,2,5320.0,88,5,100,2
4,2,5325.0,88,5,100,2
4,2,5330.0,87,5,100,2
4,2,5335.0,86,5,100,2
4,2,5340.0,86,5,100,2
4,2,5345.0,86,5,100,2
4,2,5350.0,86,5,100,2
4,2,5355.0,85,5,100,2
4,2,5360.0,85,5,100,2
4,2,5365.0,85,5,100,2
4,2,5370.0,85,5,100,2
4,2,5375.0,85,5,100,2
4,2,5380.0,86,5,100,2
4,2,5385.0,85,5,100,2
4,2,5390.0,85,5,100,2
4,2,5395.0,85,5,100,2
4,2,5400.0,87,5,100,2
4,2,5405.0,87,5,100,2
4,2,5410.0,87,5,100,2
4,2,5415.0,87,5,100,2
4,2,5420.0,87,5,100,2
4,2,5425.0,85,5,100,2
4,2,5430.0,85,5,100,2
4,2,5435.0,85,5,100,2
4,2,5440.0,84,5,100,2
4,2,5445.0,85,5,100,2
4,2,5450.0,86,5,100,2
4,2,5455.0,86,5,100,2
4,2,5460.0,85,5,100,2
4,2,5465.0,85,5,100,2
4,2,5470.0,86,5,100,2
4,2,5475.0,85,5,100,2
4,2,5480.0,83,5,100,2
4,2,5485.0,82,5,100,2
4,2,5490.0,82,5,100,2
4,2,5495.0,83,5,100,2
4,2,5500.0,83,5,100,2
4,2,5505.0,84,5,100,2
4,2,5510.0,85,5,100,2
4,2,5515.0,85,5,100,2
4,2,5520.0,85,5,100,2
4,2,5525.0,84,5,100,2
4,2,5530.0,83,5,100,2
4,2,5535.0,84,5,100,2
4,2,5540.0,84,5,100,2
4,2,5545.0,84,5,100,2
4,2,5550.0,84,5,100,2
4,2,5555.0,85,5,100,2
4,2,5560.0,83,5,100,2
4,2,5565.0,83,5,100,2
4,2,5570.0,84,5,100,2
4,2,5575.0,84,5,100,2
4,2,5580.0,84,5,100,2
4,2,5585.0,84,5,100,2
4,2,5590.0,86,5,100,2
4,2,5595.0,87,5,100,2
4,2,5600.0,88,5,100,2
4,2,5605.0,88,5,100,2
4,2,5610.0,87,5,100,2
4,2,5615.0,88,5,100,2
4,2,5620.0,86,5,100,2
4,2,5625.0,87,5,100,2
4,2,5630.0,87,5,100,2
4,2,5635.0,87,5,100,2
4,2,5640.0,87,5,100,2
4,2,5645.0,86,5,100,2
4,2,5650.0,86,5,100,2
4,2,5655.0,86,5,100,2
4,2,5660.0,84,5,100,2
4,2,5665.0,85,5,100,2
4,2,5670.0,86,5,100,2
4,2,5675.0,86,5,100,2
4,2,5680.0,86,5,100,2
4,2,5685.0,87,5,100,2
4,2,5690.0,86,5,100,2
4,2,5695.0,89,5,100,2
4,2,5700.0,90,5,100,2
4,2,5705.0,91,5,100,2
4,2,5710.0,91,5,100,2
4,2,5715.0,92,5,100,2
4,2,5720.0,94,5,100,2
4,2,5725.0,94,5,100,2
4,2,5730.0,93,5,100,2
4,2,5735.0,93,5,100,2
4,2,5740.0,93,5,100,2
4,2,5745.0,92,5,100,2
4,2,5750.0,91,5,100,2
4,2,5755.0,91,5,100,2
4,2,5760.0,90,5,100,2
4,2,5765.0,89,5,100,2
4,2,5770.0,87,5,100,2
4,2,5775.0,87,5,100,2
4,2,5780.0,90,5,100,2
4,2,5785.0,90,5,100,2
4,2,5790.0,91,5,100,2
4,2,5795.0,91,5,100,2
4,2,5800.0,91,5,100,2
4,2,5805.0,92,5,100,2
4,2,5810.0,92,5,100,2
4,2,5815.0,90,5,100,2
4,2,5820.0,90,5,100,2
4,2,5825.0,90,5,100,2
4,2,5830.0,91,5,100,2
4,2,5835.0,91,5,100,2
4,2,5840.0,91,5,100,2
4,2,5845.0,91,5,100,2
4,2,5850.0,90,5,100,2
4,2,5855.0,90,5,100,2
4,2,5860.0,91,5,100,2
4,2,5865.0,91,5,100,2
4,2,5870.0,92,5,100,2
4,2,5875.0,93,5,100,2
4,2,5880.0,92,5,100,2
4,2,5885.0,91,5,100,2
4,2,5890.0,91,5,100,2
4,2,5895.0,91,5,100,2
4,2,5900.0,90,5,100,2
4,2,5905.0,89,5,100,2
4,2,5910.0,89,5,100,2
4,2,5915.0,89,5,100,2
4,2,5920.0,88,5,100,2
4,2,5925.0,87,5,100,2
4,2,5930.0,88,5,100,2
4,2,5935.0,87,5,100,2
4,2,5940.0,88,5,100,2
4,2,5945.0,89,5,100,2
4,2,5950.0,89,5,100,2
4,2,5955.0,89,5,100,2
4,2,5960.0,89,5,100,2
4,2,5965.0,90,5,100,2
4,2,5970.0,89,5,100,2
4,2,5975.0,90,5,100,2
4,2,5980.0,88,5,100,2
4,2,5985.0,88,5,100,2
4,2,5990.0,90,5,100,2
4,2,5995.0,90,5,100,2
4,2,6000.0,91,5,100,2
4,2,6005.0,90,5,100,2
4,2,6010.0,90,5,100,2
4,2,6015.0,90,5,100,2
4,2,6020.0,90,5,100,2
4,2,6025.0,89,5,100,2
4,2,6030.0,89,5,100,2
4,2,6035.0,89,5,100,2
4,2,6040.0,89,5,100,2
4,2,6045.0,90,5,100,2
4,2,6050.0,90,5,100,2
4,2,6055.0,90,5,100,2
4,2,6060.0,90,5,100,2
4,2,6065.0,89,5,100,2
4,2,6070.0,88,5,100,2
4,2,6075.0,88,5,100,2
4,2,6080.0,89,5,100,2
4,2,6085.0,88,5,100,2
4,2,6090.0,88,5,100,2
4,2,6095.0,88,5,100,2
4,2,6100.0,88,5,100,2
4,2,6105.0,88,5,100,2
4,2,6110.0,88,5,100,2
4,2,6115.0,88,5,100,2
4,2,6120.0,87,5,100,2
4,2,6125.0,86,5,100,2
4,2,6130.0,88,5,100,2
4,2,6135.0,88,5,100,2
4,2,6140.0,89,5,100,2
4,2,6145.0,87,5,100,2
4,2,6150.0,87,5,100,2
4,2,6155.0,87,5,100,2
4,2,6160.0,87,5,100,2
4,2,6165.0,86,5,100,2
4,2,6170.0,86,5,100,2
4,2,6175.0,84,5,100,2
4,2,6180.0,83,5,100,2
4,2,6185.0,84,5,100,2
4,2,6190.0,84,5,100,2
4,2,6195.0,83,5,100,2
4,2,6200.0,84,5,100,2
4,2,6205.0,84,5,100,2
4,2,6210.0,83,5,100,2
4,2,6215.0,87,5,100,2
4,2,6220.0,87,5,100,2
4,2,6225.0,87,5,100,2
4,2,6230.0,87,5,100,2
4,2,6235.0,86,5,100,2
4,2,6240.0,86,5,100,2
4,2,6245.0,86,5,100,2
4,2,6250.0,86,5,100,2
4,2,6255.0,87,5,100,2
4,2,6260.0,85,5,100,2
4,2,6265.0,85,5,100,2
4,2,6270.0,85,5,100,2
4,2,6275.0,85,5,100,2
4,2,6280.0,85,5,100,2
4,2,6285.0,84,5,100,2
4,2,6290.0,84,5,100,2
4,2,6295.0,83,5,100,2
4,2,6300.0,83,5,100,2
4,2,6305.0,83,5,100,2
4,2,6310.0,84,5,100,2
4,2,6315.0,85,5,100,2
4,2,6320.0,85,5,100,2
4,2,6325.0,85,5,100,2
4,2,6330.0,85,5,100,2
4,2,6335.0,85,5,100,2
4,2,6340.0,85,5,100,2
4,2,6345.0,85,5,100,2
4,2,6350.0,84,5,100,2
4,2,6355.0,84,5,100,2
4,2,6360.0,86,5,100,2
4,2,6365.0,86,5,100,2
4,2,6370.0,86,5,100,2
4,2,6375.0,85,5,100,2
4,2,6380.0,87,5,100,2
4,2,6385.0,87,5,100,2
4,2,6390.0,87,5,100,2
4,2,6395.0,87,5,100,2
4,2,6400.0,86,5,100,2
4,2,6405.0,86,5,100,2
4,2,6410.0,86,5,100,2
4,2,6415.0,85,5,100,2
4,2,6420.0,85,5,100,2
4,2,6425.0,85,5,100,2
4,2,6430.0,84,5,100,2
4,2,6435.0,84,5,100,2
4,2,6440.0,84,5,100,2
4,2,6445.0,83,5,100,2
4,2,6450.0,82,5,100,2
4,2,6455.0,82,5,100,2
4,2,6460.0,83,5,100,2
4,2,6465.0,82,5,100,2
4,2,6470.0,84,5,100,2
4,2,6475.0,84,5,100,2
4,2,6480.0,84,5,100,2
4,2,6485.0,84,5,100,2
4,2,6490.0,84,5,100,2
4,2,6495.0,84,5,100,2
4,2,6500.0,84,5,100,2
4,2,6505.0,84,5,100,2
4,2,6510.0,84,5,100,2
4,2,6515.0,84,5,100,2
4,2,6520.0,84,5,100,2
4,2,6525.0,85,5,100,2
4,2,6530.0,84,5,100,2
4,2,6535.0,86,5,100,2
4,2,6540.0,85,5,100,2
4,2,6545.0,85,5,100,2
4,2,6550.0,85,5,100,2
4,2,6555.0,85,5,100,2
4,2,6560.0,85,5,100,2
4,2,6565.0,86,5,100,2
4,2,6570.0,85,5,100,2
4,2,6575.0,85,5,100,2
4,2,6580.0,84,5,100,2
4,2,6585.0,85,5,100,2
4,2,6590.0,85,5,100,2
4,2,6595.0,85,5,100,2
4,2,6600.0,86,5,100,2
4,2,6605.0,86,5,100,2
4,2,6610.0,86,5,100,2
4,2,6615.0,86,5,100,2
4,2,6620.0,87,5,100,2
4,2,6625.0,87,5,100,2
4,2,6630.0,87,5,100,2
4,2,6635.0,88,5,100,2
4,2,6640.0,89,5,100,2
4,2,6645.0,89,5,100,2
4,2,6650.0,90,5,100,2
4,2,6655.0,89,5,100,2
4,2,6660.0,87,5,100,2
4,2,6665.0,87,5,100,2
4,2,6670.0,88,5,100,2
4,2,6675.0,89,5,100,2
4,2,6680.0,89,5,100,2
4,2,6685.0,88,5,100,2
4,2,6690.0,88,5,100,2
4,2,6695.0,84,5,100,2
4,2,6700.0,82,5,100,2
4,2,6705.0,82,5,100,2
4,2,6710.0,82,5,100,2
4,2,6715.0,82,5,100,2
4,2,6720.0,83,5,100,2
4,2,6725.0,83,5,100,2
4,2,6730.0,83,5,100,2
4,2,6735.0,82,5,100,2
4,2,6740.0,83,5,100,2
4,2,6745.0,82,5,100,2
4,2,6750.0,85,5,100,2
4,2,6755.0,85,5,100,2
4,2,6760.0,85,5,100,2
4,2,6765.0,86,5,100,2
4,2,6770.0,85,5,100,2
4,2,6775.0,84,5,100,2
4,2,6780.0,84,5,100,2
4,2,6785.0,83,5,100,2
4,2,6790.0,83,5,100,2
4,2,6795.0,83,5,100,2
4,2,6800.0,82,5,100,2
4,2,6805.0,81,5,100,2
4,2,6810.0,81,5,100,2
4,2,6815.0,81,5,100,2
4,2,6820.0,81,5,100,2
4,2,6825.0,82,5,100,2
4,2,6830.0,82,5,100,2
4,2,6835.0,83,5,100,2
4,2,6840.0,82,5,100,2
4,2,6845.0,83,5,100,2
4,2,6850.0,83,5,100,2
4,2,6855.0,84,5,100,2
4,2,6860.0,85,5,100,2
4,2,6865.0,84,5,100,2
4,2,6870.0,83,5,100,2
4,2,6875.0,83,5,100,2
4,2,6880.0,83,5,100,2
4,2,6885.0,84,5,100,2
4,2,6890.0,84,5,100,2
4,2,6895.0,84,5,100,2
4,2,6900.0,85,5,100,2
4,2,6905.0,84,5,100,2
4,2,6910.0,85,5,100,2
4,2,6915.0,85,5,100,2
4,2,6920.0,84,5,100,2
4,2,6925.0,85,5,100,2
4,2,6930.0,85,5,100,2
4,2,6935.0,85,5,100,2
4,2,6940.0,85,5,100,2
4,2,6945.0,85,5,100,2
4,2,6950.0,85,5,100,2
4,2,6955.0,85,5,100,2
4,2,6960.0,85,5,100,2
4,2,6965.0,85,5,100,2
4,2,6970.0,85,5,100,2
4,2,6975.0,86,5,100,2
4,2,6980.0,86,5,100,2
4,2,6985.0,87,5,100,2
4,2,6990.0,87,5,100,2
4,2,6995.0,87,5,100,2
4,2,7000.0,86,5,100,2
4,2,7005.0,86,5,100,2
4,2,7010.0,84,5,100,2
4,2,7015.0,84,5,100,2
4,2,7020.0,83,5,100,2
4,2,7025.0,83,5,100,2
4,2,7030.0,84,5,100,2
4,2,7035.0,84,5,100,2
4,2,7040.0,85,5,100,2
4,2,7045.0,86,5,100,2
4,2,7050.0,85,5,100,2
4,2,7055.0,85,5,100,2
4,2,7060.0,84,5,100,2
4,2,7065.0,83,5,100,2
4,2,7070.0,83,5,100,2
4,2,7075.0,84,5,100,2
4,2,7080.0,85,5,100,2
4,2,7085.0,86,5,100,2
4,2,7090.0,86,5,100,2
4,2,7095.0,87,5,100,2
4,2,7100.0,87,5,100,2
4,2,7105.0,87,5,100,2
4,2,7110.0,88,5,100,2
4,2,7115.0,88,5,100,2
4,2,7120.0,88,5,100,2
4,2,7125.0,88,5,100,2
4,2,7130.0,87,5,100,2
4,2,7135.0,87,5,100,2
4,2,7140.0,87,5,100,2
4,2,7145.0,86,5,100,2
4,2,7150.0,86,5,100,2
4,2,7155.0,87,5,100,2
4,2,7160.0,87,5,100,2
4,2,7165.0,88,5,100,2
4,2,7170.0,88,5,100,2
4,2,7175.0,90,5,100,2
4,2,7180.0,91,5,100,2
4,2,7185.0,91,5,100,2
4,2,7190.0,90,5,100,2
4,2,7195.0,91,5,100,2
4,2,7200.0,91,5,100,2
4,2,7205.0,91,5,100,2
4,2,7210.0,91,5,100,2
4,2,7215.0,91,5,100,2
4,2,7220.0,91,5,100,2
4,2,7225.0,90,5,100,2
4,2,7230.0,91,5,100,2
4,2,7235.0,91,5,100,2
4,2,7240.0,91,5,100,2
4,2,7245.0,91,5,100,2
4,2,7250.0,91,5,100,2
4,2,7255.0,91,5,100,2
4,2,7260.0,91,5,100,2
4,2,7265.0,91,5,100,2
4,2,7270.0,91,5,100,2
4,2,7275.0,90,5,100,2
4,2,7280.0,90,5,100,2
4,2,7285.0,89,5,100,2
4,2,7290.0,89,5,100,2
4,2,7295.0,90,5,100,2
4,2,7300.0,90,5,100,2
4,2,7305.0,90,5,100,2
4,2,7310.0,90,5,100,2
4,2,7315.0,89,5,100,2
4,2,7320.0,90,5,100,2
4,2,7325.0,89,5,100,2
4,2,7330.0,88,5,100,2
4,2,7335.0,88,5,100,2
4,2,7340.0,89,5,100,2
4,2,7345.0,89,5,100,2
4,2,7350.0,91,5,100,2
4,2,7355.0,91,5,100,2
4,2,7360.0,91,5,100,2
4,2,7365.0,90,5,100,2
4,2,7370.0,89,5,100,2
4,2,7375.0,89,5,100,2
4,2,7380.0,89,5,100,2
4,2,7385.0,89,5,100,2
4,2,7390.0,88,5,100,2
4,2,7395.0,87,5,100,2
4,2,7400.0,87,5,100,2
4,2,7405.0,89,5,100,2
4,2,7410.0,89,5,100,2
4,2,7415.0,90,5,100,2
4,2,7420.0,90,5,100,2
4,2,7425.0,90,5,100,2
4,2,7430.0,90,5,100,2
4,2,7435.0,89,5,100,2
4,2,7440.0,89,5,100,2
4,2,7445.0,88,5,100,2
4,2,7450.0,86,5,100,2
4,2,7455.0,86,5,100,2
4,2,7460.0,86,5,100,2
4,2,7465.0,86,5,100,2
4,2,7470.0,86,5,100,2
4,2,7475.0,87,5,100,2
4,2,7480.0,86,5,100,2
4,2,7485.0,86,5,100,2
4,2,7490.0,86,5,100,2
4,2,7495.0,84,5,100,2
4,2,7500.0,84,5,100,2
4,2,7505.0,85,5,100,2
4,2,7510.0,85,5,100,2
4,2,7515.0,84,5,100,2
4,2,7520.0,84,5,100,2
4,2,7525.0,85,5,100,2
4,2,7530.0,84,5,100,2
4,2,7535.0,83,5,100,2
4,2,7540.0,82,5,100,2
4,2,7545.0,82,5,100,2
5,2,5.0,100,10,100,2
5,2,10.0,99,10,100,2
5,2,15.0,98,10,100,2
5,2,20.0,96,10,100,2
5,2,25.0,96,10,100,2
5,2,30.0,94,10,100,2
5,2,35.0,92,10,100,2
5,2,40.0,92,10,100,2
5,2,45.0,91,10,100,2
5,2,50.0,90,10,100,2
5,2,55.0,89,10,100,2
5,2,60.0,89,10,100,2
5,2,65.0,88,10,100,2
5,2,70.0,88,10,100,2
5,2,75.0,88,10,100,2
5,2,80.0,86,10,100,2
5,2,85.0,86,10,100,2
5,2,90.0,87,10,100,2
5,2,95.0,84,10,100,2
5,2,100.0,85,10,100,2
5,2,105.0,85,10,100,2
5,2,110.0,85,10,100,2
5,2,115.0,85,10,100,2
5,2,120.0,83,10,100,2
5,2,125.0,83,10,100,2
5,2,130.0,84,10,100,2
5,2,135.0,83,10,100,2
5,2,140.0,83,10,100,2
5,2,145.0,81,10,100,2
5,2,150.0,81,10,100,2
5,2,155.0,81,10,100,2
5,2,160.0,79,10,100,2
5,2,165.0,79,10,100,2
5,2,170.0,80,10,100,2
5,2,175.0,81,10,100,2
5,2,180.0,77,10,100,2
5,2,185.0,76,10,100,2
5,2,190.0,76,10,100,2
5,2,195.0,77,10,100,2
5,2,200.0,77,10,100,2
5,2,205.0,77,10,100,2
5,2,210.0,77,10,100,2
5,2,215.0,77,10,100,2
5,2,220.0,76,10,100,2
5,2,225.0,79,10,100,2
5,2,230.0,78,10,100,2
5,2,235.0,78,10,100,2
5,2,240.0,79,10,100,2
5,2,245.0,78,10,100,2
5,2,250.0,79,10,100,2
5,2,255.0,79,10,100,2
5,2,260.0,78,10,100,2
5,2,265.0,77,10,100,2
5,2,270.0,77,10,100,2
5,2,275.0,79,10,100,2
5,2,280.0,79,10,100,2
5,2,285.0,79,10,100,2
5,2,290.0,80,10,100,2
5,2,295.0,81,10,100,2
5,2,300.0,79,10,100,2
5,2,305.0,79,10,100,2
5,2,310.0,78,10,100,2
5,2,315.0,78,10,100,2
5,2,320.0,77,10,100,2
5,2,325.0,78,10,100,2
5,2,330.0,77,10,100,2
5,2,335.0,78,10,100,2
5,2,340.0,79,10,100,2
5,2,345.0,78,10,100,2
5,2,350.0,79,10,100,2
5,2,355.0,80,10,100,2
5,2,360.0,78,10,100,2
5,2,365.0,78,10,100,2
5,2,370.0,78,10,100,2
5,2,375.0,78,10,100,2
5,2,380.0,80,10,100,2
5,2,385.0,80,10,100,2
5,2,390.0,82,10,100,2
5,2,395.0,83,10,100,2
5,2,400.0,82,10,100,2
5,2,405.0,82,10,100,2
5,2,410.0,82,10,100,2
5,2,415.0,81,10,100,2
5,2,420.0,80,10,100,2
5,2,425.0,82,10,100,2
5,2,430.0,84,10,100,2
5,2,435.0,84,10,100,2
5,2,440.0,84,10,100,2
5,2,445.0,83,10,100,2
5,2,450.0,84,10,100,2
5,2,455.0,82,10,100,2
5,2,460.0,83,10,100,2
5,2,465.0,83,10,100,2
5,2,470.0,83,10,100,2
5,2,475.0,81,10,100,2
5,2,480.0,79,10,100,2
5,2,485.0,78,10,100,2
5,2,490.0,79,10,100,2
5,2,495.0,78,10,100,2
5,2,500.0,78,10,100,2
5,2,505.0,78,10,100,2
5,2,510.0,78,10,100,2
5,2,515.0,76,10,100,2
5,2,520.0,74,10,100,2
5,2,525.0,73,10,100,2
5,2,530.0,74,10,100,2
5,2,535.0,74,10,100,2
5,2,540.0,74,10,100,2
5,2,545.0,73,10,100,2
5,2,550.0,73,10,100,2
5,2,555.0,73,10,100,2
5,2,560.0,73,10,100,2
5,2,565.0,71,10,100,2
5,2,570.0,73,10,100,2
5,2,575.0,74,10,100,2
5,2,580.0,73,10,100,2
5,2,585.0,73,10,100,2
5,2,590.0,72,10,100,2
5,2,595.0,71,10,100,2
5,2,600.0,71,10,100,2
5,2,605.0,72,10,100,2
5,2,610.0,72,10,100,2
5,2,615.0,71,10,100,2
5,2,620.0,72,10,100,2
5,2,625.0,71,10,100,2
5,2,630.0,68,10,100,2
5,2,635.0,66,10,100,2
5,2,640.0,67,10,100,2
5,2,645.0,70,10,100,2
5,2,650.0,69,10,100,2
5,2,655.0,70,10,100,2
5,2,660.0,71,10,100,2
5,2,665.0,72,10,100,2
5,2,670.0,73,10,100,2
5,2,675.0,73,10,100,2
5,2,680.0,74,10,100,2
5,2,685.0,74,10,100,2
5,2,690.0,77,10,100,2
5,2,695.0,78,10,100,2
5,2,700.0,77,10,100,2
5,2,705.0,78,10,100,2
5,2,710.0,77,10,100,2
5,2,715.0,76,10,100,2
5,2,720.0,77,10,100,2
5,2,725.0,77,10,100,2
5,2,730.0,80,10,100,2
5,2,735.0,80,10,100,2
5,2,740.0,79,10,100,2
5,2,745.0,80,10,100,2
5,2,750.0,80,10,100,2
5,2,755.0,80,10,100,2
5,2,760.0,79,10,100,2
5,2,765.0,77,10,100,2
5,2,770.0,77,10,100,2
5,2,775.0,78,10,100,2
5,2,780.0,76,10,100,2
5,2,785.0,75,10,100,2
5,2,790.0,75,10,100,2
5,2,795.0,76,10,100,2
5,2,800.0,77,10,100,2
5,2,805.0,76,10,100,2
5,2,810.0,77,10,100,2
5,2,815.0,77,10,100,2
5,2,820.0,78,10,100,2
5,2,825.0,77,10,100,2
5,2,830.0,77,10,100,2
5,2,835.0,77,10,100,2
5,2,840.0,78,10,100,2
5,2,845.0,76,10,100,2
5,2,850.0,75,10,100,2
5,2,855.0,75,10,100,2
5,2,860.0,76,10,100,2
5,2,865.0,76,10,100,2
5,2,870.0,76,10,100,2
5,2,875.0,74,10,100,2
5,2,880.0,75,10,100,2
5,2,885.0,74,10,100,2
5,2,890.0,74,10,100,2
5,2,895.0,75,10,100,2
5,2,900.0,73,10,100,2
5,2,905.0,73,10,100,2
5,2,910.0,74,10,100,2
5,2,915.0,74,10,100,2
5,2,920.0,75,10,100,2
5,2,925.0,76,10,100,2
5,2,930.0,79,10,100,2
5,2,935.0,80,10,100,2
5,2,940.0,81,10,100,2
5,2,945.0,80,10,100,2
5,2,950.0,81,10,100,2
5,2,955.0,83,10,100,2
5,2,960.0,83,10,100,2
5,2,965.0,82,10,100,2
5,2,970.0,82,10,100,2
5,2,975.0,83,10,100,2
5,2,980.0,84,10,100,2
5,2,985.0,84,10,100,2
5,2,990.0,83,10,100,2
5,2,995.0,84,10,100,2
5,2,1000.0,83,10,100,2
5,2,1005.0,83,10,100,2
5,2,1010.0,83,10,100,2
5,2,1015.0,82,10,100,2
5,2,1020.0,82,10,100,2
5,2,1025.0,84,10,100,2
5,2,1030.0,84,10,100,2
5,2,1035.0,81,10,100,2
5,2,1040.0,80,10,100,2
5,2,1045.0,81,10,100,2
5,2,1050.0,77,10,100,2
5,2,1055.0,77,10,100,2
5,2,1060.0,77,10,100,2
5,2,1065.0,77,10,100,2
5,2,1070.0,78,10,100,2
5,2,1075.0,77,10,100,2
5,2,1080.0,78,10,100,2
5,2,1085.0,78,10,100,2
5,2,1090.0,78,10,100,2
5,2,1095.0,76,10,100,2
5,2,1100.0,77,10,100,2
5,2,1105.0,76,10,100,2
5,2,1110.0,76,10,100,2
5,2,1115.0,78,10,100,2
5,2,1120.0,79,10,100,2
5,2,1125.0,80,10,100,2
5,2,1130.0,79,10,100,2
5,2,1135.0,81,10,100,2
5,2,1140.0,83,10,100,2
5,2,1145.0,84,10,100,2
5,2,1150.0,83,10,100,2
5,2,1155.0,83,10,100,2
5,2,1160.0,81,10,100,2
5,2,1165.0,83,10,100,2
5,2,1170.0,84,10,100,2
5,2,1175.0,83,10,100,2
5,2,1180.0,83,10,100,2
5,2,1185.0,80,10,100,2
5,2,1190.0,81,10,100,2
5,2,1195.0,81,10,100,2
5,2,1200.0,81,10,100,2
5,2,1205.0,81,10,100,2
5,2,1210.0,81,10,100,2
5,2,1215.0,81,10,100,2
5,2,1220.0,80,10,100,2
5,2,1225.0,81,10,100,2
5,2,1230.0,81,10,100,2
5,2,1235.0,82,10,100,2
5,2,1240.0,80,10,100,2
5,2,1245.0,83,10,100,2
5,2,1250.0,84,10,100,2
5,2,1255.0,86,10,100,2
5,2,1260.0,87,10,100,2
5,2,1265.0,87,10,100,2
5,2,1270.0,86,10,100,2
5,2,1275.0,87,10,100,2
5,2,1280.0,87,10,100,2
5,2,1285.0,86,10,100,2
5,2,1290.0,87,10,100,2
5,2,1295.0,87,10,100,2
5,2,1300.0,86,10,100,2
5,2,1305.0,84,10,100,2
5,2,1310.0,84,10,100,2
5,2,1315.0,84,10,100,2
5,2,1320.0,85,10,100,2
5,2,1325.0,84,10,100,2
5,2,1330.0,84,10,100,2
5,2,1335.0,83,10,100,2
5,2,1340.0,82,10,100,2
5,2,1345.0,83,10,100,2
5,2,1350.0,84,10,100,2
5,2,1355.0,83,10,100,2
5,2,1360.0,82,10,100,2
5,2,1365.0,82,10,100,2
5,2,1370.0,79,10,100,2
5,2,1375.0,78,10,100,2
5,2,1380.0,79,10,100,2
5,2,1385.0,79,10,100,2
5,2,1390.0,80,10,100,2
5,2,1395.0,79,10,100,2
5,2,1400.0,80,10,100,2
5,2,1405.0,80,10,100,2
5,2,1410.0,78,10,100,2
5,2,1415.0,77,10,100,2
5,2,1420.0,78,10,100,2
5,2,1425.0,80,10,100,2
5,2,1430.0,77,10,100,2
5,2,1435.0,78,10,100,2
5,2,1440.0,79,10,100,2
5,2,1445.0,78,10,100,2
5,2,1450.0,76,10,100,2
5,2,1455.0,76,10,100,2
5,2,1460.0,76,10,100,2
5,2,1465.0,75,10,100,2
5,2,1470.0,73,10,100,2
5,2,1475.0,72,10,100,2
5,2,1480.0,71,10,100,2
5,2,1485.0,71,10,100,2
5,2,1490.0,71,10,100,2
5,2,1495.0,71,10,100,2
5,2,1500.0,71,10,100,2
5,2,1505.0,72,10,100,2
5,2,1510.0,72,10,100,2
5,2,1515.0,72,10,100,2
5,2,1520.0,72,10,100,2
5,2,1525.0,74,10,100,2
5,2,1530.0,74,10,100,2
5,2,1535.0,74,10,100,2
5,2,1540.0,75,10,100,2
5,2,1545.0,74,10,100,2
5,2,1550.0,74,10,100,2
5,2,1555.0,74,10,100,2
5,2,1560.0,74,10,100,2
5,2,1565.0,74,10,100,2
5,2,1570.0,74,10,100,2
5,2,1575.0,73,10,100,2
5,2,1580.0,73,10,100,2
5,2,1585.0,74,10,100,2
5,2,1590.0,73,10,100,2
5,2,1595.0,74,10,100,2
5,2,1600.0,77,10,100,2
5,2,1605.0,77,10,100,2
5,2,1610.0,77,10,100,2
5,2,1615.0,77,10,100,2
5,2,1620.0,77,10,100,2
5,2,1625.0,78,10,100,2
5,2,1630.0,78,10,100,2
5,2,1635.0,78,10,100,2
5,2,1640.0,80,10,100,2
5,2,1645.0,82,10,100,2
5,2,1650.0,81,10,100,2
5,2,1655.0,82,10,100,2
5,2,1660.0,83,10,100,2
5,2,1665.0,85,10,100,2
5,2,1670.0,86,10,100,2
5,2,1675.0,86,10,100,2
5,2,1680.0,87,10,100,2
5,2,1685.0,87,10,100,2
5,2,1690.0,86,10,100,2
5,2,1695.0,85,10,100,2
5,2,1700.0,84,10,100,2
5,2,1705.0,85,10,100,2
5,2,1710.0,83,10,100,2
5,2,1715.0,83,10,100,2
5,2,1720.0,86,10,100,2
5,2,1725.0,85,10,100,2
5,2,1730.0,85,10,100,2
5,2,1735.0,84,10,100,2
5,2,1740.0,83,10,100,2
5,2,1745.0,83,10,100,2
5,2,1750.0,84,10,100,2
5,2,1755.0,84,10,100,2
5,2,1760.0,84,10,100,2
5,2,1765.0,85,10,100,2
5,2,1770.0,85,10,100,2
5,2,1775.0,86,10,100,2
5,2,1780.0,85,10,100,2
5,2,1785.0,85,10,100,2
5,2,1790.0,86,10,100,2
5,2,1795.0,85,10,100,2
5,2,1800.0,85,10,100,2
5,2,1805.0,85,10,100,2
5,2,1810.0,83,10,100,2
5,2,1815.0,82,10,100,2
5,2,1820.0,83,10,100,2
5,2,1825.0,83,10,100,2
5,2,1830.0,83,10,100,2
5,2,1835.0,83,10,100,2
5,2,1840.0,83,10,100,2
5,2,1845.0,83,10,100,2
5,2,1850.0,84,10,100,2
5,2,1855.0,85,10,100,2
5,2,1860.0,85,10,100,2
5,2,1865.0,86,10,100,2
5,2,1870.0,85,10,100,2
5,2,1875.0,86,10,100,2
5,2,1880.0,86,10,100,2
5,2,1885.0,88,10,100,2
5,2,1890.0,88,10,100,2
5,2,1895.0,88,10,100,2
5,2,1900.0,86,10,100,2
5,2,1905.0,87,10,100,2
5,2,1910.0,87,10,100,2
5,2,1915.0,87,10,100,2
5,2,1920.0,85,10,100,2
5,2,1925.0,86,10,100,2
5,2,1930.0,87,10,100,2
5,2,1935.0,89,10,100,2
5,2,1940.0,91,10,100,2
5,2,1945.0,92,10,100,2
5,2,1950.0,92,10,100,2
5,2,1955.0,90,10,100,2
5,2,1960.0,89,10,100,2
5,2,1965.0,87,10,100,2
5,2,1970.0,86,10,100,2
5,2,1975.0,88,10,100,2
5,2,1980.0,88,10,100,2
5,2,1985.0,88,10,100,2
5,2,1990.0,88,10,100,2
5,2,1995.0,86,10,100,2
5,2,2000.0,85,10,100,2
5,2,2005.0,85,10,100,2
5,2,2010.0,85,10,100,2
5,2,2015.0,84,10,100,2
5,2,2020.0,85,10,100,2
5,2,2025.0,86,10,100,2
5,2,2030.0,87,10,100,2
5,2,2035.0,87,10,100,2
5,2,2040.0,84,10,100,2
5,2,2045.0,83,10,100,2
5,2,2050.0,82,10,100,2
5,2,2055.0,82,10,100,2
5,2,2060.0,82,10,100,2
5,2,2065.0,81,10,100,2
5,2,2070.0,81,10,100,2
5,2,2075.0,81,10,100,2
5,2,2080.0,81,10,100,2
5,2,2085.0,81,10,100,2
5,2,2090.0,80,10,100,2
5,2,2095.0,79,10,100,2
5,2,2100.0,78,10,100,2
5,2,2105.0,78,10,100,2
5,2,2110.0,78,10,100,2
5,2,2115.0,78,10,100,2
5,2,2120.0,80,10,100,2
5,2,2125.0,81,10,100,2
5,2,2130.0,82,10,100,2
5,2,2135.0,82,10,100,2
5,2,2140.0,84,10,100,2
5,2,2145.0,83,10,100,2
5,2,2150.0,84,10,100,2
5,2,2155.0,85,10,100,2
5,2,2160.0,85,10,100,2
5,2,2165.0,86,10,100,2
5,2,2170.0,87,10,100,2
5,2,2175.0,89,10,100,2
5,2,2180.0,88,10,100,2
5,2,2185.0,90,10,100,2
5,2,2190.0,90,10,100,2
5,2,2195.0,89,10,100,2
5,2,2200.0,89,10,100,2
5,2,2205.0,90,10,100,2
5,2,2210.0,92,10,100,2
5,2,2215.0,91,10,100,2
5,2,2220.0,92,10,100,2
5,2,2225.0,91,10,100,2
5,2,2230.0,91,10,100,2
5,2,2235.0,93,10,100,2
5,2,2240.0,92,10,100,2
5,2,2245.0,92,10,100,2
5,2,2250.0,92,10,100,2
5,2,2255.0,93,10,100,2
5,2,2260.0,91,10,100,2
5,2,2265.0,91,10,100,2
5,2,2270.0,91,10,100,2
5,2,2275.0,91,10,100,2
5,2,2280.0,90,10,100,2
5,2,2285.0,88,10,100,2
5,2,2290.0,88,10,100,2
5,2,2295.0,88,10,100,2
5,2,2300.0,88,10,100,2
5,2,2305.0,88,10,100,2
5,2,2310.0,89,10,100,2
5,2,2315.0,87,10,100,2
5,2,2320.0,87,10,100,2
5,2,2325.0,87,10,100,2
5,2,2330.0,87,10,100,2
5,2,2335.0,87,10,100,2
5,2,2340.0,86,10,100,2
5,2,2345.0,85,10,100,2
5,2,2350.0,84,10,100,2
5,2,2355.0,85,10,100,2
5,2,2360.0,84,10,100,2
5,2,2365.0,83,10,100,2
5,2,2370.0,83,10,100,2
5,2,2375.0,83,10,100,2
5,2,2380.0,82,10,100,2
5,2,2385.0,81,10,100,2
5,2,2390.0,80,10,100,2
5,2,2395.0,81,10,100,2
5,2,2400.0,80,10,100,2
5,2,2405.0,81,10,100,2
5,2,2410.0,79,10,100,2
5,2,2415.0,79,10,100,2
5,2,2420.0,79,10,100,2
5,2,2425.0,80,10,100,2
5,2,2430.0,80,10,100,2
5,2,2435.0,80,10,100,2
5,2,2440.0,80,10,100,2
5,2,2445.0,81,10,100,2
5,2,2450.0,78,10,100,2
5,2,2455.0,78,10,100,2
5,2,2460.0,77,10,100,2
5,2,2465.0,77,10,100,2
5,2,2470.0,77,10,100,2
5,2,2475.0,75,10,100,2
5,2,2480.0,75,10,100,2
5,2,2485.0,75,10,100,2
5,2,2490.0,74,10,100,2
5,2,2495.0,75,10,100,2
5,2,2500.0,74,10,100,2
5,2,2505.0,72,10,100,2
5,2,2510.0,71,10,100,2
5,2,2515.0,71,10,100,2
5,2,2520.0,71,10,100,2
5,2,2525.0,71,10,100,2
5,2,2530.0,71,10,100,2
5,2,2535.0,70,10,100,2
5,2,2540.0,69,10,100,2
5,2,2545.0,68,10,100,2
5,2,2550.0,69,10,100,2
5,2,2555.0,69,10,100,2
5,2,2560.0,69,10,100,2
5,2,2565.0,69,10,100,2
5,2,2570.0,68,10,100,2
5,2,2575.0,69,10,100,2
5,2,2580.0,71,10,100,2
5,2,2585.0,71,10,100,2
5,2,2590.0,71,10,100,2
5,2,2595.0,74,10,100,2
5,2,2600.0,76,10,100,2
5,2,2605.0,77,10,100,2
5,2,2610.0,75,10,100,2
5,2,2615.0,75,10,100,2
5,2,2620.0,75,10,100,2
5,2,2625.0,76,10,100,2
5,2,2630.0,75,10,100,2
5,2,2635.0,74,10,100,2
5,2,2640.0,74,10,100,2
5,2,2645.0,75,10,100,2
5,2,2650.0,74,10,100,2
5,2,2655.0,74,10,100,2
5,2,2660.0,74,10,100,2
5,2,2665.0,73,10,100,2
5,2,2670.0,74,10,100,2
5,2,2675.0,73,10,100,2
5,2,2680.0,74,10,100,2
5,2,2685.0,73,10,100,2
5,2,2690.0,73,10,100,2
5,2,2695.0,73,10,100,2
5,2,2700.0,73,10,100,2
5,2,2705.0,72,10,100,2
5,2,2710.0,70,10,100,2
5,2,2715.0,70,10,100,2
5,2,2720.0,69,10,100,2
5,2,2725.0,71,10,100,2
5,2,2730.0,71,10,100,2
5,2,2735.0,70,10,100,2
5,2,2740.0,70,10,100,2
5,2,2745.0,70,10,100,2
5,2,2750.0,70,10,100,2
5,2,2755.0,71,10,100,2
5,2,2760.0,71,10,100,2
5,2,2765.0,70,10,100,2
5,2,2770.0,70,10,100,2
5,2,2775.0,69,10,100,2
5,2,2780.0,69,10,100,2
5,2,2785.0,69,10,100,2
5,2,2790.0,68,10,100,2
5,2,2795.0,68,10,100,2
5,2,2800.0,68,10,100,2
5,2,2805.0,72,10,100,2
5,2,2810.0,72,10,100,2
5,2,2815.0,71,10,100,2
5,2,2820.0,72,10,100,2
5,2,2825.0,72,10,100,2
5,2,2830.0,69,10,100,2
5,2,2835.0,68,10,100,2
5,2,2840.0,68,10,100,2
5,2,2845.0,68,10,100,2
5,2,2850.0,68,10,100,2
5,2,2855.0,67,10,100,2
5,2,2860.0,66,10,100,2
5,2,2865.0,66,10,100,2
5,2,2870.0,67,10,100,2
5,2,2875.0,67,10,100,2
5,2,2880.0,68,10,100,2
5,2,2885.0,68,10,100,2
5,2,2890.0,69,10,100,2
5,2,2895.0,69,10,100,2
5,2,2900.0,69,10,100,2
5,2,2905.0,69,10,100,2
5,2,2910.0,69,10,100,2
5,2,2915.0,69,10,100,2
5,2,2920.0,70,10,100,2
5,2,2925.0,71,10,100,2
5,2,2930.0,72,10,100,2
5,2,2935.0,73,10,100,2
5,2,2940.0,73,10,100,2
5,2,2945.0,73,10,100,2
5,2,2950.0,72,10,100,2
5,2,2955.0,71,10,100,2
5,2,2960.0,70,10,100,2
5,2,2965.0,70,10,100,2
5,2,2970.0,69,10,100,2
5,2,2975.0,70,10,100,2
5,2,2980.0,70,10,100,2
5,2,2985.0,69,10,100,2
5,2,2990.0,69,10,100,2
5,2,2995.0,70,10,100,2
5,2,3000.0,68,10,100,2
5,2,3005.0,69,10,100,2
5,2,3010.0,71,10,100,2
5,2,3015.0,70,10,100,2
5,2,3020.0,70,10,100,2
5,2,3025.0,70,10,100,2
5,2,3030.0,70,10,100,2
5,2,3035.0,72,10,100,2
5,2,3040.0,72,10,100,2
5,2,3045.0,72,10,100,2
5,2,3050.0,71,10,100,2
5,2,3055.0,71,10,100,2
5,2,3060.0,71,10,100,2
5,2,3065.0,71,10,100,2
5,2,3070.0,70,10,100,2
5,2,3075.0,67,10,100,2
5,2,3080.0,67,10,100,2
5,2,3085.0,67,10,100,2
5,2,3090.0,68,10,100,2
5,2,3095.0,68,10,100,2
5,2,3100.0,69,10,100,2
5,2,3105.0,70,10,100,2
5,2,3110.0,71,10,100,2
5,2,3115.0,72,10,100,2
5,2,3120.0,72,10,100,2
5,2,3125.0,68,10,100,2
5,2,3130.0,67,10,100,2
5,2,3135.0,70,10,100,2
5,2,3140.0,70,10,100,2
5,2,3145.0,70,10,100,2
5,2,3150.0,70,10,100,2
5,2,3155.0,69,10,100,2
5,2,3160.0,70,10,100,2
5,2,3165.0,72,10,100,2
5,2,3170.0,71,10,100,2
5,2,3175.0,70,10,100,2
5,2,3180.0,69,10,100,2
5,2,3185.0,72,10,100,2
5,2,3190.0,76,10,100,2
5,2,3195.0,76,10,100,2
5,2,3200.0,76,10,100,2
5,2,3205.0,75,10,100,2
5,2,3210.0,76,10,100,2
5,2,3215.0,78,10,100,2
5,2,3220.0,78,10,100,2
5,2,3225.0,78,10,100,2
5,2,3230.0,78,10,100,2
5,2,3235.0,77,10,100,2
5,2,3240.0,76,10,100,2
5,2,3245.0,75,10,100,2
5,2,3250.0,76,10,100,2
5,2,3255.0,76,10,100,2
5,2,3260.0,75,10,100,2
5,2,3265.0,74,10,100,2
5,2,3270.0,74,10,100,2
5,2,3275.0,74,10,100,2
5,2,3280.0,74,10,100,2
5,2,3285.0,73,10,100,2
5,2,3290.0,72,10,100,2
5,2,3295.0,72,10,100,2
5,2,3300.0,73,10,100,2
5,2,3305.0,73,10,100,2
5,2,3310.0,74,10,100,2
5,2,3315.0,75,10,100,2
5,2,3320.0,75,10,100,2
5,2,3325.0,76,10,100,2
5,2,3330.0,76,10,100,2
5,2,3335.0,75,10,100,2
5,2,3340.0,75,10,100,2
5,2,3345.0,74,10,100,2
5,2,3350.0,75,10,100,2
5,2,3355.0,76,10,100,2
5,2,3360.0,76,10,100,2
5,2,3365.0,77,10,100,2
5,2,3370.0,77,10,100,2
5,2,3375.0,79,10,100,2
5,2,3380.0,80,10,100,2
5,2,3385.0,82,10,100,2
5,2,3390.0,81,10,100,2
5,2,3395.0,81,10,100,2
5,2,3400.0,81,10,100,2
5,2,3405.0,81,10,100,2
5,2,3410.0,79,10,100,2
5,2,3415.0,79,10,100,2
5,2,3420.0,79,10,100,2
5,2,3425.0,80,10,100,2
5,2,3430.0,82,10,100,2
5,2,3435.0,82,10,100,2
5,2,3440.0,82,10,100,2
5,2,3445.0,82,10,100,2
5,2,3450.0,82,10,100,2
5,2,3455.0,84,10,100,2
5,2,3460.0,83,10,100,2
5,2,3465.0,83,10,100,2
5,2,3470.0,82,10,100,2
5,2,3475.0,80,10,100,2
5,2,3480.0,81,10,100,2
5,2,3485.0,83,10,100,2
5,2,3490.0,83,10,100,2
5,2,3495.0,83,10,100,2
5,2,3500.0,83,10,100,2
5,2,3505.0,81,10,100,2
5,2,3510.0,81,10,100,2
5,2,3515.0,81,10,100,2
5,2,3520.0,82,10,100,2
5,2,3525.0,81,10,100,2
5,2,3530.0,81,10,100,2
5,2,3535.0,80,10,100,2
5,2,3540.0,80,10,100,2
5,2,3545.0,81,10,100,2
5,2,3550.0,83,10,100,2
5,2,3555.0,83,10,100,2
5,2,3560.0,83,10,100,2
5,2,3565.0,82,10,100,2
5,2,3570.0,82,10,100,2
5,2,3575.0,82,10,100,2
5,2,3580.0,82,10,100,2
5,2,3585.0,83,10,100,2
5,2,3590.0,84,10,100,2
5,2,3595.0,84,10,100,2
5,2,3600.0,84,10,100,2
5,2,3605.0,86,10,100,2
5,2,3610.0,87,10,100,2
5,2,3615.0,87,10,100,2
5,2,3620.0,89,10,100,2
5,2,3625.0,88,10,100,2
5,2,3630.0,89,10,100,2
5,2,3635.0,88,10,100,2
5,2,3640.0,88,10,100,2
5,2,3645.0,87,10,100,2
5,2,3650.0,87,10,100,2
5,2,3655.0,86,10,100,2
5,2,3660.0,85,10,100,2
5,2,3665.0,86,10,100,2
5,2,3670.0,84,10,100,2
5,2,3675.0,84,10,100,2
5,2,3680.0,83,10,100,2
5,2,3685.0,82,10,100,2
5,2,3690.0,82,10,100,2
5,2,3695.0,81,10,100,2
5,2,3700.0,81,10,100,2
5,2,3705.0,82,10,100,2
5,2,3710.0,81,10,100,2
5,2,3715.0,82,10,100,2
5,2,3720.0,81,10,100,2
5,2,3725.0,81,10,100,2
5,2,3730.0,80,10,100,2
5,2,3735.0,81,10,100,2
5,2,3740.0,81,10,100,2
5,2,3745.0,80,10,100,2
5,2,3750.0,80,10,100,2
5,2,3755.0,79,10,100,2
5,2,3760.0,82,10,100,2
5,2,3765.0,80,10,100,2
5,2,3770.0,81,10,100,2
5,2,3775.0,81,10,100,2
5,2,3780.0,81,10,100,2
5,2,3785.0,81,10,100,2
5,2,3790.0,79,10,100,2
5,2,3795.0,79,10,100,2
5,2,3800.0,80,10,100,2
5,2,3805.0,81,10,100,2
5,2,3810.0,80,10,100,2
5,2,3815.0,79,10,100,2
5,2,3820.0,78,10,100,2
5,2,3825.0,77,10,100,2
5,2,3830.0,77,10,100,2
5,2,3835.0,78,10,100,2
5,2,3840.0,79,10,100,2
5,2,3845.0,79,10,100,2
5,2,3850.0,78,10,100,2
5,2,3855.0,79,10,100,2
5,2,3860.0,80,10,100,2
5,2,3865.0,80,10,100,2
5,2,3870.0,82,10,100,2
5,2,3875.0,83,10,100,2
5,2,3880.0,82,10,100,2
5,2,3885.0,81,10,100,2
5,2,3890.0,80,10,100,2
5,2,3895.0,80,10,100,2
5,2,3900.0,80,10,100,2
5,2,3905.0,80,10,100,2
5,2,3910.0,80,10,100,2
5,2,3915.0,81,10,100,2
5,2,3920.0,81,10,100,2
5,2,3925.0,80,10,100,2
5,2,3930.0,79,10,100,2
5,2,3935.0,80,10,100,2
5,2,3940.0,80,10,100,2
5,2,3945.0,80,10,100,2
5,2,3950.0,79,10,100,2
5,2,3955.0,79,10,100,2
5,2,3960.0,80,10,100,2
5,2,3965.0,81,10,100,2
5,2,3970.0,82,10,100,2
5,2,3975.0,81,10,100,2
5,2,3980.0,81,10,100,2
5,2,3985.0,81,10,100,2
5,2,3990.0,81,10,100,2
5,2,3995.0,80,10,100,2
5,2,4000.0,80,10,100,2
5,2,4005.0,82,10,100,2
5,2,4010.0,81,10,100,2
5,2,4015.0,81,10,100,2
5,2,4020.0,81,10,100,2
5,2,4025.0,80,10,100,2
5,2,4030.0,80,10,100,2
5,2,4035.0,81,10,100,2
5,2,4040.0,81,10,100,2
5,2,4045.0,81,10,100,2
5,2,4050.0,81,10,100,2
5,2,4055.0,80,10,100,2
5,2,4060.0,80,10,100,2
5,2,4065.0,78,10,100,2
5,2,4070.0,79,10,100,2
5,2,4075.0,80,10,100,2
5,2,4080.0,81,10,100,2
5,2,4085.0,81,10,100,2
5,2,4090.0,82,10,100,2
5,2,4095.0,83,10,100,2
5,2,4100.0,83,10,100,2
5,2,4105.0,83,10,100,2
5,2,4110.0,84,10,100,2
5,2,4115.0,84,10,100,2
5,2,4120.0,84,10,100,2
5,2,4125.0,85,10,100,2
5,2,4130.0,85,10,100,2
5,2,4135.0,86,10,100,2
5,2,4140.0,84,10,100,2
5,2,4145.0,84,10,100,2
5,2,4150.0,84,10,100,2
5,2,4155.0,84,10,100,2
5,2,4160.0,84,10,100,2
5,2,4165.0,84,10,100,2
5,2,4170.0,84,10,100,2
5,2,4175.0,86,10,100,2
5,2,4180.0,86,10,100,2
5,2,4185.0,86,10,100,2
5,2,4190.0,87,10,100,2
5,2,4195.0,86,10,100,2
5,2,4200.0,86,10,100,2
5,2,4205.0,85,10,100,2
5,2,4210.0,84,10,100,2
5,2,4215.0,86,10,100,2
5,2,4220.0,87,10,100,2
5,2,4225.0,87,10,100,2
5,2,4230.0,86,10,100,2
5,2,4235.0,85,10,100,2
5,2,4240.0,85,10,100,2
5,2,4245.0,85,10,100,2
5,2,4250.0,85,10,100,2
5,2,4255.0,85,10,100,2
5,2,4260.0,83,10,100,2
5,2,4265.0,82,10,100,2
5,2,4270.0,82,10,100,2
5,2,4275.0,83,10,100,2
5,2,4280.0,83,10,100,2
5,2,4285.0,83,10,100,2
5,2,4290.0,83,10,100,2
5,2,4295.0,82,10,100,2
5,2,4300.0,85,10,100,2
5,2,4305.0,85,10,100,2
5,2,4310.0,85,10,100,2
5,2,4315.0,83,10,100,2
5,2,4320.0,83,10,100,2
5,2,4325.0,84,10,100,2
5,2,4330.0,84,10,100,2
5,2,4335.0,86,10,100,2
5,2,4340.0,86,10,100,2
5,2,4345.0,85,10,100,2
5,2,4350.0,85,10,100,2
5,2,4355.0,84,10,100,2
5,2,4360.0,82,10,100,2
5,2,4365.0,80,10,100,2
5,2,4370.0,81,10,100,2
5,2,4375.0,81,10,100,2
5,2,4380.0,80,10,100,2
5,2,4385.0,83,10,100,2
5,2,4390.0,82,10,100,2
5,2,4395.0,82,10,100,2
5,2,4400.0,82,10,100,2
5,2,4405.0,81,10,100,2
5,2,4410.0,84,10,100,2
5,2,4415.0,85,10,100,2
5,2,4420.0,87,10,100,2
5,2,4425.0,87,10,100,2
5,2,4430.0,87,10,100,2
5,2,4435.0,87,10,100,2
5,2,4440.0,88,10,100,2
5,2,4445.0,89,10,100,2
5,2,4450.0,89,10,100,2
5,2,4455.0,87,10,100,2
5,2,4460.0,87,10,100,2
5,2,4465.0,86,10,100,2
5,2,4470.0,86,10,100,2
5,2,4475.0,85,10,100,2
5,2,4480.0,85,10,100,2
5,2,4485.0,85,10,100,2
5,2,4490.0,84,10,100,2
5,2,4495.0,83,10,100,2
5,2,4500.0,83,10,100,2
5,2,4505.0,85,10,100,2
5,2,4510.0,85,10,100,2
5,2,4515.0,85,10,100,2
5,2,4520.0,85,10,100,2
5,2,4525.0,84,10,100,2
5,2,4530.0,83,10,100,2
5,2,4535.0,83,10,100,2
5,2,4540.0,82,10,100,2
5,2,4545.0,83,10,100,2
5,2,4550.0,83,10,100,2
5,2,4555.0,83,10,100,2
5,2,4560.0,82,10,100,2
5,2,4565.0,80,10,100,2
5,2,4570.0,79,10,100,2
5,2,4575.0,80,10,100,2
5,2,4580.0,81,10,100,2
5,2,4585.0,80,10,100,2
5,2,4590.0,79,10,100,2
5,2,4595.0,79,10,100,2
5,2,4600.0,79,10,100,2
5,2,4605.0,80,10,100,2
5,2,4610.0,79,10,100,2
5,2,4615.0,81,10,100,2
5,2,4620.0,81,10,100,2
5,2,4625.0,81,10,100,2
5,2,4630.0,81,10,100,2
5,2,4635.0,81,10,100,2
5,2,4640.0,81,10,100,2
5,2,4645.0,82,10,100,2
5,2,4650.0,81,10,100,2
5,2,4655.0,81,10,100,2
5,2,4660.0,82,10,100,2
5,2,4665.0,82,10,100,2
5,2,4670.0,82,10,100,2
5,2,4675.0,84,10,100,2
5,2,4680.0,85,10,100,2
5,2,4685.0,86,10,100,2
5,2,4690.0,85,10,100,2
5,2,4695.0,85,10,100,2
5,2,4700.0,85,10,100,2
5,2,4705.0,85,10,100,2
5,2,4710.0,84,10,100,2
5,2,4715.0,82,10,100,2
5,2,4720.0,82,10,100,2
5,2,4725.0,81,10,100,2
5,2,4730.0,81,10,100,2
5,2,4735.0,81,10,100,2
5,2,4740.0,82,10,100,2
5,2,4745.0,80,10,100,2
5,2,4750.0,80,10,100,2
5,2,4755.0,80,10,100,2
5,2,4760.0,83,10,100,2
5,2,4765.0,82,10,100,2
5,2,4770.0,82,10,100,2
5,2,4775.0,81,10,100,2
5,2,4780.0,79,10,100,2
5,2,4785.0,79,10,100,2
5,2,4790.0,79,10,100,2
5,2,4795.0,79,10,100,2
5,2,4800.0,79,10,100,2
5,2,4805.0,80,10,100,2
5,2,4810.0,79,10,100,2
5,2,4815.0,81,10,100,2
5,2,4820.0,82,10,100,2
5,2,4825.0,82,10,100,2
5,2,4830.0,83,10,100,2
5,2,4835.0,81,10,100,2
5,2,4840.0,81,10,100,2
5,2,4845.0,81,10,100,2
5,2,4850.0,79,10,100,2
5,2,4855.0,78,10,100,2
5,2,4860.0,79,10,100,2
5,2,4865.0,79,10,100,2
5,2,4870.0,79,10,100,2
5,2,4875.0,79,10,100,2
5,2,4880.0,80,10,100,2
5,2,4885.0,80,10,100,2
5,2,4890.0,81,10,100,2
5,2,4895.0,79,10,100,2
5,2,4900.0,80,10,100,2
5,2,4905.0,81,10,100,2
5,2,4910.0,81,10,100,2
5,2,4915.0,82,10,100,2
5,2,4920.0,82,10,100,2
5,2,4925.0,82,10,100,2
5,2,4930.0,83,10,100,2
5,2,4935.0,84,10,100,2
5,2,4940.0,83,10,100,2
5,2,4945.0,81,10,100,2
5,2,4950.0,81,10,100,2
5,2,4955.0,81,10,100,2
5,2,4960.0,82,10,100,2
5,2,4965.0,81,10,100,2
5,2,4970.0,81,10,100,2
5,2,4975.0,82,10,100,2
5,2,4980.0,82,10,100,2
5,2,4985.0,82,10,100,2
5,2,4990.0,82,10,100,2
5,2,4995.0,83,10,100,2
5,2,5000.0,83,10,100,2
5,2,5005.0,81,10,100,2
5,2,5010.0,80,10,100,2
5,2,5015.0,81,10,100,2
5,2,5020.0,80,10,100,2
5,2,5025.0,82,10,100,2
5,2,5030.0,82,10,100,2
5,2,5035.0,81,10,100,2
5,2,5040.0,80,10,100,2
5,2,5045.0,80,10,100,2
5,2,5050.0,81,10,100,2
5,2,5055.0,79,10,100,2
5,2,5060.0,79,10,100,2
5,2,5065.0,77,10,100,2
5,2,5070.0,78,10,100,2
5,2,5075.0,77,10,100,2
5,2,5080.0,78,10,100,2
5,2,5085.0,78,10,100,2
5,2,5090.0,76,10,100,2
5,2,5095.0,75,10,100,2
5,2,5100.0,76,10,100,2
5,2,5105.0,78,10,100,2
5,2,5110.0,77,10,100,2
5,2,5115.0,77,10,100,2
5,2,5120.0,76,10,100,2
5,2,5125.0,76,10,100,2
5,2,5130.0,78,10,100,2
5,2,5135.0,78,10,100,2
5,2,5140.0,77,10,100,2
5,2,5145.0,76,10,100,2
5,2,5150.0,76,10,100,2
5,2,5155.0,76,10,100,2
5,2,5160.0,77,10,100,2
5,2,5165.0,77,10,100,2
5,2,5170.0,77,10,100,2
5,2,5175.0,76,10,100,2
5,2,5180.0,77,10,100,2
5,2,5185.0,76,10,100,2
5,2,5190.0,78,10,100,2
5,2,5195.0,79,10,100,2
5,2,5200.0,78,10,100,2
5,2,5205.0,77,10,100,2
5,2,5210.0,76,10,100,2
5,2,5215.0,76,10,100,2
5,2,5220.0,75,10,100,2
5,2,5225.0,75,10,100,2
5,2,5230.0,77,10,100,2
5,2,5235.0,79,10,100,2
5,2,5240.0,79,10,100,2
5,2,5245.0,79,10,100,2
5,2,5250.0,78,10,100,2
5,2,5255.0,77,10,100,2
5,2,5260.0,77,10,100,2
5,2,5265.0,77,10,100,2
5,2,5270.0,77,10,100,2
5,2,5275.0,79,10,100,2
5,2,5280.0,78,10,100,2
5,2,5285.0,79,10,100,2
5,2,5290.0,79,10,100,2
5,2,5295.0,82,10,100,2
5,2,5300.0,82,10,100,2
5,2,5305.0,82,10,100,2
5,2,5310.0,82,10,100,2
5,2,5315.0,82,10,100,2
5,2,5320.0,81,10,100,2
5,2,5325.0,81,10,100,2
5,2,5330.0,80,10,100,2
5,2,5335.0,81,10,100,2
5,2,5340.0,82,10,100,2
5,2,5345.0,80,10,100,2
5,2,5350.0,80,10,100,2
5,2,5355.0,81,10,100,2
5,2,5360.0,82,10,100,2
5,2,5365.0,81,10,100,2
5,2,5370.0,78,10,100,2
5,2,5375.0,77,10,100,2
5,2,5380.0,79,10,100,2
5,2,5385.0,81,10,100,2
5,2,5390.0,82,10,100,2
5,2,5395.0,81,10,100,2
5,2,5400.0,82,10,100,2
5,2,5405.0,82,10,100,2
5,2,5410.0,81,10,100,2
5,2,5415.0,80,10,100,2
5,2,5420.0,80,10,100,2
5,2,5425.0,80,10,100,2
5,2,5430.0,79,10,100,2
5,2,5435.0,80,10,100,2
5,2,5440.0,81,10,100,2
5,2,5445.0,82,10,100,2
5,2,5450.0,83,10,100,2
5,2,5455.0,83,10,100,2
5,2,5460.0,84,10,100,2
5,2,5465.0,82,10,100,2
5,2,5470.0,82,10,100,2
5,2,5475.0,82,10,100,2
5,2,5480.0,82,10,100,2
5,2,5485.0,82,10,100,2
5,2,5490.0,82,10,100,2
5,2,5495.0,82,10,100,2
5,2,5500.0,82,10,100,2
5,2,5505.0,80,10,100,2
5,2,5510.0,79,10,100,2
5,2,5515.0,80,10,100,2
5,2,5520.0,81,10,100,2
5,2,5525.0,81,10,100,2
5,2,5530.0,81,10,100,2
5,2,5535.0,81,10,100,2
5,2,5540.0,81,10,100,2
5,2,5545.0,82,10,100,2
5,2,5550.0,82,10,100,2
5,2,5555.0,82,10,100,2
5,2,5560.0,81,10,100,2
5,2,5565.0,80,10,100,2
5,2,5570.0,78,10,100,2
5,2,5575.0,79,10,100,2
5,2,5580.0,78,10,100,2
5,2,5585.0,78,10,100,2
5,2,5590.0,75,10,100,2
5,2,5595.0,75,10,100,2
5,2,5600.0,76,10,100,2
5,2,5605.0,76,10,100,2
5,2,5610.0,78,10,100,2
5,2,5615.0,78,10,100,2
5,2,5620.0,80,10,100,2
5,2,5625.0,81,10,100,2
5,2,5630.0,80,10,100,2
5,2,5635.0,79,10,100,2
5,2,5640.0,79,10,100,2
5,2,5645.0,79,10,100,2
5,2,5650.0,79,10,100,2
5,2,5655.0,79,10,100,2
5,2,5660.0,80,10,100,2
5,2,5665.0,80,10,100,2
5,2,5670.0,81,10,100,2
5,2,5675.0,81,10,100,2
5,2,5680.0,81,10,100,2
5,2,5685.0,80,10,100,2
5,2,5690.0,79,10,100,2
5,2,5695.0,79,10,100,2
5,2,5700.0,77,10,100,2
5,2,5705.0,75,10,100,2
5,2,5710.0,76,10,100,2
5,2,5715.0,76,10,100,2
5,2,5720.0,76,10,100,2
5,2,5725.0,75,10,100,2
5,2,5730.0,74,10,100,2
5,2,5735.0,76,10,100,2
5,2,5740.0,76,10,100,2
5,2,5745.0,76,10,100,2
5,2,5750.0,77,10,100,2
5,2,5755.0,76,10,100,2
5,2,5760.0,76,10,100,2
5,2,5765.0,75,10,100,2
5,2,5770.0,75,10,100,2
5,2,5775.0,77,10,100,2
5,2,5780.0,75,10,100,2
5,2,5785.0,74,10,100,2
5,2,5790.0,75,10,100,2
5,2,5795.0,76,10,100,2
5,2,5800.0,77,10,100,2
5,2,5805.0,77,10,100,2
5,2,5810.0,76,10,100,2
5,2,5815.0,75,10,100,2
5,2,5820.0,74,10,100,2
5,2,5825.0,73,10,100,2
5,2,5830.0,74,10,100,2
5,2,5835.0,75,10,100,2
5,2,5840.0,76,10,100,2
5,2,5845.0,77,10,100,2
5,2,5850.0,77,10,100,2
5,2,5855.0,77,10,100,2
5,2,5860.0,78,10,100,2
5,2,5865.0,77,10,100,2
5,2,5870.0,77,10,100,2
5,2,5875.0,77,10,100,2
5,2,5880.0,77,10,100,2
5,2,5885.0,76,10,100,2
5,2,5890.0,76,10,100,2
5,2,5895.0,76,10,100,2
5,2,5900.0,78,10,100,2
5,2,5905.0,81,10,100,2
5,2,5910.0,83,10,100,2
5,2,5915.0,86,10,100,2
5,2,5920.0,86,10,100,2
5,2,5925.0,87,10,100,2
5,2,5930.0,85,10,100,2
5,2,5935.0,83,10,100,2
5,2,5940.0,83,10,100,2
5,2,5945.0,82,10,100,2
5,2,5950.0,84,10,100,2
5,2,5955.0,85,10,100,2
5,2,5960.0,84,10,100,2
5,2,5965.0,86,10,100,2
5,2,5970.0,86,10,100,2
5,2,5975.0,84,10,100,2
5,2,5980.0,84,10,100,2
5,2,5985.0,82,10,100,2
5,2,5990.0,82,10,100,2
5,2,5995.0,84,10,100,2
5,2,6000.0,82,10,100,2
5,2,6005.0,82,10,100,2
5,2,6010.0,83,10,100,2
5,2,6015.0,82,10,100,2
5,2,6020.0,82,10,100,2
5,2,6025.0,82,10,100,2
5,2,6030.0,83,10,100,2
5,2,6035.0,83,10,100,2
5,2,6040.0,83,10,100,2
5,2,6045.0,84,10,100,2
5,2,6050.0,84,10,100,2
5,2,6055.0,83,10,100,2
5,2,6060.0,82,10,100,2
5,2,6065.0,84,10,100,2
5,2,6070.0,84,10,100,2
5,2,6075.0,84,10,100,2
5,2,6080.0,84,10,100,2
5,2,6085.0,85,10,100,2
5,2,6090.0,86,10,100,2
5,2,6095.0,85,10,100,2
5,2,6100.0,84,10,100,2
5,2,6105.0,82,10,100,2
5,2,6110.0,81,10,100,2
5,2,6115.0,80,10,100,2
5,2,6120.0,79,10,100,2
5,2,6125.0,79,10,100,2
5,2,6130.0,81,10,100,2
5,2,6135.0,81,10,100,2
5,2,6140.0,82,10,100,2
5,2,6145.0,82,10,100,2
5,2,6150.0,81,10,100,2
5,2,6155.0,82,10,100,2
5,2,6160.0,81,10,100,2
5,2,6165.0,80,10,100,2
5,2,6170.0,80,10,100,2
5,2,6175.0,80,10,100,2
5,2,6180.0,79,10,100,2
5,2,6185.0,80,10,100,2
5,2,6190.0,80,10,100,2
5,2,6195.0,81,10,100,2
5,2,6200.0,81,10,100,2
5,2,6205.0,81,10,100,2
5,2,6210.0,80,10,100,2
5,2,6215.0,79,10,100,2
5,2,6220.0,80,10,100,2
5,2,6225.0,80,10,100,2
5,2,6230.0,80,10,100,2
5,2,6235.0,80,10,100,2
5,2,6240.0,80,10,100,2
5,2,6245.0,80,10,100,2
5,2,6250.0,80,10,100,2
5,2,6255.0,80,10,100,2
5,2,6260.0,80,10,100,2
5,2,6265.0,81,10,100,2
5,2,6270.0,83,10,100,2
5,2,6275.0,82,10,100,2
5,2,6280.0,81,10,100,2
5,2,6285.0,81,10,100,2
5,2,6290.0,81,10,100,2
5,2,6295.0,81,10,100,2
5,2,6300.0,81,10,100,2
5,2,6305.0,81,10,100,2
5,2,6310.0,82,10,100,2
5,2,6315.0,82,10,100,2
5,2,6320.0,80,10,100,2
5,2,6325.0,80,10,100,2
5,2,6330.0,81,10,100,2
5,2,6335.0,83,10,100,2
5,2,6340.0,81,10,100,2
5,2,6345.0,80,10,100,2
5,2,6350.0,80,10,100,2
5,2,6355.0,81,10,100,2
5,2,6360.0,81,10,100,2
5,2,6365.0,83,10,100,2
5,2,6370.0,82,10,100,2
5,2,6375.0,83,10,100,2
5,2,6380.0,82,10,100,2
5,2,6385.0,81,10,100,2
5,2,6390.0,81,10,100,2
5,2,6395.0,82,10,100,2
5,2,6400.0,83,10,100,2
5,2,6405.0,84,10,100,2
5,2,6410.0,84,10,100,2
5,2,6415.0,84,10,100,2
5,2,6420.0,83,10,100,2
5,2,6425.0,83,10,100,2
5,2,6430.0,82,10,100,2
5,2,6435.0,81,10,100,2
5,2,6440.0,80,10,100,2
5,2,6445.0,80,10,100,2
5,2,6450.0,77,10,100,2
5,2,6455.0,79,10,100,2
5,2,6460.0,77,10,100,2
5,2,6465.0,76,10,100,2
5,2,6470.0,75,10,100,2
5,2,6475.0,75,10,100,2
5,2,6480.0,75,10,100,2
5,2,6485.0,77,10,100,2
5,2,6490.0,77,10,100,2
5,2,6495.0,78,10,100,2
5,2,6500.0,79,10,100,2
5,2,6505.0,80,10,100,2
5,2,6510.0,78,10,100,2
5,2,6515.0,78,10,100,2
5,2,6520.0,78,10,100,2
5,2,6525.0,78,10,100,2
5,2,6530.0,77,10,100,2
5,2,6535.0,76,10,100,2
5,2,6540.0,76,10,100,2
5,2,6545.0,76,10,100,2
5,2,6550.0,75,10,100,2
5,2,6555.0,74,10,100,2
5,2,6560.0,75,10,100,2
5,2,6565.0,75,10,100,2
5,2,6570.0,76,10,100,2
5,2,6575.0,77,10,100,2
5,2,6580.0,77,10,100,2
5,2,6585.0,77,10,100,2
5,2,6590.0,77,10,100,2
5,2,6595.0,77,10,100,2
5,2,6600.0,78,10,100,2
5,2,6605.0,78,10,100,2
5,2,6610.0,78,10,100,2
5,2,6615.0,78,10,100,2
5,2,6620.0,79,10,100,2
5,2,6625.0,80,10,100,2
5,2,6630.0,81,10,100,2
5,2,6635.0,81,10,100,2
5,2,6640.0,80,10,100,2
5,2,6645.0,80,10,100,2
5,2,6650.0,81,10,100,2
5,2,6655.0,81,10,100,2
5,2,6660.0,82,10,100,2
5,2,6665.0,82,10,100,2
5,2,6670.0,83,10,100,2
5,2,6675.0,83,10,100,2
5,2,6680.0,82,10,100,2
5,2,6685.0,81,10,100,2
5,2,6690.0,82,10,100,2
5,2,6695.0,82,10,100,2
5,2,6700.0,81,10,100,2
5,2,6705.0,81,10,100,2
5,2,6710.0,82,10,100,2
5,2,6715.0,83,10,100,2
5,2,6720.0,82,10,100,2
5,2,6725.0,81,10,100,2
5,2,6730.0,82,10,100,2
5,2,6735.0,81,10,100,2
5,2,6740.0,82,10,100,2
5,2,6745.0,83,10,100,2
5,2,6750.0,81,10,100,2
5,2,6755.0,79,10,100,2
5,2,6760.0,79,10,100,2
5,2,6765.0,79,10,100,2
5,2,6770.0,78,10,100,2
5,2,6775.0,76,10,100,2
5,2,6780.0,77,10,100,2
5,2,6785.0,78,10,100,2
5,2,6790.0,76,10,100,2
5,2,6795.0,77,10,100,2
5,2,6800.0,78,10,100,2
5,2,6805.0,79,10,100,2
5,2,6810.0,79,10,100,2
5,2,6815.0,81,10,100,2
5,2,6820.0,82,10,100,2
5,2,6825.0,82,10,100,2
5,2,6830.0,82,10,100,2
5,2,6835.0,82,10,100,2
5,2,6840.0,85,10,100,2
5,2,6845.0,86,10,100,2
5,2,6850.0,85,10,100,2
5,2,6855.0,89,10,100,2
5,2,6860.0,88,10,100,2
5,2,6865.0,86,10,100,2
5,2,6870.0,84,10,100,2
5,2,6875.0,84,10,100,2
5,2,6880.0,84,10,100,2
5,2,6885.0,84,10,100,2
5,2,6890.0,86,10,100,2
5,2,6895.0,86,10,100,2
5,2,6900.0,86,10,100,2
5,2,6905.0,85,10,100,2
5,2,6910.0,85,10,100,2
5,2,6915.0,82,10,100,2
5,2,6920.0,82,10,100,2
5,2,6925.0,82,10,100,2
5,2,6930.0,81,10,100,2
5,2,6935.0,81,10,100,2
5,2,6940.0,82,10,100,2
5,2,6945.0,82,10,100,2
5,2,6950.0,81,10,100,2
5,2,6955.0,81,10,100,2
5,2,6960.0,82,10,100,2
5,2,6965.0,82,10,100,2
5,2,6970.0,82,10,100,2
5,2,6975.0,83,10,100,2
5,2,6980.0,83,10,100,2
5,2,6985.0,84,10,100,2
5,2,6990.0,83,10,100,2
5,2,6995.0,82,10,100,2
5,2,7000.0,83,10,100,2
5,2,7005.0,83,10,100,2
5,2,7010.0,84,10,100,2
5,2,7015.0,84,10,100,2
5,2,7020.0,84,10,100,2
5,2,7025.0,82,10,100,2
5,2,7030.0,82,10,100,2
5,2,7035.0,83,10,100,2
5,2,7040.0,81,10,100,2
5,2,7045.0,81,10,100,2
5,2,7050.0,82,10,100,2
5,2,7055.0,82,10,100,2
5,2,7060.0,82,10,100,2
5,2,7065.0,81,10,100,2
5,2,7070.0,83,10,100,2
5,2,7075.0,83,10,100,2
5,2,7080.0,82,10,100,2
5,2,7085.0,82,10,100,2
5,2,7090.0,82,10,100,2
5,2,7095.0,82,10,100,2
5,2,7100.0,83,10,100,2
5,2,7105.0,83,10,100,2
5,2,7110.0,83,10,100,2
5,2,7115.0,81,10,100,2
5,2,7120.0,80,10,100,2
5,2,7125.0,80,10,100,2
5,2,7130.0,80,10,100,2
5,2,7135.0,78,10,100,2
5,2,7140.0,77,10,100,2
5,2,7145.0,77,10,100,2
5,2,7150.0,77,10,100,2
5,2,7155.0,81,10,100,2
5,2,7160.0,81,10,100,2
5,2,7165.0,80,10,100,2
5,2,7170.0,80,10,100,2
5,2,7175.0,79,10,100,2
5,2,7180.0,78,10,100,2
5,2,7185.0,75,10,100,2
5,2,7190.0,76,10,100,2
5,2,7195.0,75,10,100,2
5,2,7200.0,75,10,100,2
5,2,7205.0,75,10,100,2
5,2,7210.0,73,10,100,2
5,2,7215.0,73,10,100,2
5,2,7220.0,72,10,100,2
5,2,7225.0,72,10,100,2
5,2,7230.0,73,10,100,2
5,2,7235.0,72,10,100,2
5,2,7240.0,73,10,100,2
5,2,7245.0,74,10,100,2
5,2,7250.0,73,10,100,2
5,2,7255.0,73,10,100,2
5,2,7260.0,74,10,100,2
5,2,7265.0,74,10,100,2
5,2,7270.0,74,10,100,2
5,2,7275.0,75,10,100,2
5,2,7280.0,75,10,100,2
5,2,7285.0,75,10,100,2
5,2,7290.0,75,10,100,2
5,2,7295.0,75,10,100,2
5,2,7300.0,75,10,100,2
5,2,7305.0,75,10,100,2
5,2,7310.0,74,10,100,2
5,2,7315.0,73,10,100,2
5,2,7320.0,75,10,100,2
5,2,7325.0,76,10,100,2
5,2,7330.0,75,10,100,2
5,2,7335.0,73,10,100,2
5,2,7340.0,73,10,100,2
5,2,7345.0,73,10,100,2
5,2,7350.0,72,10,100,2
5,2,7355.0,73,10,100,2
5,2,7360.0,73,10,100,2
5,2,7365.0,73,10,100,2
5,2,7370.0,72,10,100,2
5,2,7375.0,73,10,100,2
5,2,7380.0,74,10,100,2
5,2,7385.0,74,10,100,2
5,2,7390.0,75,10,100,2
5,2,7395.0,74,10,100,2
5,2,7400.0,74,10,100,2
5,2,7405.0,74,10,100,2
5,2,7410.0,72,10,100,2
5,2,7415.0,70,10,100,2
5,2,7420.0,70,10,100,2
5,2,7425.0,71,10,100,2
5,2,7430.0,71,10,100,2
5,2,7435.0,71,10,100,2
5,2,7440.0,71,10,100,2
5,2,7445.0,72,10,100,2
5,2,7450.0,73,10,100,2
5,2,7455.0,74,10,100,2
5,2,7460.0,72,10,100,2
5,2,7465.0,72,10,100,2
5,2,7470.0,72,10,100,2
5,2,7475.0,72,10,100,2
5,2,7480.0,74,10,100,2
5,2,7485.0,73,10,100,2
5,2,7490.0,74,10,100,2
5,2,7495.0,75,10,100,2
5,2,7500.0,77,10,100,2
5,2,7505.0,77,10,100,2
5,2,7510.0,78,10,100,2
5,2,7515.0,77,10,100,2
5,2,7520.0,77,10,100,2
5,2,7525.0,78,10,100,2
5,2,7530.0,78,10,100,2
5,2,7535.0,78,10,100,2
6,1,5.0,98,20,100,2
6,1,10.0,97,20,100,2
6,1,15.0,96,20,100,2
6,1,20.0,95,20,100,2
6,1,25.0,94,20,100,2
6,1,30.0,90,20,100,2
6,1,35.0,89,20,100,2
6,1,40.0,85,20,100,2
6,1,45.0,84,20,100,2
6,1,50.0,83,20,100,2
6,1,55.0,82,20,100,2
6,1,60.0,81,20,100,2
6,1,65.0,80,20,100,2
6,1,70.0,78,20,100,2
6,1,75.0,78,20,100,2
6,1,80.0,78,20,100,2
6,1,85.0,78,20,100,2
6,1,90.0,76,20,100,2
6,1,95.0,74,20,100,2
6,1,100.0,76,20,100,2
6,1,105.0,75,20,100,2
6,1,110.0,77,20,100,2
6,1,115.0,76,20,100,2
6,1,120.0,77,20,100,2
6,1,125.0,79,20,100,2
6,1,130.0,81,20,100,2
6,1,135.0,78,20,100,2
6,1,140.0,78,20,100,2
6,1,145.0,78,20,100,2
6,1,150.0,78,20,100,2
6,1,155.0,76,20,100,2
6,1,160.0,75,20,100,2
6,1,165.0,77,20,100,2
6,1,170.0,75,20,100,2
6,1,175.0,75,20,100,2
6,1,180.0,74,20,100,2
6,1,185.0,75,20,100,2
6,1,190.0,76,20,100,2
6,1,195.0,76,20,100,2
6,1,200.0,75,20,100,2
6,1,205.0,73,20,100,2
6,1,210.0,72,20,100,2
6,1,215.0,73,20,100,2
6,1,220.0,72,20,100,2
6,1,225.0,75,20,100,2
6,1,230.0,72,20,100,2
6,1,235.0,72,20,100,2
6,1,240.0,73,20,100,2
6,1,245.0,71,20,100,2
6,1,250.0,69,20,100,2
6,1,255.0,69,20,100,2
6,1,260.0,68,20,100,2
6,1,265.0,66,20,100,2
6,1,270.0,65,20,100,2
6,1,275.0,67,20,100,2
6,1,280.0,67,20,100,2
6,1,285.0,65,20,100,2
6,1,290.0,64,20,100,2
6,1,295.0,62,20,100,2
6,1,300.0,61,20,100,2
6,1,305.0,60,20,100,2
6,1,310.0,60,20,100,2
6,1,315.0,59,20,100,2
6,1,320.0,58,20,100,2
6,1,325.0,58,20,100,2
6,1,330.0,58,20,100,2
6,1,335.0,57,20,100,2
6,1,340.0,56,20,100,2
6,1,345.0,56,20,100,2
6,1,350.0,56,20,100,2
6,1,355.0,58,20,100,2
6,1,360.0,55,20,100,2
6,1,365.0,55,20,100,2
6,1,370.0,55,20,100,2
6,1,375.0,56,20,100,2
6,1,380.0,57,20,100,2
6,1,385.0,56,20,100,2
6,1,390.0,55,20,100,2
6,1,395.0,54,20,100,2
6,1,400.0,55,20,100,2
6,1,405.0,55,20,100,2
6,1,410.0,56,20,100,2
6,1,415.0,57,20,100,2
6,1,420.0,56,20,100,2
6,1,425.0,57,20,100,2
6,1,430.0,57,20,100,2
6,1,435.0,61,20,100,2
6,1,440.0,61,20,100,2
6,1,445.0,60,20,100,2
6,1,450.0,59,20,100,2
6,1,455.0,59,20,100,2
6,1,460.0,58,20,100,2
6,1,465.0,59,20,100,2
6,1,470.0,59,20,100,2
6,1,475.0,59,20,100,2
6,1,480.0,58,20,100,2
6,1,485.0,58,20,100,2
6,1,490.0,58,20,100,2
6,1,495.0,60,20,100,2
6,1,500.0,63,20,100,2
6,1,505.0,65,20,100,2
6,1,510.0,63,20,100,2
6,1,515.0,64,20,100,2
6,1,520.0,66,20,100,2
6,1,525.0,65,20,100,2
6,1,530.0,65,20,100,2
6,1,535.0,64,20,100,2
6,1,540.0,64,20,100,2
6,1,545.0,64,20,100,2
6,1,550.0,63,20,100,2
6,1,555.0,63,20,100,2
6,1,560.0,62,20,100,2
6,1,565.0,63,20,100,2
6,1,570.0,64,20,100,2
6,1,575.0,66,20,100,2
6,1,580.0,64,20,100,2
6,1,585.0,64,20,100,2
6,1,590.0,63,20,100,2
6,1,595.0,65,20,100,2
6,1,600.0,65,20,100,2
6,1,605.0,64,20,100,2
6,1,610.0,64,20,100,2
6,1,615.0,64,20,100,2
6,1,620.0,66,20,100,2
6,1,625.0,67,20,100,2
6,1,630.0,67,20,100,2
6,1,635.0,65,20,100,2
6,1,640.0,64,20,100,2
6,1,645.0,67,20,100,2
6,1,650.0,68,20,100,2
6,1,655.0,66,20,100,2
6,1,660.0,68,20,100,2
6,1,665.0,66,20,100,2
6,1,670.0,65,20,100,2
6,1,675.0,64,20,100,2
6,1,680.0,63,20,100,2
6,1,685.0,62,20,100,2
6,1,690.0,61,20,100,2
6,1,695.0,62,20,100,2
6,1,700.0,58,20,100,2
6,1,705.0,59,20,100,2
6,1,710.0,59,20,100,2
6,1,715.0,59,20,100,2
6,1,720.0,59,20,100,2
6,1,725.0,59,20,100,2
6,1,730.0,58,20,100,2
6,1,735.0,58,20,100,2
6,1,740.0,58,20,100,2
6,1,745.0,56,20,100,2
6,1,750.0,57,20,100,2
6,1,755.0,60,20,100,2
6,1,760.0,60,20,100,2
6,1,765.0,59,20,100,2
6,1,770.0,59,20,100,2
6,1,775.0,58,20,100,2
6,1,780.0,59,20,100,2
6,1,785.0,58,20,100,2
6,1,790.0,58,20,100,2
6,1,795.0,58,20,100,2
6,1,800.0,56,20,100,2
6,1,805.0,54,20,100,2
6,1,810.0,55,20,100,2
6,1,815.0,55,20,100,2
6,1,820.0,55,20,100,2
6,1,825.0,55,20,100,2
6,1,830.0,54,20,100,2
6,1,835.0,53,20,100,2
6,1,840.0,55,20,100,2
6,1,845.0,54,20,100,2
6,1,850.0,54,20,100,2
6,1,855.0,53,20,100,2
6,1,860.0,52,20,100,2
6,1,865.0,54,20,100,2
6,1,870.0,55,20,100,2
6,1,875.0,55,20,100,2
6,1,880.0,56,20,100,2
6,1,885.0,57,20,100,2
6,1,890.0,58,20,100,2
6,1,895.0,60,20,100,2
6,1,900.0,57,20,100,2
6,1,905.0,56,20,100,2
6,1,910.0,56,20,100,2
6,1,915.0,56,20,100,2
6,1,920.0,55,20,100,2
6,1,925.0,55,20,100,2
6,1,930.0,54,20,100,2
6,1,935.0,55,20,100,2
6,1,940.0,57,20,100,2
6,1,945.0,58,20,100,2
6,1,950.0,58,20,100,2
6,1,955.0,58,20,100,2
6,1,960.0,59,20,100,2
6,1,965.0,57,20,100,2
6,1,970.0,58,20,100,2
6,1,975.0,58,20,100,2
6,1,980.0,58,20,100,2
6,1,985.0,59,20,100,2
6,1,990.0,57,20,100,2
6,1,995.0,55,20,100,2
6,1,1000.0,54,20,100,2
6,1,1005.0,54,20,100,2
6,1,1010.0,53,20,100,2
6,1,1015.0,51,20,100,2
6,1,1020.0,49,20,100,2
6,1,1025.0,47,20,100,2
6,1,1030.0,46,20,100,2
6,1,1035.0,46,20,100,2
6,1,1040.0,44,20,100,2
6,1,1045.0,45,20,100,2
6,1,1050.0,47,20,100,2
6,1,1055.0,47,20,100,2
6,1,1060.0,49,20,100,2
6,1,1065.0,49,20,100,2
6,1,1070.0,49,20,100,2
6,1,1075.0,49,20,100,2
6,1,1080.0,48,20,100,2
6,1,1085.0,48,20,100,2
6,1,1090.0,50,20,100,2
6,1,1095.0,52,20,100,2
6,1,1100.0,53,20,100,2
6,1,1105.0,55,20,100,2
6,1,1110.0,54,20,100,2
6,1,1115.0,53,20,100,2
6,1,1120.0,53,20,100,2
6,1,1125.0,53,20,100,2
6,1,1130.0,53,20,100,2
6,1,1135.0,53,20,100,2
6,1,1140.0,53,20,100,2
6,1,1145.0,56,20,100,2
6,1,1150.0,56,20,100,2
6,1,1155.0,58,20,100,2
6,1,1160.0,59,20,100,2
6,1,1165.0,58,20,100,2
6,1,1170.0,58,20,100,2
6,1,1175.0,60,20,100,2
6,1,1180.0,61,20,100,2
6,1,1185.0,61,20,100,2
6,1,1190.0,62,20,100,2
6,1,1195.0,63,20,100,2
6,1,1200.0,62,20,100,2
6,1,1205.0,62,20,100,2
6,1,1210.0,62,20,100,2
6,1,1215.0,60,20,100,2
6,1,1220.0,61,20,100,2
6,1,1225.0,60,20,100,2
6,1,1230.0,61,20,100,2
6,1,1235.0,60,20,100,2
6,1,1240.0,56,20,100,2
6,1,1245.0,55,20,100,2
6,1,1250.0,54,20,100,2
6,1,1255.0,55,20,100,2
6,1,1260.0,57,20,100,2
6,1,1265.0,57,20,100,2
6,1,1270.0,57,20,100,2
6,1,1275.0,57,20,100,2
6,1,1280.0,56,20,100,2
6,1,1285.0,56,20,100,2
6,1,1290.0,57,20,100,2
6,1,1295.0,57,20,100,2
6,1,1300.0,57,20,100,2
6,1,1305.0,59,20,100,2
6,1,1310.0,60,20,100,2
6,1,1315.0,60,20,100,2
6,1,1320.0,62,20,100,2
6,1,1325.0,61,20,100,2
6,1,1330.0,58,20,100,2
6,1,1335.0,60,20,100,2
6,1,1340.0,62,20,100,2
6,1,1345.0,62,20,100,2
6,1,1350.0,61,20,100,2
6,1,1355.0,61,20,100,2
6,1,1360.0,62,20,100,2
6,1,1365.0,62,20,100,2
6,1,1370.0,62,20,100,2
6,1,1375.0,62,20,100,2
6,1,1380.0,60,20,100,2
6,1,1385.0,60,20,100,2
6,1,1390.0,59,20,100,2
6,1,1395.0,60,20,100,2
6,1,1400.0,63,20,100,2
6,1,1405.0,64,20,100,2
6,1,1410.0,64,20,100,2
6,1,1415.0,64,20,100,2
6,1,1420.0,63,20,100,2
6,1,1425.0,62,20,100,2
6,1,1430.0,65,20,100,2
6,1,1435.0,66,20,100,2
6,1,1440.0,66,20,100,2
6,1,1445.0,64,20,100,2
6,1,1450.0,63,20,100,2
6,1,1455.0,62,20,100,2
6,1,1460.0,65,20,100,2
6,1,1465.0,66,20,100,2
6,1,1470.0,66,20,100,2
6,1,1475.0,67,20,100,2
6,1,1480.0,67,20,100,2
6,1,1485.0,67,20,100,2
6,1,1490.0,69,20,100,2
6,1,1495.0,69,20,100,2
6,1,1500.0,70,20,100,2
6,1,1505.0,70,20,100,2
6,1,1510.0,70,20,100,2
6,1,1515.0,71,20,100,2
6,1,1520.0,71,20,100,2
6,1,1525.0,68,20,100,2
6,1,1530.0,68,20,100,2
6,1,1535.0,66,20,100,2
6,1,1540.0,66,20,100,2
6,1,1545.0,66,20,100,2
6,1,1550.0,66,20,100,2
6,1,1555.0,66,20,100,2
6,1,1560.0,67,20,100,2
6,1,1565.0,68,20,100,2
6,1,1570.0,67,20,100,2
6,1,1575.0,67,20,100,2
6,1,1580.0,67,20,100,2
6,1,1585.0,68,20,100,2
6,1,1590.0,68,20,100,2
6,1,1595.0,66,20,100,2
6,1,1600.0,68,20,100,2
6,1,1605.0,67,20,100,2
6,1,1610.0,69,20,100,2
6,1,1615.0,69,20,100,2
6,1,1620.0,70,20,100,2
6,1,1625.0,72,20,100,2
6,1,1630.0,72,20,100,2
6,1,1635.0,73,20,100,2
6,1,1640.0,73,20,100,2
6,1,1645.0,72,20,100,2
6,1,1650.0,72,20,100,2
6,1,1655.0,72,20,100,2
6,1,1660.0,70,20,100,2
6,1,1665.0,69,20,100,2
6,1,1670.0,70,20,100,2
6,1,1675.0,69,20,100,2
6,1,1680.0,71,20,100,2
6,1,1685.0,70,20,100,2
6,1,1690.0,70,20,100,2
6,1,1695.0,70,20,100,2
6,1,1700.0,70,20,100,2
6,1,1705.0,68,20,100,2
6,1,1710.0,69,20,100,2
6,1,1715.0,72,20,100,2
6,1,1720.0,71,20,100,2
6,1,1725.0,70,20,100,2
6,1,1730.0,70,20,100,2
6,1,1735.0,70,20,100,2
6,1,1740.0,69,20,100,2
6,1,1745.0,70,20,100,2
6,1,1750.0,70,20,100,2
6,1,1755.0,70,20,100,2
6,1,1760.0,67,20,100,2
6,1,1765.0,66,20,100,2
6,1,1770.0,66,20,100,2
6,1,1775.0,64,20,100,2
6,1,1780.0,63,20,100,2
6,1,1785.0,62,20,100,2
6,1,1790.0,63,20,100,2
6,1,1795.0,64,20,100,2
6,1,1800.0,64,20,100,2
6,1,1805.0,63,20,100,2
6,1,1810.0,63,20,100,2
6,1,1815.0,64,20,100,2
6,1,1820.0,63,20,100,2
6,1,1825.0,66,20,100,2
6,1,1830.0,65,20,100,2
6,1,1835.0,66,20,100,2
6,1,1840.0,66,20,100,2
6,1,1845.0,65,20,100,2
6,1,1850.0,65,20,100,2
6,1,1855.0,66,20,100,2
6,1,1860.0,65,20,100,2
6,1,1865.0,62,20,100,2
6,1,1870.0,61,20,100,2
6,1,1875.0,59,20,100,2
6,1,1880.0,57,20,100,2
6,1,1885.0,60,20,100,2
6,1,1890.0,60,20,100,2
6,1,1895.0,58,20,100,2
6,1,1900.0,58,20,100,2
6,1,1905.0,59,20,100,2
6,1,1910.0,58,20,100,2
6,1,1915.0,58,20,100,2
6,1,1920.0,57,20,100,2
6,1,1925.0,57,20,100,2
6,1,1930.0,60,20,100,2
6,1,1935.0,59,20,100,2
6,1,1940.0,58,20,100,2
6,1,1945.0,57,20,100,2
6,1,1950.0,57,20,100,2
6,1,1955.0,58,20,100,2
6,1,1960.0,61,20,100,2
6,1,1965.0,62,20,100,2
6,1,1970.0,60,20,100,2
6,1,1975.0,60,20,100,2
6,1,1980.0,59,20,100,2
6,1,1985.0,61,20,100,2
6,1,1990.0,61,20,100,2
6,1,1995.0,60,20,100,2
6,1,2000.0,61,20,100,2
6,1,2005.0,62,20,100,2
6,1,2010.0,62,20,100,2
6,1,2015.0,62,20,100,2
6,1,2020.0,61,20,100,2
6,1,2025.0,60,20,100,2
6,1,2030.0,60,20,100,2
6,1,2035.0,59,20,100,2
6,1,2040.0,58,20,100,2
6,1,2045.0,61,20,100,2
6,1,2050.0,61,20,100,2
6,1,2055.0,60,20,100,2
6,1,2060.0,60,20,100,2
6,1,2065.0,58,20,100,2
6,1,2070.0,59,20,100,2
6,1,2075.0,62,20,100,2
6,1,2080.0,63,20,100,2
6,1,2085.0,62,20,100,2
6,1,2090.0,63,20,100,2
6,1,2095.0,63,20,100,2
6,1,2100.0,63,20,100,2
6,1,2105.0,63,20,100,2
6,1,2110.0,63,20,100,2
6,1,2115.0,63,20,100,2
6,1,2120.0,61,20,100,2
6,1,2125.0,61,20,100,2
6,1,2130.0,61,20,100,2
6,1,2135.0,61,20,100,2
6,1,2140.0,62,20,100,2
6,1,2145.0,63,20,100,2
6,1,2150.0,64,20,100,2
6,1,2155.0,65,20,100,2
6,1,2160.0,64,20,100,2
6,1,2165.0,64,20,100,2
6,1,2170.0,64,20,100,2
6,1,2175.0,65,20,100,2
6,1,2180.0,66,20,100,2
6,1,2185.0,65,20,100,2
6,1,2190.0,64,20,100,2
6,1,2195.0,65,20,100,2
6,1,2200.0,67,20,100,2
6,1,2205.0,69,20,100,2
6,1,2210.0,68,20,100,2
6,1,2215.0,68,20,100,2
6,1,2220.0,67,20,100,2
6,1,2225.0,66,20,100,2
6,1,2230.0,65,20,100,2
6,1,2235.0,64,20,100,2
6,1,2240.0,64,20,100,2
6,1,2245.0,65,20,100,2
6,1,2250.0,64,20,100,2
6,1,2255.0,65,20,100,2
6,1,2260.0,63,20,100,2
6,1,2265.0,62,20,100,2
6,1,2270.0,62,20,100,2
6,1,2275.0,62,20,100,2
6,1,2280.0,63,20,100,2
6,1,2285.0,63,20,100,2
6,1,2290.0,61,20,100,2
6,1,2295.0,59,20,100,2
6,1,2300.0,62,20,100,2
6,1,2305.0,62,20,100,2
6,1,2310.0,63,20,100,2
6,1,2315.0,63,20,100,2
6,1,2320.0,63,20,100,2
6,1,2325.0,63,20,100,2
6,1,2330.0,63,20,100,2
6,1,2335.0,65,20,100,2
6,1,2340.0,65,20,100,2
6,1,2345.0,63,20,100,2
6,1,2350.0,62,20,100,2
6,1,2355.0,59,20,100,2
6,1,2360.0,60,20,100,2
6,1,2365.0,60,20,100,2
6,1,2370.0,61,20,100,2
6,1,2375.0,61,20,100,2
6,1,2380.0,61,20,100,2
6,1,2385.0,59,20,100,2
6,1,2390.0,62,20,100,2
6,1,2395.0,62,20,100,2
6,1,2400.0,64,20,100,2
6,1,2405.0,63,20,100,2
6,1,2410.0,62,20,100,2
6,1,2415.0,62,20,100,2
6,1,2420.0,65,20,100,2
6,1,2425.0,64,20,100,2
6,1,2430.0,64,20,100,2
6,1,2435.0,64,20,100,2
6,1,2440.0,64,20,100,2
6,1,2445.0,64,20,100,2
6,1,2450.0,64,20,100,2
6,1,2455.0,64,20,100,2
6,1,2460.0,62,20,100,2
6,1,2465.0,62,20,100,2
6,1,2470.0,63,20,100,2
6,1,2475.0,60,20,100,2
6,1,2480.0,60,20,100,2
6,1,2485.0,58,20,100,2
6,1,2490.0,59,20,100,2
6,1,2495.0,59,20,100,2
6,1,2500.0,57,20,100,2
6,1,2505.0,58,20,100,2
6,1,2510.0,58,20,100,2
6,1,2515.0,59,20,100,2
6,1,2520.0,60,20,100,2
6,1,2525.0,60,20,100,2
6,1,2530.0,61,20,100,2
6,1,2535.0,61,20,100,2
6,1,2540.0,62,20,100,2
6,1,2545.0,61,20,100,2
6,1,2550.0,61,20,100,2
6,1,2555.0,59,20,100,2
6,1,2560.0,59,20,100,2
6,1,2565.0,58,20,100,2
6,1,2570.0,57,20,100,2
6,1,2575.0,54,20,100,2
6,1,2580.0,54,20,100,2
6,1,2585.0,56,20,100,2
6,1,2590.0,55,20,100,2
6,1,2595.0,55,20,100,2
6,1,2600.0,55,20,100,2
6,1,2605.0,55,20,100,2
6,1,2610.0,54,20,100,2
6,1,2615.0,54,20,100,2
6,1,2620.0,54,20,100,2
6,1,2625.0,57,20,100,2
6,1,2630.0,57,20,100,2
6,1,2635.0,57,20,100,2
6,1,2640.0,57,20,100,2
6,1,2645.0,58,20,100,2
6,1,2650.0,58,20,100,2
6,1,2655.0,57,20,100,2
6,1,2660.0,56,20,100,2
6,1,2665.0,57,20,100,2
6,1,2670.0,58,20,100,2
6,1,2675.0,58,20,100,2
6,1,2680.0,57,20,100,2
6,1,2685.0,58,20,100,2
6,1,2690.0,59,20,100,2
6,1,2695.0,58,20,100,2
6,1,2700.0,57,20,100,2
6,1,2705.0,56,20,100,2
6,1,2710.0,56,20,100,2
6,1,2715.0,56,20,100,2
6,1,2720.0,54,20,100,2
6,1,2725.0,53,20,100,2
6,1,2730.0,54,20,100,2
6,1,2735.0,54,20,100,2
6,1,2740.0,54,20,100,2
6,1,2745.0,55,20,100,2
6,1,2750.0,55,20,100,2
6,1,2755.0,57,20,100,2
6,1,2760.0,55,20,100,2
6,1,2765.0,53,20,100,2
6,1,2770.0,51,20,100,2
6,1,2775.0,50,20,100,2
6,1,2780.0,51,20,100,2
6,1,2785.0,50,20,100,2
6,1,2790.0,51,20,100,2
6,1,2795.0,51,20,100,2
6,1,2800.0,52,20,100,2
6,1,2805.0,51,20,100,2
6,1,2810.0,51,20,100,2
6,1,2815.0,53,20,100,2
6,1,2820.0,53,20,100,2
6,1,2825.0,53,20,100,2
6,1,2830.0,53,20,100,2
6,1,2835.0,54,20,100,2
6,1,2840.0,54,20,100,2
6,1,2845.0,57,20,100,2
6,1,2850.0,56,20,100,2
6,1,2855.0,56,20,100,2
6,1,2860.0,58,20,100,2
6,1,2865.0,56,20,100,2
6,1,2870.0,58,20,100,2
6,1,2875.0,56,20,100,2
6,1,2880.0,58,20,100,2
6,1,2885.0,57,20,100,2
6,1,2890.0,57,20,100,2
6,1,2895.0,58,20,100,2
6,1,2900.0,55,20,100,2
6,1,2905.0,55,20,100,2
6,1,2910.0,56,20,100,2
6,1,2915.0,55,20,100,2
6,1,2920.0,56,20,100,2
6,1,2925.0,60,20,100,2
6,1,2930.0,61,20,100,2
6,1,2935.0,60,20,100,2
6,1,2940.0,59,20,100,2
6,1,2945.0,63,20,100,2
6,1,2950.0,62,20,100,2
6,1,2955.0,61,20,100,2
6,1,2960.0,63,20,100,2
6,1,2965.0,63,20,100,2
6,1,2970.0,64,20,100,2
6,1,2975.0,63,20,100,2
6,1,2980.0,63,20,100,2
6,1,2985.0,63,20,100,2
6,1,2990.0,63,20,100,2
6,1,2995.0,66,20,100,2
6,1,3000.0,67,20,100,2
6,1,3005.0,68,20,100,2
6,1,3010.0,69,20,100,2
6,1,3015.0,70,20,100,2
6,1,3020.0,69,20,100,2
6,1,3025.0,70,20,100,2
6,1,3030.0,70,20,100,2
6,1,3035.0,69,20,100,2
6,1,3040.0,67,20,100,2
6,1,3045.0,66,20,100,2
6,1,3050.0,66,20,100,2
6,1,3055.0,63,20,100,2
6,1,3060.0,62,20,100,2
6,1,3065.0,64,20,100,2
6,1,3070.0,65,20,100,2
6,1,3075.0,64,20,100,2
6,1,3080.0,63,20,100,2
6,1,3085.0,63,20,100,2
6,1,3090.0,63,20,100,2
6,1,3095.0,63,20,100,2
6,1,3100.0,64,20,100,2
6,1,3105.0,66,20,100,2
6,1,3110.0,66,20,100,2
6,1,3115.0,64,20,100,2
6,1,3120.0,65,20,100,2
6,1,3125.0,65,20,100,2
6,1,3130.0,65,20,100,2
6,1,3135.0,66,20,100,2
6,1,3140.0,65,20,100,2
6,1,3145.0,65,20,100,2
6,1,3150.0,63,20,100,2
6,1,3155.0,62,20,100,2
6,1,3160.0,62,20,100,2
6,1,3165.0,62,20,100,2
6,1,3170.0,60,20,100,2
6,1,3175.0,59,20,100,2
6,1,3180.0,59,20,100,2
6,1,3185.0,58,20,100,2
6,1,3190.0,57,20,100,2
6,1,3195.0,59,20,100,2
6,1,3200.0,59,20,100,2
6,1,3205.0,61,20,100,2
6,1,3210.0,60,20,100,2
6,1,3215.0,61,20,100,2
6,1,3220.0,60,20,100,2
6,1,3225.0,60,20,100,2
6,1,3230.0,61,20,100,2
6,1,3235.0,61,20,100,2
6,1,3240.0,61,20,100,2
6,1,3245.0,60,20,100,2
6,1,3250.0,62,20,100,2
6,1,3255.0,62,20,100,2
6,1,3260.0,64,20,100,2
6,1,3265.0,64,20,100,2
6,1,3270.0,68,20,100,2
6,1,3275.0,68,20,100,2
6,1,3280.0,68,20,100,2
6,1,3285.0,68,20,100,2
6,1,3290.0,66,20,100,2
6,1,3295.0,64,20,100,2
6,1,3300.0,64,20,100,2
6,1,3305.0,65,20,100,2
6,1,3310.0,65,20,100,2
6,1,3315.0,65,20,100,2
6,1,3320.0,65,20,100,2
6,1,3325.0,64,20,100,2
6,1,3330.0,65,20,100,2
6,1,3335.0,66,20,100,2
6,1,3340.0,67,20,100,2
6,1,3345.0,65,20,100,2
6,1,3350.0,64,20,100,2
6,1,3355.0,64,20,100,2
6,1,3360.0,61,20,100,2
6,1,3365.0,62,20,100,2
6,1,3370.0,62,20,100,2
6,1,3375.0,62,20,100,2
6,1,3380.0,62,20,100,2
6,1,3385.0,64,20,100,2
6,1,3390.0,64,20,100,2
6,1,3395.0,64,20,100,2
6,1,3400.0,62,20,100,2
6,1,3405.0,58,20,100,2
6,1,3410.0,60,20,100,2
6,1,3415.0,59,20,100,2
6,1,3420.0,58,20,100,2
6,1,3425.0,59,20,100,2
6,1,3430.0,60,20,100,2
6,1,3435.0,60,20,100,2
6,1,3440.0,60,20,100,2
6,1,3445.0,61,20,100,2
6,1,3450.0,61,20,100,2
6,1,3455.0,61,20,100,2
6,1,3460.0,61,20,100,2
6,1,3465.0,60,20,100,2
6,1,3470.0,59,20,100,2
6,1,3475.0,60,20,100,2
6,1,3480.0,60,20,100,2
6,1,3485.0,59,20,100,2
6,1,3490.0,57,20,100,2
6,1,3495.0,58,20,100,2
6,1,3500.0,58,20,100,2
6,1,3505.0,60,20,100,2
6,1,3510.0,60,20,100,2
6,1,3515.0,60,20,100,2
6,1,3520.0,60,20,100,2
6,1,3525.0,60,20,100,2
6,1,3530.0,60,20,100,2
6,1,3535.0,60,20,100,2
6,1,3540.0,60,20,100,2
6,1,3545.0,60,20,100,2
6,1,3550.0,61,20,100,2
6,1,3555.0,60,20,100,2
6,1,3560.0,60,20,100,2
6,1,3565.0,60,20,100,2
6,1,3570.0,58,20,100,2
6,1,3575.0,60,20,100,2
6,1,3580.0,60,20,100,2
6,1,3585.0,61,20,100,2
6,1,3590.0,62,20,100,2
6,1,3595.0,62,20,100,2
6,1,3600.0,61,20,100,2
6,1,3605.0,62,20,100,2
6,1,3610.0,61,20,100,2
6,1,3615.0,61,20,100,2
6,1,3620.0,60,20,100,2
6,1,3625.0,60,20,100,2
6,1,3630.0,62,20,100,2
6,1,3635.0,61,20,100,2
6,1,3640.0,62,20,100,2
6,1,3645.0,63,20,100,2
6,1,3650.0,63,20,100,2
6,1,3655.0,61,20,100,2
6,1,3660.0,63,20,100,2
6,1,3665.0,62,20,100,2
6,1,3670.0,61,20,100,2
6,1,3675.0,60,20,100,2
6,1,3680.0,59,20,100,2
6,1,3685.0,59,20,100,2
6,1,3690.0,58,20,100,2
6,1,3695.0,58,20,100,2
6,1,3700.0,58,20,100,2
6,1,3705.0,57,20,100,2
6,1,3710.0,59,20,100,2
6,1,3715.0,64,20,100,2
6,1,3720.0,64,20,100,2
6,1,3725.0,63,20,100,2
6,1,3730.0,65,20,100,2
6,1,3735.0,69,20,100,2
6,1,3740.0,70,20,100,2
6,1,3745.0,71,20,100,2
6,1,3750.0,71,20,100,2
6,1,3755.0,72,20,100,2
6,1,3760.0,72,20,100,2
6,1,3765.0,72,20,100,2
6,1,3770.0,74,20,100,2
6,1,3775.0,72,20,100,2
6,1,3780.0,71,20,100,2
6,1,3785.0,70,20,100,2
6,1,3790.0,69,20,100,2
6,1,3795.0,70,20,100,2
6,1,3800.0,70,20,100,2
6,1,3805.0,69,20,100,2
6,1,3810.0,69,20,100,2
6,1,3815.0,68,20,100,2
6,1,3820.0,68,20,100,2
6,1,3825.0,67,20,100,2
6,1,3830.0,66,20,100,2
6,1,3835.0,65,20,100,2
6,1,3840.0,64,20,100,2
6,1,3845.0,66,20,100,2
6,1,3850.0,65,20,100,2
6,1,3855.0,66,20,100,2
6,1,3860.0,64,20,100,2
6,1,3865.0,65,20,100,2
6,1,3870.0,65,20,100,2
6,1,3875.0,65,20,100,2
6,1,3880.0,65,20,100,2
6,1,3885.0,64,20,100,2
6,1,3890.0,63,20,100,2
6,1,3895.0,64,20,100,2
6,1,3900.0,61,20,100,2
6,1,3905.0,60,20,100,2
6,1,3910.0,59,20,100,2
6,1,3915.0,57,20,100,2
6,1,3920.0,57,20,100,2
6,1,3925.0,57,20,100,2
6,1,3930.0,59,20,100,2
6,1,3935.0,59,20,100,2
6,1,3940.0,59,20,100,2
6,1,3945.0,63,20,100,2
6,1,3950.0,61,20,100,2
6,1,3955.0,61,20,100,2
6,1,3960.0,62,20,100,2
6,1,3965.0,60,20,100,2
6,1,3970.0,61,20,100,2
6,1,3975.0,62,20,100,2
6,1,3980.0,60,20,100,2
6,1,3985.0,59,20,100,2
6,1,3990.0,60,20,100,2
6,1,3995.0,59,20,100,2
6,1,4000.0,60,20,100,2
6,1,4005.0,59,20,100,2
6,1,4010.0,57,20,100,2
6,1,4015.0,57,20,100,2
6,1,4020.0,58,20,100,2
6,1,4025.0,56,20,100,2
6,1,4030.0,55,20,100,2
6,1,4035.0,57,20,100,2
6,1,4040.0,57,20,100,2
6,1,4045.0,56,20,100,2
6,1,4050.0,58,20,100,2
6,1,4055.0,57,20,100,2
6,1,4060.0,57,20,100,2
6,1,4065.0,59,20,100,2
6,1,4070.0,59,20,100,2
6,1,4075.0,61,20,100,2
6,1,4080.0,63,20,100,2
6,1,4085.0,64,20,100,2
6,1,4090.0,63,20,100,2
6,1,4095.0,62,20,100,2
6,1,4100.0,61,20,100,2
6,1,4105.0,62,20,100,2
6,1,4110.0,63,20,100,2
6,1,4115.0,64,20,100,2
6,1,4120.0,65,20,100,2
6,1,4125.0,63,20,100,2
6,1,4130.0,63,20,100,2
6,1,4135.0,61,20,100,2
6,1,4140.0,61,20,100,2
6,1,4145.0,62,20,100,2
6,1,4150.0,59,20,100,2
6,1,4155.0,60,20,100,2
6,1,4160.0,60,20,100,2
6,1,4165.0,61,20,100,2
6,1,4170.0,63,20,100,2
6,1,4175.0,62,20,100,2
6,1,4180.0,62,20,100,2
6,1,4185.0,63,20,100,2
6,1,4190.0,62,20,100,2
6,1,4195.0,62,20,100,2
6,1,4200.0,61,20,100,2
6,1,4205.0,61,20,100,2
6,1,4210.0,60,20,100,2
6,1,4215.0,60,20,100,2
6,1,4220.0,64,20,100,2
6,1,4225.0,64,20,100,2
6,1,4230.0,63,20,100,2
6,1,4235.0,64,20,100,2
6,1,4240.0,62,20,100,2
6,1,4245.0,63,20,100,2
6,1,4250.0,61,20,100,2
6,1,4255.0,59,20,100,2
6,1,4260.0,59,20,100,2
6,1,4265.0,59,20,100,2
6,1,4270.0,57,20,100,2
6,1,4275.0,59,20,100,2
6,1,4280.0,58,20,100,2
6,1,4285.0,58,20,100,2
6,1,4290.0,57,20,100,2
6,1,4295.0,60,20,100,2
6,1,4300.0,60,20,100,2
6,1,4305.0,62,20,100,2
6,1,4310.0,63,20,100,2
6,1,4315.0,63,20,100,2
6,1,4320.0,60,20,100,2
6,1,4325.0,60,20,100,2
6,1,4330.0,59,20,100,2
6,1,4335.0,59,20,100,2
6,1,4340.0,59,20,100,2
6,1,4345.0,59,20,100,2
6,1,4350.0,58,20,100,2
6,1,4355.0,57,20,100,2
6,1,4360.0,56,20,100,2
6,1,4365.0,57,20,100,2
6,1,4370.0,57,20,100,2
6,1,4375.0,58,20,100,2
6,1,4380.0,58,20,100,2
6,1,4385.0,57,20,100,2
6,1,4390.0,57,20,100,2
6,1,4395.0,55,20,100,2
6,1,4400.0,57,20,100,2
6,1,4405.0,57,20,100,2
6,1,4410.0,55,20,100,2
6,1,4415.0,55,20,100,2
6,1,4420.0,52,20,100,2
6,1,4425.0,51,20,100,2
6,1,4430.0,51,20,100,2
6,1,4435.0,52,20,100,2
6,1,4440.0,52,20,100,2
6,1,4445.0,52,20,100,2
6,1,4450.0,52,20,100,2
6,1,4455.0,53,20,100,2
6,1,4460.0,53,20,100,2
6,1,4465.0,52,20,100,2
6,1,4470.0,51,20,100,2
6,1,4475.0,51,20,100,2
6,1,4480.0,51,20,100,2
6,1,4485.0,52,20,100,2
6,1,4490.0,51,20,100,2
6,1,4495.0,52,20,100,2
6,1,4500.0,51,20,100,2
6,1,4505.0,52,20,100,2
6,1,4510.0,53,20,100,2
6,1,4515.0,53,20,100,2
6,1,4520.0,55,20,100,2
6,1,4525.0,55,20,100,2
6,1,4530.0,54,20,100,2
6,1,4535.0,54,20,100,2
6,1,4540.0,54,20,100,2
6,1,4545.0,56,20,100,2
6,1,4550.0,54,20,100,2
6,1,4555.0,57,20,100,2
6,1,4560.0,58,20,100,2
6,1,4565.0,60,20,100,2
6,1,4570.0,58,20,100,2
6,1,4575.0,57,20,100,2
6,1,4580.0,55,20,100,2
6,1,4585.0,57,20,100,2
6,1,4590.0,57,20,100,2
6,1,4595.0,56,20,100,2
6,1,4600.0,55,20,100,2
6,1,4605.0,57,20,100,2
6,1,4610.0,57,20,100,2
6,1,4615.0,56,20,100,2
6,1,4620.0,56,20,100,2
6,1,4625.0,55,20,100,2
6,1,4630.0,56,20,100,2
6,1,4635.0,58,20,100,2
6,1,4640.0,60,20,100,2
6,1,4645.0,61,20,100,2
6,1,4650.0,61,20,100,2
6,1,4655.0,62,20,100,2
6,1,4660.0,62,20,100,2
6,1,4665.0,60,20,100,2
6,1,4670.0,60,20,100,2
6,1,4675.0,59,20,100,2
6,1,4680.0,58,20,100,2
6,1,4685.0,58,20,100,2
6,1,4690.0,58,20,100,2
6,1,4695.0,58,20,100,2
6,1,4700.0,58,20,100,2
6,1,4705.0,58,20,100,2
6,1,4710.0,58,20,100,2
6,1,4715.0,60,20,100,2
6,1,4720.0,58,20,100,2
6,1,4725.0,59,20,100,2
6,1,4730.0,57,20,100,2
6,1,4735.0,58,20,100,2
6,1,4740.0,61,20,100,2
6,1,4745.0,61,20,100,2
6,1,4750.0,59,20,100,2
6,1,4755.0,59,20,100,2
6,1,4760.0,59,20,100,2
6,1,4765.0,58,20,100,2
6,1,4770.0,59,20,100,2
6,1,4775.0,57,20,100,2
6,1,4780.0,57,20,100,2
6,1,4785.0,55,20,100,2
6,1,4790.0,56,20,100,2
6,1,4795.0,54,20,100,2
6,1,4800.0,57,20,100,2
6,1,4805.0,57,20,100,2
6,1,4810.0,59,20,100,2
6,1,4815.0,59,20,100,2
6,1,4820.0,58,20,100,2
6,1,4825.0,60,20,100,2
6,1,4830.0,62,20,100,2
6,1,4835.0,64,20,100,2
6,1,4840.0,64,20,100,2
6,1,4845.0,64,20,100,2
6,1,4850.0,64,20,100,2
6,1,4855.0,65,20,100,2
6,1,4860.0,65,20,100,2
6,1,4865.0,65,20,100,2
6,1,4870.0,66,20,100,2
6,1,4875.0,65,20,100,2
6,1,4880.0,66,20,100,2
6,1,4885.0,65,20,100,2
6,1,4890.0,65,20,100,2
6,1,4895.0,67,20,100,2
6,1,4900.0,67,20,100,2
6,1,4905.0,63,20,100,2
6,1,4910.0,61,20,100,2
6,1,4915.0,62,20,100,2
6,1,4920.0,62,20,100,2
6,1,4925.0,62,20,100,2
6,1,4930.0,62,20,100,2
6,1,4935.0,61,20,100,2
6,1,4940.0,60,20,100,2
6,1,4945.0,62,20,100,2
6,1,4950.0,64,20,100,2
6,1,4955.0,64,20,100,2
6,1,4960.0,63,20,100,2
6,1,4965.0,65,20,100,2
6,1,4970.0,64,20,100,2
6,1,4975.0,65,20,100,2
6,1,4980.0,64,20,100,2
6,1,4985.0,65,20,100,2
6,1,4990.0,66,20,100,2
6,1,4995.0,66,20,100,2
6,1,5000.0,63,20,100,2
6,1,5005.0,65,20,100,2
6,1,5010.0,65,20,100,2
6,1,5015.0,64,20,100,2
6,1,5020.0,64,20,100,2
6,1,5025.0,64,20,100,2
6,1,5030.0,65,20,100,2
6,1,5035.0,64,20,100,2
6,1,5040.0,65,20,100,2
6,1,5045.0,65,20,100,2
6,1,5050.0,63,20,100,2
6,1,5055.0,64,20,100,2
6,1,5060.0,64,20,100,2
6,1,5065.0,64,20,100,2
6,1,5070.0,62,20,100,2
6,1,5075.0,62,20,100,2
6,1,5080.0,62,20,100,2
6,1,5085.0,66,20,100,2
6,1,5090.0,65,20,100,2
6,1,5095.0,64,20,100,2
6,1,5100.0,65,20,100,2
6,1,5105.0,65,20,100,2
6,1,5110.0,64,20,100,2
6,1,5115.0,64,20,100,2
6,1,5120.0,64,20,100,2
6,1,5125.0,64,20,100,2
6,1,5130.0,64,20,100,2
6,1,5135.0,64,20,100,2
6,1,5140.0,65,20,100,2
6,1,5145.0,64,20,100,2
6,1,5150.0,63,20,100,2
6,1,5155.0,65,20,100,2
6,1,5160.0,65,20,100,2
6,1,5165.0,67,20,100,2
6,1,5170.0,67,20,100,2
6,1,5175.0,66,20,100,2
6,1,5180.0,67,20,100,2
6,1,5185.0,66,20,100,2
6,1,5190.0,67,20,100,2
6,1,5195.0,70,20,100,2
6,1,5200.0,69,20,100,2
6,1,5205.0,69,20,100,2
6,1,5210.0,68,20,100,2
6,1,5215.0,68,20,100,2
6,1,5220.0,66,20,100,2
6,1,5225.0,66,20,100,2
6,1,5230.0,67,20,100,2
6,1,5235.0,67,20,100,2
6,1,5240.0,65,20,100,2
6,1,5245.0,66,20,100,2
6,1,5250.0,65,20,100,2
6,1,5255.0,65,20,100,2
6,1,5260.0,68,20,100,2
6,1,5265.0,66,20,100,2
6,1,5270.0,66,20,100,2
6,1,5275.0,63,20,100,2
6,1,5280.0,63,20,100,2
6,1,5285.0,62,20,100,2
6,1,5290.0,65,20,100,2
6,1,5295.0,64,20,100,2
6,1,5300.0,62,20,100,2
6,1,5305.0,62,20,100,2
6,1,5310.0,64,20,100,2
6,1,5315.0,65,20,100,2
6,1,5320.0,66,20,100,2
6,1,5325.0,67,20,100,2
6,1,5330.0,67,20,100,2
6,1,5335.0,70,20,100,2
6,1,5340.0,67,20,100,2
6,1,5345.0,66,20,100,2
6,1,5350.0,64,20,100,2
6,1,5355.0,64,20,100,2
6,1,5360.0,64,20,100,2
6,1,5365.0,64,20,100,2
6,1,5370.0,65,20,100,2
6,1,5375.0,64,20,100,2
6,1,5380.0,64,20,100,2
6,1,5385.0,62,20,100,2
6,1,5390.0,62,20,100,2
6,1,5395.0,60,20,100,2
6,1,5400.0,60,20,100,2
6,1,5405.0,62,20,100,2
6,1,5410.0,64,20,100,2
6,1,5415.0,65,20,100,2
6,1,5420.0,64,20,100,2
6,1,5425.0,64,20,100,2
6,1,5430.0,65,20,100,2
6,1,5435.0,64,20,100,2
6,1,5440.0,63,20,100,2
6,1,5445.0,63,20,100,2
6,1,5450.0,63,20,100,2
6,1,5455.0,64,20,100,2
6,1,5460.0,67,20,100,2
6,1,5465.0,66,20,100,2
6,1,5470.0,64,20,100,2
6,1,5475.0,61,20,100,2
6,1,5480.0,59,20,100,2
6,1,5485.0,58,20,100,2
6,1,5490.0,58,20,100,2
6,1,5495.0,59,20,100,2
6,1,5500.0,58,20,100,2
6,1,5505.0,58,20,100,2
6,1,5510.0,57,20,100,2
6,1,5515.0,60,20,100,2
6,1,5520.0,61,20,100,2
6,1,5525.0,61,20,100,2
6,1,5530.0,61,20,100,2
6,1,5535.0,61,20,100,2
6,1,5540.0,58,20,100,2
6,1,5545.0,56,20,100,2
6,1,5550.0,56,20,100,2
6,1,5555.0,56,20,100,2
6,1,5560.0,56,20,100,2
6,1,5565.0,57,20,100,2
6,1,5570.0,56,20,100,2
6,1,5575.0,58,20,100,2
6,1,5580.0,59,20,100,2
6,1,5585.0,57,20,100,2
6,1,5590.0,58,20,100,2
6,1,5595.0,58,20,100,2
6,1,5600.0,58,20,100,2
6,1,5605.0,56,20,100,2
6,1,5610.0,56,20,100,2
6,1,5615.0,56,20,100,2
6,1,5620.0,56,20,100,2
6,1,5625.0,57,20,100,2
6,1,5630.0,59,20,100,2
6,1,5635.0,59,20,100,2
6,1,5640.0,60,20,100,2
6,1,5645.0,61,20,100,2
6,1,5650.0,60,20,100,2
6,1,5655.0,60,20,100,2
6,1,5660.0,59,20,100,2
6,1,5665.0,58,20,100,2
6,1,5670.0,59,20,100,2
6,1,5675.0,60,20,100,2
6,1,5680.0,58,20,100,2
6,1,5685.0,57,20,100,2
6,1,5690.0,57,20,100,2
6,1,5695.0,57,20,100,2
6,1,5700.0,57,20,100,2
6,1,5705.0,60,20,100,2
6,1,5710.0,60,20,100,2
6,1,5715.0,60,20,100,2
6,1,5720.0,61,20,100,2
6,1,5725.0,61,20,100,2
6,1,5730.0,61,20,100,2
6,1,5735.0,61,20,100,2
6,1,5740.0,61,20,100,2
6,1,5745.0,60,20,100,2
6,1,5750.0,60,20,100,2
6,1,5755.0,62,20,100,2
6,1,5760.0,61,20,100,2
6,1,5765.0,62,20,100,2
6,1,5770.0,63,20,100,2
6,1,5775.0,63,20,100,2
6,1,5780.0,63,20,100,2
6,1,5785.0,62,20,100,2
6,1,5790.0,61,20,100,2
6,1,5795.0,61,20,100,2
6,1,5800.0,61,20,100,2
6,1,5805.0,61,20,100,2
6,1,5810.0,64,20,100,2
6,1,5815.0,63,20,100,2
6,1,5820.0,63,20,100,2
6,1,5825.0,62,20,100,2
6,1,5830.0,64,20,100,2
6,1,5835.0,65,20,100,2
6,1,5840.0,64,20,100,2
6,1,5845.0,64,20,100,2
6,1,5850.0,64,20,100,2
6,1,5855.0,63,20,100,2
6,1,5860.0,63,20,100,2
6,1,5865.0,62,20,100,2
6,1,5870.0,61,20,100,2
6,1,5875.0,60,20,100,2
6,1,5880.0,59,20,100,2
6,1,5885.0,60,20,100,2
6,1,5890.0,58,20,100,2
6,1,5895.0,55,20,100,2
6,1,5900.0,55,20,100,2
6,1,5905.0,55,20,100,2
6,1,5910.0,54,20,100,2
6,1,5915.0,56,20,100,2
6,1,5920.0,57,20,100,2
6,1,5925.0,56,20,100,2
6,1,5930.0,54,20,100,2
6,1,5935.0,54,20,100,2
6,1,5940.0,55,20,100,2
6,1,5945.0,56,20,100,2
6,1,5950.0,58,20,100,2
6,1,5955.0,59,20,100,2
6,1,5960.0,59,20,100,2
6,1,5965.0,60,20,100,2
6,1,5970.0,62,20,100,2
6,1,5975.0,65,20,100,2
6,1,5980.0,65,20,100,2
6,1,5985.0,64,20,100,2
6,1,5990.0,66,20,100,2
6,1,5995.0,66,20,100,2
6,1,6000.0,65,20,100,2
6,1,6005.0,65,20,100,2
6,1,6010.0,63,20,100,2
6,1,6015.0,62,20,100,2
6,1,6020.0,62,20,100,2
6,1,6025.0,62,20,100,2
6,1,6030.0,60,20,100,2
6,1,6035.0,60,20,100,2
6,1,6040.0,60,20,100,2
6,1,6045.0,61,20,100,2
6,1,6050.0,62,20,100,2
6,1,6055.0,64,20,100,2
6,1,6060.0,64,20,100,2
6,1,6065.0,64,20,100,2
6,1,6070.0,63,20,100,2
6,1,6075.0,63,20,100,2
6,1,6080.0,65,20,100,2
6,1,6085.0,64,20,100,2
6,1,6090.0,65,20,100,2
6,1,6095.0,65,20,100,2
6,1,6100.0,65,20,100,2
6,1,6105.0,66,20,100,2
6,1,6110.0,65,20,100,2
6,1,6115.0,64,20,100,2
6,1,6120.0,65,20,100,2
6,1,6125.0,65,20,100,2
6,1,6130.0,64,20,100,2
6,1,6135.0,63,20,100,2
6,1,6140.0,63,20,100,2
6,1,6145.0,63,20,100,2
6,1,6150.0,62,20,100,2
6,1,6155.0,62,20,100,2
6,1,6160.0,62,20,100,2
6,1,6165.0,63,20,100,2
6,1,6170.0,63,20,100,2
6,1,6175.0,63,20,100,2
6,1,6180.0,63,20,100,2
6,1,6185.0,64,20,100,2
6,1,6190.0,63,20,100,2
6,1,6195.0,62,20,100,2
6,1,6200.0,64,20,100,2
6,1,6205.0,65,20,100,2
6,1,6210.0,64,20,100,2
6,1,6215.0,64,20,100,2
6,1,6220.0,64,20,100,2
6,1,6225.0,64,20,100,2
6,1,6230.0,64,20,100,2
6,1,6235.0,64,20,100,2
6,1,6240.0,62,20,100,2
6,1,6245.0,62,20,100,2
6,1,6250.0,61,20,100,2
6,1,6255.0,61,20,100,2
6,1,6260.0,62,20,100,2
6,1,6265.0,60,20,100,2
6,1,6270.0,61,20,100,2
6,1,6275.0,62,20,100,2
6,1,6280.0,62,20,100,2
6,1,6285.0,63,20,100,2
6,1,6290.0,65,20,100,2
6,1,6295.0,63,20,100,2
6,1,6300.0,64,20,100,2
6,1,6305.0,67,20,100,2
6,1,6310.0,66,20,100,2
6,1,6315.0,65,20,100,2
6,1,6320.0,64,20,100,2
6,1,6325.0,64,20,100,2
6,1,6330.0,61,20,100,2
6,1,6335.0,62,20,100,2
6,1,6340.0,64,20,100,2
6,1,6345.0,64,20,100,2
6,1,6350.0,64,20,100,2
6,1,6355.0,64,20,100,2
6,1,6360.0,67,20,100,2
6,1,6365.0,67,20,100,2
6,1,6370.0,68,20,100,2
6,1,6375.0,67,20,100,2
6,1,6380.0,69,20,100,2
6,1,6385.0,68,20,100,2
6,1,6390.0,67,20,100,2
6,1,6395.0,67,20,100,2
6,1,6400.0,67,20,100,2
6,1,6405.0,66,20,100,2
6,1,6410.0,66,20,100,2
6,1,6415.0,66,20,100,2
6,1,6420.0,66,20,100,2
6,1,6425.0,67,20,100,2
6,1,6430.0,66,20,100,2
6,1,6435.0,65,20,100,2
6,1,6440.0,65,20,100,2
6,1,6445.0,64,20,100,2
6,1,6450.0,65,20,100,2
6,1,6455.0,66,20,100,2
6,1,6460.0,67,20,100,2
6,1,6465.0,67,20,100,2
6,1,6470.0,66,20,100,2
6,1,6475.0,66,20,100,2
6,1,6480.0,66,20,100,2
6,1,6485.0,64,20,100,2
6,1,6490.0,64,20,100,2
6,1,6495.0,66,20,100,2
6,1,6500.0,65,20,100,2
6,1,6505.0,65,20,100,2
6,1,6510.0,64,20,100,2
6,1,6515.0,66,20,100,2
6,1,6520.0,69,20,100,2
6,1,6525.0,70,20,100,2
6,1,6530.0,70,20,100,2
6,1,6535.0,69,20,100,2
6,1,6540.0,67,20,100,2
6,1,6545.0,67,20,100,2
6,1,6550.0,68,20,100,2
6,1,6555.0,66,20,100,2
6,1,6560.0,66,20,100,2
6,1,6565.0,66,20,100,2
6,1,6570.0,66,20,100,2
6,1,6575.0,65,20,100,2
6,1,6580.0,65,20,100,2
6,1,6585.0,64,20,100,2
6,1,6590.0,64,20,100,2
6,1,6595.0,63,20,100,2
6,1,6600.0,59,20,100,2
6,1,6605.0,62,20,100,2
6,1,6610.0,62,20,100,2
6,1,6615.0,62,20,100,2
6,1,6620.0,61,20,100,2
6,1,6625.0,61,20,100,2
6,1,6630.0,60,20,100,2
6,1,6635.0,60,20,100,2
6,1,6640.0,61,20,100,2
6,1,6645.0,59,20,100,2
6,1,6650.0,59,20,100,2
6,1,6655.0,59,20,100,2
6,1,6660.0,60,20,100,2
6,1,6665.0,59,20,100,2
6,1,6670.0,58,20,100,2
6,1,6675.0,60,20,100,2
6,1,6680.0,59,20,100,2
6,1,6685.0,59,20,100,2
6,1,6690.0,59,20,100,2
6,1,6695.0,62,20,100,2
6,1,6700.0,59,20,100,2
6,1,6705.0,58,20,100,2
6,1,6710.0,59,20,100,2
6,1,6715.0,58,20,100,2
6,1,6720.0,58,20,100,2
6,1,6725.0,59,20,100,2
6,1,6730.0,58,20,100,2
6,1,6735.0,59,20,100,2
6,1,6740.0,57,20,100,2
6,1,6745.0,56,20,100,2
6,1,6750.0,56,20,100,2
6,1,6755.0,56,20,100,2
6,1,6760.0,55,20,100,2
6,1,6765.0,55,20,100,2
6,1,6770.0,55,20,100,2
6,1,6775.0,57,20,100,2
6,1,6780.0,59,20,100,2
6,1,6785.0,58,20,100,2
6,1,6790.0,58,20,100,2
6,1,6795.0,59,20,100,2
6,1,6800.0,59,20,100,2
6,1,6805.0,61,20,100,2
6,1,6810.0,62,20,100,2
6,1,6815.0,62,20,100,2
6,1,6820.0,62,20,100,2
6,1,6825.0,63,20,100,2
6,1,6830.0,66,20,100,2
6,1,6835.0,66,20,100,2
6,1,6840.0,64,20,100,2
6,1,6845.0,63,20,100,2
6,1,6850.0,63,20,100,2
6,1,6855.0,64,20,100,2
6,1,6860.0,64,20,100,2
6,1,6865.0,64,20,100,2
6,1,6870.0,64,20,100,2
6,1,6875.0,66,20,100,2
6,1,6880.0,65,20,100,2
6,1,6885.0,63,20,100,2
6,1,6890.0,63,20,100,2
6,1,6895.0,62,20,100,2
6,1,6900.0,59,20,100,2
6,1,6905.0,59,20,100,2
6,1,6910.0,60,20,100,2
6,1,6915.0,61,20,100,2
6,1,6920.0,62,20,100,2
6,1,6925.0,62,20,100,2
6,1,6930.0,61,20,100,2
6,1,6935.0,60,20,100,2
6,1,6940.0,60,20,100,2
6,1,6945.0,60,20,100,2
6,1,6950.0,59,20,100,2
6,1,6955.0,59,20,100,2
6,1,6960.0,60,20,100,2
6,1,6965.0,61,20,100,2
6,1,6970.0,62,20,100,2
6,1,6975.0,61,20,100,2
6,1,6980.0,61,20,100,2
6,1,6985.0,62,20,100,2
6,1,6990.0,62,20,100,2
6,1,6995.0,60,20,100,2
6,1,7000.0,60,20,100,2
6,1,7005.0,60,20,100,2
6,1,7010.0,60,20,100,2
6,1,7015.0,59,20,100,2
6,1,7020.0,60,20,100,2
6,1,7025.0,61,20,100,2
6,1,7030.0,61,20,100,2
6,1,7035.0,63,20,100,2
6,1,7040.0,63,20,100,2
6,1,7045.0,66,20,100,2
6,1,7050.0,66,20,100,2
6,1,7055.0,66,20,100,2
6,1,7060.0,65,20,100,2
6,1,7065.0,63,20,100,2
6,1,7070.0,64,20,100,2
6,1,7075.0,64,20,100,2
6,1,7080.0,63,20,100,2
6,1,7085.0,64,20,100,2
6,1,7090.0,62,20,100,2
6,1,7095.0,61,20,100,2
6,1,7100.0,63,20,100,2
6,1,7105.0,65,20,100,2
6,1,7110.0,67,20,100,2
6,1,7115.0,66,20,100,2
6,1,7120.0,65,20,100,2
6,1,7125.0,63,20,100,2
6,1,7130.0,62,20,100,2
6,1,7135.0,60,20,100,2
6,1,7140.0,60,20,100,2
6,1,7145.0,59,20,100,2
6,1,7150.0,59,20,100,2
6,1,7155.0,59,20,100,2
6,1,7160.0,59,20,100,2
6,1,7165.0,61,20,100,2
6,1,7170.0,60,20,100,2
6,1,7175.0,61,20,100,2
6,1,7180.0,60,20,100,2
6,1,7185.0,61,20,100,2
6,1,7190.0,61,20,100,2
6,1,7195.0,59,20,100,2
6,1,7200.0,58,20,100,2
6,1,7205.0,58,20,100,2
6,1,7210.0,58,20,100,2
6,1,7215.0,58,20,100,2
6,1,7220.0,58,20,100,2
6,1,7225.0,58,20,100,2
6,1,7230.0,58,20,100,2
6,1,7235.0,60,20,100,2
6,1,7240.0,59,20,100,2
6,1,7245.0,59,20,100,2
6,1,7250.0,61,20,100,2
6,1,7255.0,61,20,100,2
6,1,7260.0,61,20,100,2
6,1,7265.0,63,20,100,2
6,1,7270.0,60,20,100,2
6,1,7275.0,61,20,100,2
6,1,7280.0,61,20,100,2
6,1,7285.0,60,20,100,2
6,1,7290.0,60,20,100,2
6,1,7295.0,65,20,100,2
6,1,7300.0,64,20,100,2
6,1,7305.0,63,20,100,2
6,1,7310.0,63,20,100,2
6,1,7315.0,64,20,100,2
6,1,7320.0,63,20,100,2
6,1,7325.0,63,20,100,2
6,1,7330.0,62,20,100,2
6,1,7335.0,62,20,100,2
6,1,7340.0,62,20,100,2
6,1,7345.0,61,20,100,2
6,1,7350.0,60,20,100,2
6,1,7355.0,60,20,100,2
6,1,7360.0,58,20,100,2
6,1,7365.0,58,20,100,2
6,1,7370.0,56,20,100,2
6,1,7375.0,54,20,100,2
6,1,7380.0,53,20,100,2
6,1,7385.0,54,20,100,2
6,1,7390.0,53,20,100,2
6,1,7395.0,53,20,100,2
6,1,7400.0,53,20,100,2
6,1,7405.0,53,20,100,2
6,1,7410.0,53,20,100,2
6,1,7415.0,55,20,100,2
6,1,7420.0,53,20,100,2
6,1,7425.0,53,20,100,2
6,1,7430.0,52,20,100,2
6,1,7435.0,52,20,100,2
6,1,7440.0,54,20,100,2
6,1,7445.0,54,20,100,2
6,1,7450.0,54,20,100,2
6,1,7455.0,54,20,100,2
6,1,7460.0,55,20,100,2
6,1,7465.0,55,20,100,2
6,1,7470.0,57,20,100,2
6,1,7475.0,59,20,100,2
6,1,7480.0,56,20,100,2
6,1,7485.0,53,20,100,2
6,1,7490.0,53,20,100,2
6,1,7495.0,55,20,100,2
6,1,7500.0,56,20,100,2
6,1,7505.0,57,20,100,2
6,1,7510.0,56,20,100,2
6,1,7515.0,55,20,100,2
6,1,7520.0,54,20,100,2
6,1,7525.0,54,20,100,2
6,1,7530.0,55,20,100,2
7,1,5.0,224,10,225,3
7,1,10.0,223,10,225,3
7,1,15.0,222,10,225,3
7,1,20.0,222,10,225,3
7,1,25.0,222,10,225,3
7,1,30.0,221,10,225,3
7,1,35.0,220,10,225,3
7,1,40.0,220,10,225,3
7,1,45.0,219,10,225,3
7,1,50.0,215,10,225,3
7,1,55.0,216,10,225,3
7,1,60.0,215,10,225,3
7,1,65.0,214,10,225,3
7,1,70.0,213,10,225,3
7,1,75.0,212,10,225,3
7,1,80.0,209,10,225,3
7,1,85.0,210,10,225,3
7,1,90.0,211,10,225,3
7,1,95.0,210,10,225,3
7,1,100.0,210,10,225,3
7,1,105.0,210,10,225,3
7,1,110.0,210,10,225,3
7,1,115.0,210,10,225,3
7,1,120.0,209,10,225,3
7,1,125.0,209,10,225,3
7,1,130.0,206,10,225,3
7,1,135.0,206,10,225,3
7,1,140.0,207,10,225,3
7,1,145.0,207,10,225,3
7,1,150.0,206,10,225,3
7,1,155.0,206,10,225,3
7,1,160.0,205,10,225,3
7,1,165.0,206,10,225,3
7,1,170.0,206,10,225,3
7,1,175.0,207,10,225,3
7,1,180.0,207,10,225,3
7,1,185.0,207,10,225,3
7,1,190.0,207,10,225,3
7,1,195.0,205,10,225,3
7,1,200.0,206,10,225,3
7,1,205.0,207,10,225,3
7,1,210.0,207,10,225,3
7,1,215.0,206,10,225,3
7,1,220.0,205,10,225,3
7,1,225.0,205,10,225,3
7,1,230.0,205,10,225,3
7,1,235.0,205,10,225,3
7,1,240.0,203,10,225,3
7,1,245.0,204,10,225,3
7,1,250.0,201,10,225,3
7,1,255.0,201,10,225,3
7,1,260.0,202,10,225,3
7,1,265.0,200,10,225,3
7,1,270.0,203,10,225,3
7,1,275.0,202,10,225,3
7,1,280.0,202,10,225,3
7,1,285.0,203,10,225,3
7,1,290.0,203,10,225,3
7,1,295.0,203,10,225,3
7,1,300.0,202,10,225,3
7,1,305.0,203,10,225,3
7,1,310.0,205,10,225,3
7,1,315.0,206,10,225,3
7,1,320.0,205,10,225,3
7,1,325.0,204,10,225,3
7,1,330.0,204,10,225,3
7,1,335.0,205,10,225,3
7,1,340.0,204,10,225,3
7,1,345.0,205,10,225,3
7,1,350.0,204,10,225,3
7,1,355.0,204,10,225,3
7,1,360.0,204,10,225,3
7,1,365.0,206,10,225,3
7,1,370.0,206,10,225,3
7,1,375.0,206,10,225,3
7,1,380.0,206,10,225,3
7,1,385.0,206,10,225,3
7,1,390.0,204,10,225,3
7,1,395.0,204,10,225,3
7,1,400.0,202,10,225,3
7,1,405.0,203,10,225,3
7,1,410.0,206,10,225,3
7,1,415.0,206,10,225,3
7,1,420.0,207,10,225,3
7,1,425.0,206,10,225,3
7,1,430.0,205,10,225,3
7,1,435.0,206,10,225,3
7,1,440.0,207,10,225,3
7,1,445.0,207,10,225,3
7,1,450.0,208,10,225,3
7,1,455.0,208,10,225,3
7,1,460.0,206,10,225,3
7,1,465.0,207,10,225,3
7,1,470.0,207,10,225,3
7,1,475.0,207,10,225,3
7,1,480.0,205,10,225,3
7,1,485.0,204,10,225,3
7,1,490.0,203,10,225,3
7,1,495.0,202,10,225,3
7,1,500.0,203,10,225,3
7,1,505.0,202,10,225,3
7,1,510.0,202,10,225,3
7,1,515.0,203,10,225,3
7,1,520.0,203,10,225,3
7,1,525.0,203,10,225,3
7,1,530.0,202,10,225,3
7,1,535.0,203,10,225,3
7,1,540.0,204,10,225,3
7,1,545.0,204,10,225,3
7,1,550.0,205,10,225,3
7,1,555.0,204,10,225,3
7,1,560.0,204,10,225,3
7,1,565.0,205,10,225,3
7,1,570.0,206,10,225,3
7,1,575.0,206,10,225,3
7,1,580.0,206,10,225,3
7,1,585.0,206,10,225,3
7,1,590.0,206,10,225,3
7,1,595.0,206,10,225,3
7,1,600.0,204,10,225,3
7,1,605.0,203,10,225,3
7,1,610.0,202,10,225,3
7,1,615.0,203,10,225,3
7,1,620.0,202,10,225,3
7,1,625.0,200,10,225,3
7,1,630.0,200,10,225,3
7,1,635.0,200,10,225,3
7,1,640.0,201,10,225,3
7,1,645.0,200,10,225,3
7,1,650.0,201,10,225,3
7,1,655.0,200,10,225,3
7,1,660.0,199,10,225,3
7,1,665.0,199,10,225,3
7,1,670.0,200,10,225,3
7,1,675.0,200,10,225,3
7,1,680.0,200,10,225,3
7,1,685.0,200,10,225,3
7,1,690.0,201,10,225,3
7,1,695.0,202,10,225,3
7,1,700.0,202,10,225,3
7,1,705.0,201,10,225,3
7,1,710.0,204,10,225,3
7,1,715.0,204,10,225,3
7,1,720.0,203,10,225,3
7,1,725.0,203,10,225,3
7,1,730.0,203,10,225,3
7,1,735.0,202,10,225,3
7,1,740.0,201,10,225,3
7,1,745.0,204,10,225,3
7,1,750.0,205,10,225,3
7,1,755.0,206,10,225,3
7,1,760.0,204,10,225,3
7,1,765.0,203,10,225,3
7,1,770.0,202,10,225,3
7,1,775.0,201,10,225,3
7,1,780.0,200,10,225,3
7,1,785.0,201,10,225,3
7,1,790.0,204,10,225,3
7,1,795.0,206,10,225,3
7,1,800.0,205,10,225,3
7,1,805.0,205,10,225,3
7,1,810.0,206,10,225,3
7,1,815.0,206,10,225,3
7,1,820.0,205,10,225,3
7,1,825.0,204,10,225,3
7,1,830.0,203,10,225,3
7,1,835.0,202,10,225,3
7,1,840.0,204,10,225,3
7,1,845.0,205,10,225,3
7,1,850.0,204,10,225,3
7,1,855.0,205,10,225,3
7,1,860.0,205,10,225,3
7,1,865.0,204,10,225,3
7,1,870.0,205,10,225,3
7,1,875.0,206,10,225,3
7,1,880.0,206,10,225,3
7,1,885.0,203,10,225,3
7,1,890.0,204,10,225,3
7,1,895.0,206,10,225,3
7,1,900.0,206,10,225,3
7,1,905.0,206,10,225,3
7,1,910.0,204,10,225,3
7,1,915.0,204,10,225,3
7,1,920.0,205,10,225,3
7,1,925.0,205,10,225,3
7,1,930.0,203,10,225,3
7,1,935.0,204,10,225,3
7,1,940.0,203,10,225,3
7,1,945.0,202,10,225,3
7,1,950.0,204,10,225,3
7,1,955.0,205,10,225,3
7,1,960.0,203,10,225,3
7,1,965.0,202,10,225,3
7,1,970.0,202,10,225,3
7,1,975.0,200,10,225,3
7,1,980.0,200,10,225,3
7,1,985.0,203,10,225,3
7,1,990.0,204,10,225,3
7,1,995.0,204,10,225,3
7,1,1000.0,205,10,225,3
7,1,1005.0,204,10,225,3
7,1,1010.0,206,10,225,3
7,1,1015.0,206,10,225,3
7,1,1020.0,207,10,225,3
7,1,1025.0,208,10,225,3
7,1,1030.0,207,10,225,3
7,1,1035.0,206,10,225,3
7,1,1040.0,207,10,225,3
7,1,1045.0,206,10,225,3
7,1,1050.0,206,10,225,3
7,1,1055.0,207,10,225,3
7,1,1060.0,205,10,225,3
7,1,1065.0,206,10,225,3
7,1,1070.0,206,10,225,3
7,1,1075.0,206,10,225,3
7,1,1080.0,203,10,225,3
7,1,1085.0,203,10,225,3
7,1,1090.0,203,10,225,3
7,1,1095.0,204,10,225,3
7,1,1100.0,205,10,225,3
7,1,1105.0,206,10,225,3
7,1,1110.0,207,10,225,3
7,1,1115.0,205,10,225,3
7,1,1120.0,203,10,225,3
7,1,1125.0,205,10,225,3
7,1,1130.0,205,10,225,3
7,1,1135.0,206,10,225,3
7,1,1140.0,203,10,225,3
7,1,1145.0,202,10,225,3
7,1,1150.0,199,10,225,3
7,1,1155.0,201,10,225,3
7,1,1160.0,201,10,225,3
7,1,1165.0,200,10,225,3
7,1,1170.0,200,10,225,3
7,1,1175.0,201,10,225,3
7,1,1180.0,198,10,225,3
7,1,1185.0,200,10,225,3
7,1,1190.0,199,10,225,3
7,1,1195.0,200,10,225,3
7,1,1200.0,200,10,225,3
7,1,1205.0,200,10,225,3
7,1,1210.0,201,10,225,3
7,1,1215.0,200,10,225,3
7,1,1220.0,201,10,225,3
7,1,1225.0,202,10,225,3
7,1,1230.0,201,10,225,3
7,1,1235.0,201,10,225,3
7,1,1240.0,203,10,225,3
7,1,1245.0,203,10,225,3
7,1,1250.0,203,10,225,3
7,1,1255.0,203,10,225,3
7,1,1260.0,203,10,225,3
7,1,1265.0,203,10,225,3
7,1,1270.0,202,10,225,3
7,1,1275.0,203,10,225,3
7,1,1280.0,204,10,225,3
7,1,1285.0,202,10,225,3
7,1,1290.0,199,10,225,3
7,1,1295.0,197,10,225,3
7,1,1300.0,200,10,225,3
7,1,1305.0,201,10,225,3
7,1,1310.0,203,10,225,3
7,1,1315.0,204,10,225,3
7,1,1320.0,204,10,225,3
7,1,1325.0,203,10,225,3
7,1,1330.0,201,10,225,3
7,1,1335.0,201,10,225,3
7,1,1340.0,201,10,225,3
7,1,1345.0,201,10,225,3
7,1,1350.0,199,10,225,3
7,1,1355.0,199,10,225,3
7,1,1360.0,199,10,225,3
7,1,1365.0,197,10,225,3
7,1,1370.0,195,10,225,3
7,1,1375.0,195,10,225,3
7,1,1380.0,194,10,225,3
7,1,1385.0,195,10,225,3
7,1,1390.0,195,10,225,3
7,1,1395.0,195,10,225,3
7,1,1400.0,196,10,225,3
7,1,1405.0,198,10,225,3
7,1,1410.0,198,10,225,3
7,1,1415.0,197,10,225,3
7,1,1420.0,198,10,225,3
7,1,1425.0,198,10,225,3
7,1,1430.0,197,10,225,3
7,1,1435.0,199,10,225,3
7,1,1440.0,199,10,225,3
7,1,1445.0,200,10,225,3
7,1,1450.0,199,10,225,3
7,1,1455.0,199,10,225,3
7,1,1460.0,201,10,225,3
7,1,1465.0,198,10,225,3
7,1,1470.0,196,10,225,3
7,1,1475.0,196,10,225,3
7,1,1480.0,197,10,225,3
7,1,1485.0,197,10,225,3
7,1,1490.0,196,10,225,3
7,1,1495.0,196,10,225,3
7,1,1500.0,197,10,225,3
7,1,1505.0,196,10,225,3
7,1,1510.0,196,10,225,3
7,1,1515.0,195,10,225,3
7,1,1520.0,194,10,225,3
7,1,1525.0,196,10,225,3
7,1,1530.0,197,10,225,3
7,1,1535.0,197,10,225,3
7,1,1540.0,198,10,225,3
7,1,1545.0,201,10,225,3
7,1,1550.0,202,10,225,3
7,1,1555.0,203,10,225,3
7,1,1560.0,201,10,225,3
7,1,1565.0,202,10,225,3
7,1,1570.0,201,10,225,3
7,1,1575.0,202,10,225,3
7,1,1580.0,203,10,225,3
7,1,1585.0,203,10,225,3
7,1,1590.0,203,10,225,3
7,1,1595.0,201,10,225,3
7,1,1600.0,200,10,225,3
7,1,1605.0,199,10,225,3
7,1,1610.0,198,10,225,3
7,1,1615.0,198,10,225,3
7,1,1620.0,197,10,225,3
7,1,1625.0,198,10,225,3
7,1,1630.0,198,10,225,3
7,1,1635.0,197,10,225,3
7,1,1640.0,197,10,225,3
7,1,1645.0,196,10,225,3
7,1,1650.0,198,10,225,3
7,1,1655.0,198,10,225,3
7,1,1660.0,197,10,225,3
7,1,1665.0,197,10,225,3
7,1,1670.0,197,10,225,3
7,1,1675.0,200,10,225,3
7,1,1680.0,200,10,225,3
7,1,1685.0,200,10,225,3
7,1,1690.0,202,10,225,3
7,1,1695.0,201,10,225,3
7,1,1700.0,202,10,225,3
7,1,1705.0,202,10,225,3
7,1,1710.0,201,10,225,3
7,1,1715.0,200,10,225,3
7,1,1720.0,202,10,225,3
7,1,1725.0,203,10,225,3
7,1,1730.0,204,10,225,3
7,1,1735.0,202,10,225,3
7,1,1740.0,205,10,225,3
7,1,1745.0,205,10,225,3
7,1,1750.0,205,10,225,3
7,1,1755.0,206,10,225,3
7,1,1760.0,207,10,225,3
7,1,1765.0,208,10,225,3
7,1,1770.0,206,10,225,3
7,1,1775.0,206,10,225,3
7,1,1780.0,207,10,225,3
7,1,1785.0,210,10,225,3
7,1,1790.0,211,10,225,3
7,1,1795.0,210,10,225,3
7,1,1800.0,210,10,225,3
7,1,1805.0,210,10,225,3
7,1,1810.0,210,10,225,3
7,1,1815.0,210,10,225,3
7,1,1820.0,210,10,225,3
7,1,1825.0,211,10,225,3
7,1,1830.0,211,10,225,3
7,1,1835.0,211,10,225,3
7,1,1840.0,210,10,225,3
7,1,1845.0,209,10,225,3
7,1,1850.0,209,10,225,3
7,1,1855.0,210,10,225,3
7,1,1860.0,209,10,225,3
7,1,1865.0,211,10,225,3
7,1,1870.0,211,10,225,3
7,1,1875.0,212,10,225,3
7,1,1880.0,210,10,225,3
7,1,1885.0,211,10,225,3
7,1,1890.0,210,10,225,3
7,1,1895.0,209,10,225,3
7,1,1900.0,209,10,225,3
7,1,1905.0,210,10,225,3
7,1,1910.0,209,10,225,3
7,1,1915.0,209,10,225,3
7,1,1920.0,209,10,225,3
7,1,1925.0,209,10,225,3
7,1,1930.0,209,10,225,3
7,1,1935.0,208,10,225,3
7,1,1940.0,208,10,225,3
7,1,1945.0,207,10,225,3
7,1,1950.0,206,10,225,3
7,1,1955.0,208,10,225,3
7,1,1960.0,208,10,225,3
7,1,1965.0,207,10,225,3
7,1,1970.0,207,10,225,3
7,1,1975.0,207,10,225,3
7,1,1980.0,205,10,225,3
7,1,1985.0,205,10,225,3
7,1,1990.0,207,10,225,3
7,1,1995.0,208,10,225,3
7,1,2000.0,204,10,225,3
7,1,2005.0,203,10,225,3
7,1,2010.0,203,10,225,3
7,1,2015.0,203,10,225,3
7,1,2020.0,203,10,225,3
7,1,2025.0,203,10,225,3
7,1,2030.0,203,10,225,3
7,1,2035.0,204,10,225,3
7,1,2040.0,206,10,225,3
7,1,2045.0,206,10,225,3
7,1,2050.0,206,10,225,3
7,1,2055.0,206,10,225,3
7,1,2060.0,207,10,225,3
7,1,2065.0,207,10,225,3
7,1,2070.0,206,10,225,3
7,1,2075.0,208,10,225,3
7,1,2080.0,209,10,225,3
7,1,2085.0,209,10,225,3
7,1,2090.0,209,10,225,3
7,1,2095.0,209,10,225,3
7,1,2100.0,207,10,225,3
7,1,2105.0,208,10,225,3
7,1,2110.0,210,10,225,3
7,1,2115.0,209,10,225,3
7,1,2120.0,208,10,225,3
7,1,2125.0,208,10,225,3
7,1,2130.0,208,10,225,3
7,1,2135.0,206,10,225,3
7,1,2140.0,206,10,225,3
7,1,2145.0,207,10,225,3
7,1,2150.0,207,10,225,3
7,1,2155.0,207,10,225,3
7,1,2160.0,208,10,225,3
7,1,2165.0,212,10,225,3
7,1,2170.0,213,10,225,3
7,1,2175.0,212,10,225,3
7,1,2180.0,212,10,225,3
7,1,2185.0,212,10,225,3
7,1,2190.0,212,10,225,3
7,1,2195.0,214,10,225,3
7,1,2200.0,214,10,225,3
7,1,2205.0,212,10,225,3
7,1,2210.0,211,10,225,3
7,1,2215.0,210,10,225,3
7,1,2220.0,210,10,225,3
7,1,2225.0,209,10,225,3
7,1,2230.0,209,10,225,3
7,1,2235.0,208,10,225,3
7,1,2240.0,207,10,225,3
7,1,2245.0,207,10,225,3
7,1,2250.0,209,10,225,3
7,1,2255.0,209,10,225,3
7,1,2260.0,210,10,225,3
7,1,2265.0,210,10,225,3
7,1,2270.0,211,10,225,3
7,1,2275.0,210,10,225,3
7,1,2280.0,210,10,225,3
7,1,2285.0,208,10,225,3
7,1,2290.0,209,10,225,3
7,1,2295.0,209,10,225,3
7,1,2300.0,209,10,225,3
7,1,2305.0,209,10,225,3
7,1,2310.0,211,10,225,3
7,1,2315.0,211,10,225,3
7,1,2320.0,210,10,225,3
7,1,2325.0,210,10,225,3
7,1,2330.0,209,10,225,3
7,1,2335.0,208,10,225,3
7,1,2340.0,206,10,225,3
7,1,2345.0,207,10,225,3
7,1,2350.0,205,10,225,3
7,1,2355.0,206,10,225,3
7,1,2360.0,206,10,225,3
7,1,2365.0,206,10,225,3
7,1,2370.0,206,10,225,3
7,1,2375.0,205,10,225,3
7,1,2380.0,203,10,225,3
7,1,2385.0,203,10,225,3
7,1,2390.0,200,10,225,3
7,1,2395.0,200,10,225,3
7,1,2400.0,199,10,225,3
7,1,2405.0,200,10,225,3
7,1,2410.0,199,10,225,3
7,1,2415.0,200,10,225,3
7,1,2420.0,201,10,225,3
7,1,2425.0,198,10,225,3
7,1,2430.0,199,10,225,3
7,1,2435.0,200,10,225,3
7,1,2440.0,201,10,225,3
7,1,2445.0,202,10,225,3
7,1,2450.0,203,10,225,3
7,1,2455.0,203,10,225,3
7,1,2460.0,203,10,225,3
7,1,2465.0,204,10,225,3
7,1,2470.0,202,10,225,3
7,1,2475.0,202,10,225,3
7,1,2480.0,203,10,225,3
7,1,2485.0,202,10,225,3
7,1,2490.0,202,10,225,3
7,1,2495.0,203,10,225,3
7,1,2500.0,205,10,225,3
7,1,2505.0,205,10,225,3
7,1,2510.0,203,10,225,3
7,1,2515.0,202,10,225,3
7,1,2520.0,204,10,225,3
7,1,2525.0,205,10,225,3
7,1,2530.0,206,10,225,3
7,1,2535.0,206,10,225,3
7,1,2540.0,207,10,225,3
7,1,2545.0,206,10,225,3
7,1,2550.0,207,10,225,3
7,1,2555.0,206,10,225,3
7,1,2560.0,204,10,225,3
7,1,2565.0,207,10,225,3
7,1,2570.0,205,10,225,3
7,1,2575.0,205,10,225,3
7,1,2580.0,208,10,225,3
7,1,2585.0,207,10,225,3
7,1,2590.0,208,10,225,3
7,1,2595.0,210,10,225,3
7,1,2600.0,210,10,225,3
7,1,2605.0,209,10,225,3
7,1,2610.0,209,10,225,3
7,1,2615.0,208,10,225,3
7,1,2620.0,208,10,225,3
7,1,2625.0,209,10,225,3
7,1,2630.0,208,10,225,3
7,1,2635.0,208,10,225,3
7,1,2640.0,209,10,225,3
7,1,2645.0,209,10,225,3
7,1,2650.0,208,10,225,3
7,1,2655.0,209,10,225,3
7,1,2660.0,208,10,225,3
7,1,2665.0,209,10,225,3
7,1,2670.0,208,10,225,3
7,1,2675.0,209,10,225,3
7,1,2680.0,208,10,225,3
7,1,2685.0,208,10,225,3
7,1,2690.0,208,10,225,3
7,1,2695.0,207,10,225,3
7,1,2700.0,207,10,225,3
7,1,2705.0,209,10,225,3
7,1,2710.0,209,10,225,3
7,1,2715.0,209,10,225,3
7,1,2720.0,209,10,225,3
7,1,2725.0,209,10,225,3
7,1,2730.0,208,10,225,3
7,1,2735.0,209,10,225,3
7,1,2740.0,206,10,225,3
7,1,2745.0,206,10,225,3
7,1,2750.0,205,10,225,3
7,1,2755.0,204,10,225,3
7,1,2760.0,205,10,225,3
7,1,2765.0,205,10,225,3
7,1,2770.0,205,10,225,3
7,1,2775.0,206,10,225,3
7,1,2780.0,206,10,225,3
7,1,2785.0,206,10,225,3
7,1,2790.0,206,10,225,3
7,1,2795.0,207,10,225,3
7,1,2800.0,207,10,225,3
7,1,2805.0,206,10,225,3
7,1,2810.0,205,10,225,3
7,1,2815.0,206,10,225,3
7,1,2820.0,206,10,225,3
7,1,2825.0,205,10,225,3
7,1,2830.0,205,10,225,3
7,1,2835.0,204,10,225,3
7,1,2840.0,204,10,225,3
7,1,2845.0,206,10,225,3
7,1,2850.0,205,10,225,3
7,1,2855.0,206,10,225,3
7,1,2860.0,207,10,225,3
7,1,2865.0,206,10,225,3
7,1,2870.0,207,10,225,3
7,1,2875.0,209,10,225,3
7,1,2880.0,207,10,225,3
7,1,2885.0,206,10,225,3
7,1,2890.0,207,10,225,3
7,1,2895.0,206,10,225,3
7,1,2900.0,205,10,225,3
7,1,2905.0,206,10,225,3
7,1,2910.0,206,10,225,3
7,1,2915.0,206,10,225,3
7,1,2920.0,206,10,225,3
7,1,2925.0,206,10,225,3
7,1,2930.0,206,10,225,3
7,1,2935.0,205,10,225,3
7,1,2940.0,205,10,225,3
7,1,2945.0,208,10,225,3
7,1,2950.0,208,10,225,3
7,1,2955.0,207,10,225,3
7,1,2960.0,207,10,225,3
7,1,2965.0,206,10,225,3
7,1,2970.0,206,10,225,3
7,1,2975.0,204,10,225,3
7,1,2980.0,204,10,225,3
7,1,2985.0,206,10,225,3
7,1,2990.0,205,10,225,3
7,1,2995.0,205,10,225,3
7,1,3000.0,203,10,225,3
7,1,3005.0,203,10,225,3
7,1,3010.0,203,10,225,3
7,1,3015.0,204,10,225,3
7,1,3020.0,204,10,225,3
7,1,3025.0,205,10,225,3
7,1,3030.0,204,10,225,3
7,1,3035.0,203,10,225,3
7,1,3040.0,203,10,225,3
7,1,3045.0,203,10,225,3
7,1,3050.0,202,10,225,3
7,1,3055.0,203,10,225,3
7,1,3060.0,203,10,225,3
7,1,3065.0,203,10,225,3
7,1,3070.0,201,10,225,3
7,1,3075.0,201,10,225,3
7,1,3080.0,201,10,225,3
7,1,3085.0,202,10,225,3
7,1,3090.0,201,10,225,3
7,1,3095.0,201,10,225,3
7,1,3100.0,201,10,225,3
7,1,3105.0,201,10,225,3
7,1,3110.0,199,10,225,3
7,1,3115.0,200,10,225,3
7,1,3120.0,198,10,225,3
7,1,3125.0,198,10,225,3
7,1,3130.0,197,10,225,3
7,1,3135.0,200,10,225,3
7,1,3140.0,201,10,225,3
7,1,3145.0,201,10,225,3
7,1,3150.0,200,10,225,3
7,1,3155.0,200,10,225,3
7,1,3160.0,200,10,225,3
7,1,3165.0,202,10,225,3
7,1,3170.0,203,10,225,3
7,1,3175.0,201,10,225,3
7,1,3180.0,202,10,225,3
7,1,3185.0,202,10,225,3
7,1,3190.0,200,10,225,3
7,1,3195.0,201,10,225,3
7,1,3200.0,199,10,225,3
7,1,3205.0,199,10,225,3
7,1,3210.0,199,10,225,3
7,1,3215.0,197,10,225,3
7,1,3220.0,197,10,225,3
7,1,3225.0,198,10,225,3
7,1,3230.0,199,10,225,3
7,1,3235.0,198,10,225,3
7,1,3240.0,198,10,225,3
7,1,3245.0,198,10,225,3
7,1,3250.0,199,10,225,3
7,1,3255.0,198,10,225,3
7,1,3260.0,196,10,225,3
7,1,3265.0,197,10,225,3
7,1,3270.0,197,10,225,3
7,1,3275.0,196,10,225,3
7,1,3280.0,198,10,225,3
7,1,3285.0,199,10,225,3
7,1,3290.0,198,10,225,3
7,1,3295.0,199,10,225,3
7,1,3300.0,199,10,225,3
7,1,3305.0,199,10,225,3
7,1,3310.0,198,10,225,3
7,1,3315.0,199,10,225,3
7,1,3320.0,199,10,225,3
7,1,3325.0,198,10,225,3
7,1,3330.0,198,10,225,3
7,1,3335.0,199,10,225,3
7,1,3340.0,198,10,225,3
7,1,3345.0,200,10,225,3
7,1,3350.0,198,10,225,3
7,1,3355.0,200,10,225,3
7,1,3360.0,200,10,225,3
7,1,3365.0,200,10,225,3
7,1,3370.0,199,10,225,3
7,1,3375.0,197,10,225,3
7,1,3380.0,199,10,225,3
7,1,3385.0,200,10,225,3
7,1,3390.0,202,10,225,3
7,1,3395.0,202,10,225,3
7,1,3400.0,201,10,225,3
7,1,3405.0,200,10,225,3
7,1,3410.0,200,10,225,3
7,1,3415.0,199,10,225,3
7,1,3420.0,198,10,225,3
7,1,3425.0,199,10,225,3
7,1,3430.0,200,10,225,3
7,1,3435.0,199,10,225,3
7,1,3440.0,200,10,225,3
7,1,3445.0,197,10,225,3
7,1,3450.0,198,10,225,3
7,1,3455.0,199,10,225,3
7,1,3460.0,198,10,225,3
7,1,3465.0,201,10,225,3
7,1,3470.0,201,10,225,3
7,1,3475.0,201,10,225,3
7,1,3480.0,201,10,225,3
7,1,3485.0,200,10,225,3
7,1,3490.0,200,10,225,3
7,1,3495.0,202,10,225,3
7,1,3500.0,201,10,225,3
7,1,3505.0,202,10,225,3
7,1,3510.0,203,10,225,3
7,1,3515.0,203,10,225,3
7,1,3520.0,202,10,225,3
7,1,3525.0,200,10,225,3
7,1,3530.0,202,10,225,3
7,1,3535.0,202,10,225,3
7,1,3540.0,202,10,225,3
7,1,3545.0,203,10,225,3
7,1,3550.0,203,10,225,3
7,1,3555.0,204,10,225,3
7,1,3560.0,202,10,225,3
7,1,3565.0,202,10,225,3
7,1,3570.0,203,10,225,3
7,1,3575.0,203,10,225,3
7,1,3580.0,204,10,225,3
7,1,3585.0,204,10,225,3
7,1,3590.0,204,10,225,3
7,1,3595.0,205,10,225,3
7,1,3600.0,204,10,225,3
7,1,3605.0,204,10,225,3
7,1,3610.0,204,10,225,3
7,1,3615.0,203,10,225,3
7,1,3620.0,203,10,225,3
7,1,3625.0,202,10,225,3
7,1,3630.0,202,10,225,3
7,1,3635.0,203,10,225,3
7,1,3640.0,204,10,225,3
7,1,3645.0,201,10,225,3
7,1,3650.0,202,10,225,3
7,1,3655.0,202,10,225,3
7,1,3660.0,203,10,225,3
7,1,3665.0,206,10,225,3
7,1,3670.0,206,10,225,3
7,1,3675.0,206,10,225,3
7,1,3680.0,205,10,225,3
7,1,3685.0,207,10,225,3
7,1,3690.0,206,10,225,3
7,1,3695.0,202,10,225,3
7,1,3700.0,202,10,225,3
7,1,3705.0,203,10,225,3
7,1,3710.0,203,10,225,3
7,1,3715.0,204,10,225,3
7,1,3720.0,203,10,225,3
7,1,3725.0,202,10,225,3
7,1,3730.0,200,10,225,3
7,1,3735.0,200,10,225,3
7,1,3740.0,200,10,225,3
7,1,3745.0,200,10,225,3
7,1,3750.0,201,10,225,3
7,1,3755.0,200,10,225,3
7,1,3760.0,202,10,225,3
7,1,3765.0,202,10,225,3
7,1,3770.0,200,10,225,3
7,1,3775.0,201,10,225,3
7,1,3780.0,202,10,225,3
7,1,3785.0,202,10,225,3
7,1,3790.0,203,10,225,3
7,1,3795.0,202,10,225,3
7,1,3800.0,201,10,225,3
7,1,3805.0,201,10,225,3
7,1,3810.0,199,10,225,3
7,1,3815.0,197,10,225,3
7,1,3820.0,198,10,225,3
7,1,3825.0,198,10,225,3
7,1,3830.0,197,10,225,3
7,1,3835.0,198,10,225,3
7,1,3840.0,198,10,225,3
7,1,3845.0,197,10,225,3
7,1,3850.0,199,10,225,3
7,1,3855.0,198,10,225,3
7,1,3860.0,197,10,225,3
7,1,3865.0,197,10,225,3
7,1,3870.0,194,10,225,3
7,1,3875.0,193,10,225,3
7,1,3880.0,196,10,225,3
7,1,3885.0,193,10,225,3
7,1,3890.0,193,10,225,3
7,1,3895.0,195,10,225,3
7,1,3900.0,194,10,225,3
7,1,3905.0,195,10,225,3
7,1,3910.0,195,10,225,3
7,1,3915.0,195,10,225,3
7,1,3920.0,197,10,225,3
7,1,3925.0,198,10,225,3
7,1,3930.0,200,10,225,3
7,1,3935.0,199,10,225,3
7,1,3940.0,198,10,225,3
7,1,3945.0,200,10,225,3
7,1,3950.0,201,10,225,3
7,1,3955.0,199,10,225,3
7,1,3960.0,200,10,225,3
7,1,3965.0,202,10,225,3
7,1,3970.0,203,10,225,3
7,1,3975.0,203,10,225,3
7,1,3980.0,203,10,225,3
7,1,3985.0,203,10,225,3
7,1,3990.0,204,10,225,3
7,1,3995.0,204,10,225,3
7,1,4000.0,202,10,225,3
7,1,4005.0,202,10,225,3
7,1,4010.0,201,10,225,3
7,1,4015.0,199,10,225,3
7,1,4020.0,199,10,225,3
7,1,4025.0,200,10,225,3
7,1,4030.0,200,10,225,3
7,1,4035.0,201,10,225,3
7,1,4040.0,201,10,225,3
7,1,4045.0,202,10,225,3
7,1,4050.0,204,10,225,3
7,1,4055.0,204,10,225,3
7,1,4060.0,204,10,225,3
7,1,4065.0,206,10,225,3
7,1,4070.0,206,10,225,3
7,1,4075.0,205,10,225,3
7,1,4080.0,204,10,225,3
7,1,4085.0,205,10,225,3
7,1,4090.0,205,10,225,3
7,1,4095.0,207,10,225,3
7,1,4100.0,207,10,225,3
7,1,4105.0,204,10,225,3
7,1,4110.0,203,10,225,3
7,1,4115.0,203,10,225,3
7,1,4120.0,205,10,225,3
7,1,4125.0,205,10,225,3
7,1,4130.0,205,10,225,3
7,1,4135.0,202,10,225,3
7,1,4140.0,203,10,225,3
7,1,4145.0,203,10,225,3
7,1,4150.0,204,10,225,3
7,1,4155.0,203,10,225,3
7,1,4160.0,203,10,225,3
7,1,4165.0,202,10,225,3
7,1,4170.0,201,10,225,3
7,1,4175.0,201,10,225,3
7,1,4180.0,202,10,225,3
7,1,4185.0,203,10,225,3
7,1,4190.0,203,10,225,3
7,1,4195.0,202,10,225,3
7,1,4200.0,202,10,225,3
7,1,4205.0,202,10,225,3
7,1,4210.0,204,10,225,3
7,1,4215.0,204,10,225,3
7,1,4220.0,205,10,225,3
7,1,4225.0,204,10,225,3
7,1,4230.0,205,10,225,3
7,1,4235.0,207,10,225,3
7,1,4240.0,206,10,225,3
7,1,4245.0,206,10,225,3
7,1,4250.0,206,10,225,3
7,1,4255.0,208,10,225,3
7,1,4260.0,212,10,225,3
7,1,4265.0,211,10,225,3
7,1,4270.0,211,10,225,3
7,1,4275.0,211,10,225,3
7,1,4280.0,211,10,225,3
7,1,4285.0,212,10,225,3
7,1,4290.0,210,10,225,3
7,1,4295.0,210,10,225,3
7,1,4300.0,211,10,225,3
7,1,4305.0,209,10,225,3
7,1,4310.0,210,10,225,3
7,1,4315.0,211,10,225,3
7,1,4320.0,210,10,225,3
7,1,4325.0,210,10,225,3
7,1,4330.0,209,10,225,3
7,1,4335.0,210,10,225,3
7,1,4340.0,209,10,225,3
7,1,4345.0,208,10,225,3
7,1,4350.0,209,10,225,3
7,1,4355.0,211,10,225,3
7,1,4360.0,211,10,225,3
7,1,4365.0,208,10,225,3
7,1,4370.0,209,10,225,3
7,1,4375.0,210,10,225,3
7,1,4380.0,209,10,225,3
7,1,4385.0,208,10,225,3
7,1,4390.0,208,10,225,3
7,1,4395.0,209,10,225,3
7,1,4400.0,207,10,225,3
7,1,4405.0,207,10,225,3
7,1,4410.0,208,10,225,3
7,1,4415.0,208,10,225,3
7,1,4420.0,207,10,225,3
7,1,4425.0,206,10,225,3
7,1,4430.0,205,10,225,3
7,1,4435.0,204,10,225,3
7,1,4440.0,203,10,225,3
7,1,4445.0,203,10,225,3
7,1,4450.0,203,10,225,3
7,1,4455.0,202,10,225,3
7,1,4460.0,202,10,225,3
7,1,4465.0,200,10,225,3
7,1,4470.0,200,10,225,3
7,1,4475.0,201,10,225,3
7,1,4480.0,202,10,225,3
7,1,4485.0,201,10,225,3
7,1,4490.0,202,10,225,3
7,1,4495.0,201,10,225,3
7,1,4500.0,201,10,225,3
7,1,4505.0,203,10,225,3
7,1,4510.0,206,10,225,3
7,1,4515.0,205,10,225,3
7,1,4520.0,203,10,225,3
7,1,4525.0,203,10,225,3
7,1,4530.0,204,10,225,3
7,1,4535.0,203,10,225,3
7,1,4540.0,203,10,225,3
7,1,4545.0,201,10,225,3
7,1,4550.0,202,10,225,3
7,1,4555.0,202,10,225,3
7,1,4560.0,202,10,225,3
7,1,4565.0,202,10,225,3
7,1,4570.0,204,10,225,3
7,1,4575.0,206,10,225,3
7,1,4580.0,207,10,225,3
7,1,4585.0,206,10,225,3
7,1,4590.0,205,10,225,3
7,1,4595.0,203,10,225,3
7,1,4600.0,204,10,225,3
7,1,4605.0,204,10,225,3
7,1,4610.0,205,10,225,3
7,1,4615.0,206,10,225,3
7,1,4620.0,208,10,225,3
7,1,4625.0,207,10,225,3
7,1,4630.0,207,10,225,3
7,1,4635.0,207,10,225,3
7,1,4640.0,206,10,225,3
7,1,4645.0,205,10,225,3
7,1,4650.0,205,10,225,3
7,1,4655.0,205,10,225,3
7,1,4660.0,206,10,225,3
7,1,4665.0,207,10,225,3
7,1,4670.0,207,10,225,3
7,1,4675.0,209,10,225,3
7,1,4680.0,208,10,225,3
7,1,4685.0,205,10,225,3
7,1,4690.0,205,10,225,3
7,1,4695.0,204,10,225,3
7,1,4700.0,203,10,225,3
7,1,4705.0,204,10,225,3
7,1,4710.0,205,10,225,3
7,1,4715.0,205,10,225,3
7,1,4720.0,205,10,225,3
7,1,4725.0,204,10,225,3
7,1,4730.0,203,10,225,3
7,1,4735.0,203,10,225,3
7,1,4740.0,204,10,225,3
7,1,4745.0,206,10,225,3
7,1,4750.0,208,10,225,3
7,1,4755.0,208,10,225,3
7,1,4760.0,206,10,225,3
7,1,4765.0,207,10,225,3
7,1,4770.0,210,10,225,3
7,1,4775.0,209,10,225,3
7,1,4780.0,208,10,225,3
7,1,4785.0,207,10,225,3
7,1,4790.0,205,10,225,3
7,1,4795.0,204,10,225,3
7,1,4800.0,204,10,225,3
7,1,4805.0,204,10,225,3
7,1,4810.0,204,10,225,3
7,1,4815.0,203,10,225,3
7,1,4820.0,203,10,225,3
7,1,4825.0,204,10,225,3
7,1,4830.0,203,10,225,3
7,1,4835.0,203,10,225,3
7,1,4840.0,204,10,225,3
7,1,4845.0,206,10,225,3
7,1,4850.0,205,10,225,3
7,1,4855.0,205,10,225,3
7,1,4860.0,206,10,225,3
7,1,4865.0,205,10,225,3
7,1,4870.0,204,10,225,3
7,1,4875.0,205,10,225,3
7,1,4880.0,206,10,225,3
7,1,4885.0,206,10,225,3
7,1,4890.0,204,10,225,3
7,1,4895.0,204,10,225,3
7,1,4900.0,203,10,225,3
7,1,4905.0,203,10,225,3
7,1,4910.0,203,10,225,3
7,1,4915.0,203,10,225,3
7,1,4920.0,204,10,225,3
7,1,4925.0,205,10,225,3
7,1,4930.0,205,10,225,3
7,1,4935.0,206,10,225,3
7,1,4940.0,205,10,225,3
7,1,4945.0,206,10,225,3
7,1,4950.0,207,10,225,3
7,1,4955.0,206,10,225,3
7,1,4960.0,208,10,225,3
7,1,4965.0,207,10,225,3
7,1,4970.0,207,10,225,3
7,1,4975.0,209,10,225,3
7,1,4980.0,209,10,225,3
7,1,4985.0,209,10,225,3
7,1,4990.0,208,10,225,3
7,1,4995.0,207,10,225,3
7,1,5000.0,208,10,225,3
7,1,5005.0,209,10,225,3
7,1,5010.0,210,10,225,3
7,1,5015.0,209,10,225,3
7,1,5020.0,208,10,225,3
7,1,5025.0,207,10,225,3
7,1,5030.0,207,10,225,3
7,1,5035.0,208,10,225,3
7,1,5040.0,208,10,225,3
7,1,5045.0,208,10,225,3
7,1,5050.0,210,10,225,3
7,1,5055.0,210,10,225,3
7,1,5060.0,207,10,225,3
7,1,5065.0,208,10,225,3
7,1,5070.0,208,10,225,3
7,1,5075.0,210,10,225,3
7,1,5080.0,209,10,225,3
7,1,5085.0,208,10,225,3
7,1,5090.0,208,10,225,3
7,1,5095.0,209,10,225,3
7,1,5100.0,209,10,225,3
7,1,5105.0,209,10,225,3
7,1,5110.0,208,10,225,3
7,1,5115.0,207,10,225,3
7,1,5120.0,209,10,225,3
7,1,5125.0,209,10,225,3
7,1,5130.0,209,10,225,3
7,1,5135.0,207,10,225,3
7,1,5140.0,208,10,225,3
7,1,5145.0,207,10,225,3
7,1,5150.0,206,10,225,3
7,1,5155.0,205,10,225,3
7,1,5160.0,205,10,225,3
7,1,5165.0,206,10,225,3
7,1,5170.0,205,10,225,3
7,1,5175.0,206,10,225,3
7,1,5180.0,206,10,225,3
7,1,5185.0,207,10,225,3
7,1,5190.0,207,10,225,3
7,1,5195.0,208,10,225,3
7,1,5200.0,207,10,225,3
7,1,5205.0,207,10,225,3
7,1,5210.0,207,10,225,3
7,1,5215.0,206,10,225,3
7,1,5220.0,208,10,225,3
7,1,5225.0,206,10,225,3
7,1,5230.0,206,10,225,3
7,1,5235.0,207,10,225,3
7,1,5240.0,210,10,225,3
7,1,5245.0,210,10,225,3
7,1,5250.0,210,10,225,3
7,1,5255.0,209,10,225,3
7,1,5260.0,208,10,225,3
7,1,5265.0,209,10,225,3
7,1,5270.0,209,10,225,3
7,1,5275.0,208,10,225,3
7,1,5280.0,209,10,225,3
7,1,5285.0,208,10,225,3
7,1,5290.0,206,10,225,3
7,1,5295.0,207,10,225,3
7,1,5300.0,208,10,225,3
7,1,5305.0,209,10,225,3
7,1,5310.0,207,10,225,3
7,1,5315.0,207,10,225,3
7,1,5320.0,206,10,225,3
7,1,5325.0,206,10,225,3
7,1,5330.0,207,10,225,3
7,1,5335.0,205,10,225,3
7,1,5340.0,206,10,225,3
7,1,5345.0,206,10,225,3
7,1,5350.0,206,10,225,3
7,1,5355.0,207,10,225,3
7,1,5360.0,207,10,225,3
7,1,5365.0,206,10,225,3
7,1,5370.0,206,10,225,3
7,1,5375.0,206,10,225,3
7,1,5380.0,205,10,225,3
7,1,5385.0,204,10,225,3
7,1,5390.0,204,10,225,3
7,1,5395.0,202,10,225,3
7,1,5400.0,201,10,225,3
7,1,5405.0,199,10,225,3
7,1,5410.0,200,10,225,3
7,1,5415.0,201,10,225,3
7,1,5420.0,204,10,225,3
7,1,5425.0,204,10,225,3
7,1,5430.0,204,10,225,3
7,1,5435.0,203,10,225,3
7,1,5440.0,204,10,225,3
7,1,5445.0,203,10,225,3
7,1,5450.0,203,10,225,3
7,1,5455.0,203,10,225,3
7,1,5460.0,202,10,225,3
7,1,5465.0,201,10,225,3
7,1,5470.0,199,10,225,3
7,1,5475.0,197,10,225,3
7,1,5480.0,197,10,225,3
7,1,5485.0,196,10,225,3
7,1,5490.0,196,10,225,3
7,1,5495.0,195,10,225,3
7,1,5500.0,194,10,225,3
7,1,5505.0,193,10,225,3
7,1,5510.0,192,10,225,3
7,1,5515.0,191,10,225,3
7,1,5520.0,192,10,225,3
7,1,5525.0,193,10,225,3
7,1,5530.0,194,10,225,3
7,1,5535.0,194,10,225,3
7,1,5540.0,194,10,225,3
7,1,5545.0,191,10,225,3
7,1,5550.0,191,10,225,3
7,1,5555.0,193,10,225,3
7,1,5560.0,192,10,225,3
7,1,5565.0,193,10,225,3
7,1,5570.0,193,10,225,3
7,1,5575.0,193,10,225,3
7,1,5580.0,191,10,225,3
7,1,5585.0,192,10,225,3
7,1,5590.0,190,10,225,3
7,1,5595.0,190,10,225,3
7,1,5600.0,189,10,225,3
7,1,5605.0,189,10,225,3
7,1,5610.0,190,10,225,3
7,1,5615.0,191,10,225,3
7,1,5620.0,194,10,225,3
7,1,5625.0,194,10,225,3
7,1,5630.0,194,10,225,3
7,1,5635.0,198,10,225,3
7,1,5640.0,197,10,225,3
7,1,5645.0,194,10,225,3
7,1,5650.0,195,10,225,3
7,1,5655.0,197,10,225,3
7,1,5660.0,196,10,225,3
7,1,5665.0,196,10,225,3
7,1,5670.0,196,10,225,3
7,1,5675.0,196,10,225,3
7,1,5680.0,196,10,225,3
7,1,5685.0,198,10,225,3
7,1,5690.0,196,10,225,3
7,1,5695.0,195,10,225,3
7,1,5700.0,196,10,225,3
7,1,5705.0,194,10,225,3
7,1,5710.0,196,10,225,3
7,1,5715.0,197,10,225,3
7,1,5720.0,197,10,225,3
7,1,5725.0,199,10,225,3
7,1,5730.0,201,10,225,3
7,1,5735.0,201,10,225,3
7,1,5740.0,201,10,225,3
7,1,5745.0,202,10,225,3
7,1,5750.0,202,10,225,3
7,1,5755.0,202,10,225,3
7,1,5760.0,202,10,225,3
7,1,5765.0,202,10,225,3
7,1,5770.0,204,10,225,3
7,1,5775.0,206,10,225,3
7,1,5780.0,204,10,225,3
7,1,5785.0,204,10,225,3
7,1,5790.0,202,10,225,3
7,1,5795.0,202,10,225,3
7,1,5800.0,202,10,225,3
7,1,5805.0,202,10,225,3
7,1,5810.0,202,10,225,3
7,1,5815.0,202,10,225,3
7,1,5820.0,203,10,225,3
7,1,5825.0,202,10,225,3
7,1,5830.0,202,10,225,3
7,1,5835.0,203,10,225,3
7,1,5840.0,202,10,225,3
7,1,5845.0,200,10,225,3
7,1,5850.0,200,10,225,3
7,1,5855.0,200,10,225,3
7,1,5860.0,200,10,225,3
7,1,5865.0,200,10,225,3
7,1,5870.0,200,10,225,3
7,1,5875.0,199,10,225,3
7,1,5880.0,198,10,225,3
7,1,5885.0,195,10,225,3
7,1,5890.0,196,10,225,3
7,1,5895.0,197,10,225,3
7,1,5900.0,197,10,225,3
7,1,5905.0,197,10,225,3
7,1,5910.0,197,10,225,3
7,1,5915.0,198,10,225,3
7,1,5920.0,198,10,225,3
7,1,5925.0,200,10,225,3
7,1,5930.0,200,10,225,3
7,1,5935.0,199,10,225,3
7,1,5940.0,196,10,225,3
7,1,5945.0,195,10,225,3
7,1,5950.0,194,10,225,3
7,1,5955.0,194,10,225,3
7,1,5960.0,192,10,225,3
7,1,5965.0,196,10,225,3
7,1,5970.0,196,10,225,3
7,1,5975.0,196,10,225,3
7,1,5980.0,196,10,225,3
7,1,5985.0,196,10,225,3
7,1,5990.0,194,10,225,3
7,1,5995.0,195,10,225,3
7,1,6000.0,194,10,225,3
7,1,6005.0,196,10,225,3
7,1,6010.0,200,10,225,3
7,1,6015.0,199,10,225,3
7,1,6020.0,197,10,225,3
7,1,6025.0,200,10,225,3
7,1,6030.0,200,10,225,3
7,1,6035.0,200,10,225,3
7,1,6040.0,201,10,225,3
7,1,6045.0,199,10,225,3
7,1,6050.0,198,10,225,3
7,1,6055.0,197,10,225,3
7,1,6060.0,198,10,225,3
7,1,6065.0,198,10,225,3
7,1,6070.0,199,10,225,3
7,1,6075.0,199,10,225,3
7,1,6080.0,200,10,225,3
7,1,6085.0,200,10,225,3
7,1,6090.0,202,10,225,3
7,1,6095.0,202,10,225,3
7,1,6100.0,202,10,225,3
7,1,6105.0,202,10,225,3
7,1,6110.0,202,10,225,3
7,1,6115.0,203,10,225,3
7,1,6120.0,201,10,225,3
7,1,6125.0,200,10,225,3
7,1,6130.0,201,10,225,3
7,1,6135.0,201,10,225,3
7,1,6140.0,200,10,225,3
7,1,6145.0,199,10,225,3
7,1,6150.0,199,10,225,3
7,1,6155.0,198,10,225,3
7,1,6160.0,199,10,225,3
7,1,6165.0,199,10,225,3
7,1,6170.0,199,10,225,3
7,1,6175.0,199,10,225,3
7,1,6180.0,199,10,225,3
7,1,6185.0,197,10,225,3
7,1,6190.0,197,10,225,3
7,1,6195.0,199,10,225,3
7,1,6200.0,200,10,225,3
7,1,6205.0,200,10,225,3
7,1,6210.0,199,10,225,3
7,1,6215.0,199,10,225,3
7,1,6220.0,200,10,225,3
7,1,6225.0,201,10,225,3
7,1,6230.0,201,10,225,3
7,1,6235.0,201,10,225,3
7,1,6240.0,201,10,225,3
7,1,6245.0,202,10,225,3
7,1,6250.0,204,10,225,3
7,1,6255.0,203,10,225,3
7,1,6260.0,204,10,225,3
7,1,6265.0,206,10,225,3
7,1,6270.0,204,10,225,3
7,1,6275.0,202,10,225,3
7,1,6280.0,202,10,225,3
7,1,6285.0,202,10,225,3
7,1,6290.0,202,10,225,3
7,1,6295.0,205,10,225,3
7,1,6300.0,206,10,225,3
7,1,6305.0,205,10,225,3
7,1,6310.0,204,10,225,3
7,1,6315.0,204,10,225,3
7,1,6320.0,204,10,225,3
7,1,6325.0,204,10,225,3
7,1,6330.0,202,10,225,3
7,1,6335.0,202,10,225,3
7,1,6340.0,203,10,225,3
7,1,6345.0,203,10,225,3
7,1,6350.0,203,10,225,3
7,1,6355.0,202,10,225,3
7,1,6360.0,203,10,225,3
7,1,6365.0,205,10,225,3
7,1,6370.0,205,10,225,3
7,1,6375.0,204,10,225,3
7,1,6380.0,203,10,225,3
7,1,6385.0,203,10,225,3
7,1,6390.0,204,10,225,3
7,1,6395.0,203,10,225,3
7,1,6400.0,204,10,225,3
7,1,6405.0,203,10,225,3
7,1,6410.0,202,10,225,3
7,1,6415.0,203,10,225,3
7,1,6420.0,205,10,225,3
7,1,6425.0,205,10,225,3
7,1,6430.0,204,10,225,3
7,1,6435.0,203,10,225,3
7,1,6440.0,202,10,225,3
7,1,6445.0,202,10,225,3
7,1,6450.0,201,10,225,3
7,1,6455.0,201,10,225,3
7,1,6460.0,202,10,225,3
7,1,6465.0,202,10,225,3
7,1,6470.0,202,10,225,3
7,1,6475.0,205,10,225,3
7,1,6480.0,205,10,225,3
7,1,6485.0,206,10,225,3
7,1,6490.0,206,10,225,3
7,1,6495.0,206,10,225,3
7,1,6500.0,204,10,225,3
7,1,6505.0,203,10,225,3
7,1,6510.0,203,10,225,3
7,1,6515.0,201,10,225,3
7,1,6520.0,201,10,225,3
7,1,6525.0,201,10,225,3
7,1,6530.0,202,10,225,3
7,1,6535.0,201,10,225,3
7,1,6540.0,200,10,225,3
7,1,6545.0,200,10,225,3
7,1,6550.0,199,10,225,3
7,1,6555.0,199,10,225,3
7,1,6560.0,198,10,225,3
7,1,6565.0,200,10,225,3
7,1,6570.0,200,10,225,3
7,1,6575.0,200,10,225,3
7,1,6580.0,198,10,225,3
7,1,6585.0,198,10,225,3
7,1,6590.0,197,10,225,3
7,1,6595.0,195,10,225,3
7,1,6600.0,199,10,225,3
7,1,6605.0,199,10,225,3
7,1,6610.0,199,10,225,3
7,1,6615.0,203,10,225,3
7,1,6620.0,202,10,225,3
7,1,6625.0,202,10,225,3
7,1,6630.0,202,10,225,3
7,1,6635.0,202,10,225,3
7,1,6640.0,202,10,225,3
7,1,6645.0,200,10,225,3
7,1,6650.0,201,10,225,3
7,1,6655.0,200,10,225,3
7,1,6660.0,199,10,225,3
7,1,6665.0,199,10,225,3
7,1,6670.0,199,10,225,3
7,1,6675.0,198,10,225,3
7,1,6680.0,198,10,225,3
7,1,6685.0,197,10,225,3
7,1,6690.0,196,10,225,3
7,1,6695.0,196,10,225,3
7,1,6700.0,196,10,225,3
7,1,6705.0,195,10,225,3
7,1,6710.0,195,10,225,3
7,1,6715.0,194,10,225,3
7,1,6720.0,194,10,225,3
7,1,6725.0,194,10,225,3
7,1,6730.0,196,10,225,3
7,1,6735.0,194,10,225,3
7,1,6740.0,194,10,225,3
7,1,6745.0,194,10,225,3
7,1,6750.0,193,10,225,3
7,1,6755.0,193,10,225,3
7,1,6760.0,195,10,225,3
7,1,6765.0,195,10,225,3
7,1,6770.0,195,10,225,3
7,1,6775.0,196,10,225,3
7,1,6780.0,195,10,225,3
7,1,6785.0,194,10,225,3
7,1,6790.0,195,10,225,3
7,1,6795.0,195,10,225,3
7,1,6800.0,197,10,225,3
7,1,6805.0,198,10,225,3
7,1,6810.0,196,10,225,3
7,1,6815.0,195,10,225,3
7,1,6820.0,196,10,225,3
7,1,6825.0,197,10,225,3
7,1,6830.0,196,10,225,3
7,1,6835.0,196,10,225,3
7,1,6840.0,196,10,225,3
7,1,6845.0,196,10,225,3
7,1,6850.0,196,10,225,3
7,1,6855.0,196,10,225,3
7,1,6860.0,195,10,225,3
7,1,6865.0,195,10,225,3
7,1,6870.0,195,10,225,3
7,1,6875.0,195,10,225,3
7,1,6880.0,196,10,225,3
7,1,6885.0,196,10,225,3
7,1,6890.0,196,10,225,3
7,1,6895.0,196,10,225,3
7,1,6900.0,196,10,225,3
7,1,6905.0,199,10,225,3
7,1,6910.0,201,10,225,3
7,1,6915.0,199,10,225,3
7,1,6920.0,199,10,225,3
7,1,6925.0,200,10,225,3
7,1,6930.0,200,10,225,3
7,1,6935.0,201,10,225,3
7,1,6940.0,200,10,225,3
7,1,6945.0,202,10,225,3
7,1,6950.0,203,10,225,3
7,1,6955.0,202,10,225,3
7,1,6960.0,204,10,225,3
7,1,6965.0,203,10,225,3
7,1,6970.0,203,10,225,3
7,1,6975.0,204,10,225,3
7,1,6980.0,205,10,225,3
7,1,6985.0,204,10,225,3
7,1,6990.0,204,10,225,3
7,1,6995.0,205,10,225,3
7,1,7000.0,204,10,225,3
7,1,7005.0,204,10,225,3
7,1,7010.0,201,10,225,3
7,1,7015.0,202,10,225,3
7,1,7020.0,202,10,225,3
7,1,7025.0,201,10,225,3
7,1,7030.0,199,10,225,3
7,1,7035.0,199,10,225,3
7,1,7040.0,199,10,225,3
7,1,7045.0,198,10,225,3
7,1,7050.0,199,10,225,3
7,1,7055.0,199,10,225,3
7,1,7060.0,201,10,225,3
7,1,7065.0,202,10,225,3
7,1,7070.0,200,10,225,3
7,1,7075.0,199,10,225,3
7,1,7080.0,200,10,225,3
7,1,7085.0,201,10,225,3
7,1,7090.0,201,10,225,3
7,1,7095.0,201,10,225,3
7,1,7100.0,201,10,225,3
7,1,7105.0,203,10,225,3
7,1,7110.0,203,10,225,3
7,1,7115.0,202,10,225,3
7,1,7120.0,201,10,225,3
7,1,7125.0,200,10,225,3
7,1,7130.0,199,10,225,3
7,1,7135.0,199,10,225,3
7,1,7140.0,200,10,225,3
7,1,7145.0,200,10,225,3
7,1,7150.0,200,10,225,3
7,1,7155.0,201,10,225,3
7,1,7160.0,201,10,225,3
7,1,7165.0,202,10,225,3
7,1,7170.0,203,10,225,3
7,1,7175.0,202,10,225,3
7,1,7180.0,202,10,225,3
7,1,7185.0,202,10,225,3
7,1,7190.0,203,10,225,3
7,1,7195.0,204,10,225,3
7,1,7200.0,204,10,225,3
7,1,7205.0,203,10,225,3
7,1,7210.0,202,10,225,3
7,1,7215.0,203,10,225,3
7,1,7220.0,202,10,225,3
7,1,7225.0,202,10,225,3
7,1,7230.0,201,10,225,3
7,1,7235.0,199,10,225,3
7,1,7240.0,201,10,225,3
7,1,7245.0,201,10,225,3
7,1,7250.0,202,10,225,3
7,1,7255.0,203,10,225,3
7,1,7260.0,206,10,225,3
7,1,7265.0,207,10,225,3
7,1,7270.0,206,10,225,3
7,1,7275.0,208,10,225,3
7,1,7280.0,208,10,225,3
7,1,7285.0,207,10,225,3
7,1,7290.0,207,10,225,3
7,1,7295.0,207,10,225,3
7,1,7300.0,206,10,225,3
7,1,7305.0,206,10,225,3
7,1,7310.0,205,10,225,3
7,1,7315.0,207,10,225,3
7,1,7320.0,207,10,225,3
7,1,7325.0,206,10,225,3
7,1,7330.0,204,10,225,3
7,1,7335.0,204,10,225,3
7,1,7340.0,205,10,225,3
7,1,7345.0,207,10,225,3
7,1,7350.0,207,10,225,3
7,1,7355.0,207,10,225,3
7,1,7360.0,206,10,225,3
7,1,7365.0,207,10,225,3
7,1,7370.0,207,10,225,3
7,1,7375.0,208,10,225,3
7,1,7380.0,207,10,225,3
7,1,7385.0,206,10,225,3
7,1,7390.0,205,10,225,3
7,1,7395.0,205,10,225,3
7,1,7400.0,206,10,225,3
7,1,7405.0,206,10,225,3
7,1,7410.0,205,10,225,3
7,1,7415.0,205,10,225,3
7,1,7420.0,205,10,225,3
7,1,7425.0,204,10,225,3
7,1,7430.0,204,10,225,3
7,1,7435.0,204,10,225,3
7,1,7440.0,204,10,225,3
7,1,7445.0,205,10,225,3
7,1,7450.0,202,10,225,3
7,1,7455.0,203,10,225,3
7,1,7460.0,205,10,225,3
7,1,7465.0,206,10,225,3
7,1,7470.0,205,10,225,3
7,1,7475.0,205,10,225,3
7,1,7480.0,206,10,225,3
7,1,7485.0,206,10,225,3
7,1,7490.0,204,10,225,3
7,1,7495.0,202,10,225,3
7,1,7500.0,203,10,225,3
7,1,7505.0,204,10,225,3
7,1,7510.0,204,10,225,3
7,1,7515.0,204,10,225,3
7,1,7520.0,206,10,225,3
7,1,7525.0,204,10,225,3
7,1,7530.0,203,10,225,3
7,1,7535.0,203,10,225,3
8,1,5.0,223,25,225,3
8,1,10.0,218,25,225,3
8,1,15.0,213,25,225,3
8,1,20.0,213,25,225,3
8,1,25.0,211,25,225,3
8,1,30.0,211,25,225,3
8,1,35.0,210,25,225,3
8,1,40.0,208,25,225,3
8,1,45.0,207,25,225,3
8,1,50.0,204,25,225,3
8,1,55.0,202,25,225,3
8,1,60.0,200,25,225,3
8,1,65.0,200,25,225,3
8,1,70.0,199,25,225,3
8,1,75.0,198,25,225,3
8,1,80.0,198,25,225,3
8,1,85.0,198,25,225,3
8,1,90.0,198,25,225,3
8,1,95.0,199,25,225,3
8,1,100.0,197,25,225,3
8,1,105.0,200,25,225,3
8,1,110.0,198,25,225,3
8,1,115.0,198,25,225,3
8,1,120.0,197,25,225,3
8,1,125.0,196,25,225,3
8,1,130.0,196,25,225,3
8,1,135.0,195,25,225,3
8,1,140.0,196,25,225,3
8,1,145.0,196,25,225,3
8,1,150.0,196,25,225,3
8,1,155.0,194,25,225,3
8,1,160.0,192,25,225,3
8,1,165.0,193,25,225,3
8,1,170.0,191,25,225,3
8,1,175.0,193,25,225,3
8,1,180.0,194,25,225,3
8,1,185.0,193,25,225,3
8,1,190.0,191,25,225,3
8,1,195.0,191,25,225,3
8,1,200.0,188,25,225,3
8,1,205.0,185,25,225,3
8,1,210.0,186,25,225,3
8,1,215.0,188,25,225,3
8,1,220.0,187,25,225,3
8,1,225.0,183,25,225,3
8,1,230.0,185,25,225,3
8,1,235.0,185,25,225,3
8,1,240.0,186,25,225,3
8,1,245.0,187,25,225,3
8,1,250.0,188,25,225,3
8,1,255.0,186,25,225,3
8,1,260.0,187,25,225,3
8,1,265.0,187,25,225,3
8,1,270.0,187,25,225,3
8,1,275.0,185,25,225,3
8,1,280.0,187,25,225,3
8,1,285.0,186,25,225,3
8,1,290.0,185,25,225,3
8,1,295.0,186,25,225,3
8,1,300.0,183,25,225,3
8,1,305.0,181,25,225,3
8,1,310.0,182,25,225,3
8,1,315.0,182,25,225,3
8,1,320.0,180,25,225,3
8,1,325.0,180,25,225,3
8,1,330.0,180,25,225,3
8,1,335.0,182,25,225,3
8,1,340.0,184,25,225,3
8,1,345.0,185,25,225,3
8,1,350.0,185,25,225,3
8,1,355.0,185,25,225,3
8,1,360.0,187,25,225,3
8,1,365.0,187,25,225,3
8,1,370.0,188,25,225,3
8,1,375.0,190,25,225,3
8,1,380.0,190,25,225,3
8,1,385.0,190,25,225,3
8,1,390.0,189,25,225,3
8,1,395.0,189,25,225,3
8,1,400.0,189,25,225,3
8,1,405.0,188,25,225,3
8,1,410.0,188,25,225,3
8,1,415.0,187,25,225,3
8,1,420.0,186,25,225,3
8,1,425.0,184,25,225,3
8,1,430.0,185,25,225,3
8,1,435.0,183,25,225,3
8,1,440.0,184,25,225,3
8,1,445.0,181,25,225,3
8,1,450.0,180,25,225,3
8,1,455.0,180,25,225,3
8,1,460.0,180,25,225,3
8,1,465.0,182,25,225,3
8,1,470.0,185,25,225,3
8,1,475.0,185,25,225,3
8,1,480.0,184,25,225,3
8,1,485.0,181,25,225,3
8,1,490.0,181,25,225,3
8,1,495.0,180,25,225,3
8,1,500.0,180,25,225,3
8,1,505.0,177,25,225,3
8,1,510.0,179,25,225,3
8,1,515.0,178,25,225,3
8,1,520.0,176,25,225,3
8,1,525.0,175,25,225,3
8,1,530.0,173,25,225,3
8,1,535.0,173,25,225,3
8,1,540.0,174,25,225,3
8,1,545.0,176,25,225,3
8,1,550.0,177,25,225,3
8,1,555.0,179,25,225,3
8,1,560.0,179,25,225,3
8,1,565.0,179,25,225,3
8,1,570.0,179,25,225,3
8,1,575.0,179,25,225,3
8,1,580.0,177,25,225,3
8,1,585.0,179,25,225,3
8,1,590.0,180,25,225,3
8,1,595.0,182,25,225,3
8,1,600.0,182,25,225,3
8,1,605.0,182,25,225,3
8,1,610.0,180,25,225,3
8,1,615.0,180,25,225,3
8,1,620.0,180,25,225,3
8,1,625.0,180,25,225,3
8,1,630.0,180,25,225,3
8,1,635.0,183,25,225,3
8,1,640.0,180,25,225,3
8,1,645.0,178,25,225,3
8,1,650.0,177,25,225,3
8,1,655.0,176,25,225,3
8,1,660.0,176,25,225,3
8,1,665.0,177,25,225,3
8,1,670.0,175,25,225,3
8,1,675.0,173,25,225,3
8,1,680.0,173,25,225,3
8,1,685.0,174,25,225,3
8,1,690.0,176,25,225,3
8,1,695.0,174,25,225,3
8,1,700.0,172,25,225,3
8,1,705.0,174,25,225,3
8,1,710.0,176,25,225,3
8,1,715.0,176,25,225,3
8,1,720.0,177,25,225,3
8,1,725.0,173,25,225,3
8,1,730.0,171,25,225,3
8,1,735.0,169,25,225,3
8,1,740.0,169,25,225,3
8,1,745.0,172,25,225,3
8,1,750.0,172,25,225,3
8,1,755.0,169,25,225,3
8,1,760.0,172,25,225,3
8,1,765.0,172,25,225,3
8,1,770.0,170,25,225,3
8,1,775.0,170,25,225,3
8,1,780.0,168,25,225,3
8,1,785.0,165,25,225,3
8,1,790.0,166,25,225,3
8,1,795.0,166,25,225,3
8,1,800.0,165,25,225,3
8,1,805.0,165,25,225,3
8,1,810.0,164,25,225,3
8,1,815.0,165,25,225,3
8,1,820.0,163,25,225,3
8,1,825.0,163,25,225,3
8,1,830.0,164,25,225,3
8,1,835.0,161,25,225,3
8,1,840.0,161,25,225,3
8,1,845.0,160,25,225,3
8,1,850.0,158,25,225,3
8,1,855.0,159,25,225,3
8,1,860.0,161,25,225,3
8,1,865.0,161,25,225,3
8,1,870.0,163,25,225,3
8,1,875.0,165,25,225,3
8,1,880.0,167,25,225,3
8,1,885.0,169,25,225,3
8,1,890.0,173,25,225,3
8,1,895.0,173,25,225,3
8,1,900.0,177,25,225,3
8,1,905.0,181,25,225,3
8,1,910.0,178,25,225,3
8,1,915.0,178,25,225,3
8,1,920.0,180,25,225,3
8,1,925.0,180,25,225,3
8,1,930.0,182,25,225,3
8,1,935.0,181,25,225,3
8,1,940.0,180,25,225,3
8,1,945.0,179,25,225,3
8,1,950.0,178,25,225,3
8,1,955.0,180,25,225,3
8,1,960.0,176,25,225,3
8,1,965.0,177,25,225,3
8,1,970.0,182,25,225,3
8,1,975.0,183,25,225,3
8,1,980.0,180,25,225,3
8,1,985.0,181,25,225,3
8,1,990.0,180,25,225,3
8,1,995.0,178,25,225,3
8,1,1000.0,181,25,225,3
8,1,1005.0,179,25,225,3
8,1,1010.0,179,25,225,3
8,1,1015.0,178,25,225,3
8,1,1020.0,179,25,225,3
8,1,1025.0,180,25,225,3
8,1,1030.0,184,25,225,3
8,1,1035.0,184,25,225,3
8,1,1040.0,185,25,225,3
8,1,1045.0,185,25,225,3
8,1,1050.0,183,25,225,3
8,1,1055.0,182,25,225,3
8,1,1060.0,181,25,225,3
8,1,1065.0,182,25,225,3
8,1,1070.0,181,25,225,3
8,1,1075.0,180,25,225,3
8,1,1080.0,179,25,225,3
8,1,1085.0,177,25,225,3
8,1,1090.0,176,25,225,3
8,1,1095.0,175,25,225,3
8,1,1100.0,172,25,225,3
8,1,1105.0,174,25,225,3
8,1,1110.0,176,25,225,3
8,1,1115.0,177,25,225,3
8,1,1120.0,177,25,225,3
8,1,1125.0,177,25,225,3
8,1,1130.0,176,25,225,3
8,1,1135.0,177,25,225,3
8,1,1140.0,177,25,225,3
8,1,1145.0,177,25,225,3
8,1,1150.0,175,25,225,3
8,1,1155.0,181,25,225,3
8,1,1160.0,181,25,225,3
8,1,1165.0,180,25,225,3
8,1,1170.0,180,25,225,3
8,1,1175.0,180,25,225,3
8,1,1180.0,179,25,225,3
8,1,1185.0,177,25,225,3
8,1,1190.0,178,25,225,3
8,1,1195.0,183,25,225,3
8,1,1200.0,182,25,225,3
8,1,1205.0,182,25,225,3
8,1,1210.0,181,25,225,3
8,1,1215.0,179,25,225,3
8,1,1220.0,176,25,225,3
8,1,1225.0,177,25,225,3
8,1,1230.0,175,25,225,3
8,1,1235.0,176,25,225,3
8,1,1240.0,173,25,225,3
8,1,1245.0,175,25,225,3
8,1,1250.0,175,25,225,3
8,1,1255.0,176,25,225,3
8,1,1260.0,177,25,225,3
8,1,1265.0,177,25,225,3
8,1,1270.0,177,25,225,3
8,1,1275.0,174,25,225,3
8,1,1280.0,173,25,225,3
8,1,1285.0,170,25,225,3
8,1,1290.0,171,25,225,3
8,1,1295.0,170,25,225,3
8,1,1300.0,170,25,225,3
8,1,1305.0,173,25,225,3
8,1,1310.0,174,25,225,3
8,1,1315.0,172,25,225,3
8,1,1320.0,173,25,225,3
8,1,1325.0,172,25,225,3
8,1,1330.0,175,25,225,3
8,1,1335.0,175,25,225,3
8,1,1340.0,176,25,225,3
8,1,1345.0,178,25,225,3
8,1,1350.0,174,25,225,3
8,1,1355.0,171,25,225,3
8,1,1360.0,170,25,225,3
8,1,1365.0,172,25,225,3
8,1,1370.0,171,25,225,3
8,1,1375.0,171,25,225,3
8,1,1380.0,168,25,225,3
8,1,1385.0,169,25,225,3
8,1,1390.0,172,25,225,3
8,1,1395.0,175,25,225,3
8,1,1400.0,176,25,225,3
8,1,1405.0,175,25,225,3
8,1,1410.0,175,25,225,3
8,1,1415.0,179,25,225,3
8,1,1420.0,180,25,225,3
8,1,1425.0,179,25,225,3
8,1,1430.0,179,25,225,3
8,1,1435.0,180,25,225,3
8,1,1440.0,178,25,225,3
8,1,1445.0,177,25,225,3
8,1,1450.0,178,25,225,3
8,1,1455.0,180,25,225,3
8,1,1460.0,178,25,225,3
8,1,1465.0,178,25,225,3
8,1,1470.0,176,25,225,3
8,1,1475.0,177,25,225,3
8,1,1480.0,180,25,225,3
8,1,1485.0,178,25,225,3
8,1,1490.0,179,25,225,3
8,1,1495.0,179,25,225,3
8,1,1500.0,179,25,225,3
8,1,1505.0,177,25,225,3
8,1,1510.0,180,25,225,3
8,1,1515.0,175,25,225,3
8,1,1520.0,176,25,225,3
8,1,1525.0,175,25,225,3
8,1,1530.0,179,25,225,3
8,1,1535.0,183,25,225,3
8,1,1540.0,180,25,225,3
8,1,1545.0,181,25,225,3
8,1,1550.0,186,25,225,3
8,1,1555.0,187,25,225,3
8,1,1560.0,186,25,225,3
8,1,1565.0,185,25,225,3
8,1,1570.0,185,25,225,3
8,1,1575.0,187,25,225,3
8,1,1580.0,182,25,225,3
8,1,1585.0,181,25,225,3
8,1,1590.0,182,25,225,3
8,1,1595.0,182,25,225,3
8,1,1600.0,181,25,225,3
8,1,1605.0,181,25,225,3
8,1,1610.0,181,25,225,3
8,1,1615.0,180,25,225,3
8,1,1620.0,181,25,225,3
8,1,1625.0,180,25,225,3
8,1,1630.0,180,25,225,3
8,1,1635.0,181,25,225,3
8,1,1640.0,180,25,225,3
8,1,1645.0,181,25,225,3
8,1,1650.0,181,25,225,3
8,1,1655.0,179,25,225,3
8,1,1660.0,178,25,225,3
8,1,1665.0,178,25,225,3
8,1,1670.0,180,25,225,3
8,1,1675.0,182,25,225,3
8,1,1680.0,180,25,225,3
8,1,1685.0,178,25,225,3
8,1,1690.0,177,25,225,3
8,1,1695.0,175,25,225,3
8,1,1700.0,174,25,225,3
8,1,1705.0,176,25,225,3
8,1,1710.0,172,25,225,3
8,1,1715.0,170,25,225,3
8,1,1720.0,170,25,225,3
8,1,1725.0,170,25,225,3
8,1,1730.0,168,25,225,3
8,1,1735.0,163,25,225,3
8,1,1740.0,164,25,225,3
8,1,1745.0,161,25,225,3
8,1,1750.0,159,25,225,3
8,1,1755.0,159,25,225,3
8,1,1760.0,159,25,225,3
8,1,1765.0,160,25,225,3
8,1,1770.0,161,25,225,3
8,1,1775.0,164,25,225,3
8,1,1780.0,163,25,225,3
8,1,1785.0,166,25,225,3
8,1,1790.0,167,25,225,3
8,1,1795.0,168,25,225,3
8,1,1800.0,170,25,225,3
8,1,1805.0,172,25,225,3
8,1,1810.0,173,25,225,3
8,1,1815.0,170,25,225,3
8,1,1820.0,170,25,225,3
8,1,1825.0,170,25,225,3
8,1,1830.0,166,25,225,3
8,1,1835.0,164,25,225,3
8,1,1840.0,165,25,225,3
8,1,1845.0,166,25,225,3
8,1,1850.0,169,25,225,3
8,1,1855.0,169,25,225,3
8,1,1860.0,170,25,225,3
8,1,1865.0,170,25,225,3
8,1,1870.0,170,25,225,3
8,1,1875.0,171,25,225,3
8,1,1880.0,172,25,225,3
8,1,1885.0,171,25,225,3
8,1,1890.0,169,25,225,3
8,1,1895.0,170,25,225,3
8,1,1900.0,170,25,225,3
8,1,1905.0,170,25,225,3
8,1,1910.0,170,25,225,3
8,1,1915.0,171,25,225,3
8,1,1920.0,170,25,225,3
8,1,1925.0,172,25,225,3
8,1,1930.0,171,25,225,3
8,1,1935.0,171,25,225,3
8,1,1940.0,170,25,225,3
8,1,1945.0,168,25,225,3
8,1,1950.0,165,25,225,3
8,1,1955.0,163,25,225,3
8,1,1960.0,166,25,225,3
8,1,1965.0,168,25,225,3
8,1,1970.0,172,25,225,3
8,1,1975.0,170,25,225,3
8,1,1980.0,171,25,225,3
8,1,1985.0,170,25,225,3
8,1,1990.0,169,25,225,3
8,1,1995.0,170,25,225,3
8,1,2000.0,170,25,225,3
8,1,2005.0,171,25,225,3
8,1,2010.0,171,25,225,3
8,1,2015.0,173,25,225,3
8,1,2020.0,173,25,225,3
8,1,2025.0,172,25,225,3
8,1,2030.0,173,25,225,3
8,1,2035.0,172,25,225,3
8,1,2040.0,173,25,225,3
8,1,2045.0,170,25,225,3
8,1,2050.0,169,25,225,3
8,1,2055.0,169,25,225,3
8,1,2060.0,168,25,225,3
8,1,2065.0,169,25,225,3
8,1,2070.0,169,25,225,3
8,1,2075.0,167,25,225,3
8,1,2080.0,166,25,225,3
8,1,2085.0,165,25,225,3
8,1,2090.0,165,25,225,3
8,1,2095.0,164,25,225,3
8,1,2100.0,167,25,225,3
8,1,2105.0,167,25,225,3
8,1,2110.0,166,25,225,3
8,1,2115.0,168,25,225,3
8,1,2120.0,169,25,225,3
8,1,2125.0,166,25,225,3
8,1,2130.0,167,25,225,3
8,1,2135.0,166,25,225,3
8,1,2140.0,166,25,225,3
8,1,2145.0,166,25,225,3
8,1,2150.0,166,25,225,3
8,1,2155.0,168,25,225,3
8,1,2160.0,170,25,225,3
8,1,2165.0,171,25,225,3
8,1,2170.0,171,25,225,3
8,1,2175.0,174,25,225,3
8,1,2180.0,174,25,225,3
8,1,2185.0,172,25,225,3
8,1,2190.0,172,25,225,3
8,1,2195.0,169,25,225,3
8,1,2200.0,170,25,225,3
8,1,2205.0,170,25,225,3
8,1,2210.0,170,25,225,3
8,1,2215.0,168,25,225,3
8,1,2220.0,165,25,225,3
8,1,2225.0,167,25,225,3
8,1,2230.0,166,25,225,3
8,1,2235.0,165,25,225,3
8,1,2240.0,165,25,225,3
8,1,2245.0,165,25,225,3
8,1,2250.0,166,25,225,3
8,1,2255.0,166,25,225,3
8,1,2260.0,164,25,225,3
8,1,2265.0,165,25,225,3
8,1,2270.0,167,25,225,3
8,1,2275.0,168,25,225,3
8,1,2280.0,168,25,225,3
8,1,2285.0,166,25,225,3
8,1,2290.0,166,25,225,3
8,1,2295.0,167,25,225,3
8,1,2300.0,168,25,225,3
8,1,2305.0,169,25,225,3
8,1,2310.0,168,25,225,3
8,1,2315.0,168,25,225,3
8,1,2320.0,169,25,225,3
8,1,2325.0,168,25,225,3
8,1,2330.0,166,25,225,3
8,1,2335.0,165,25,225,3
8,1,2340.0,162,25,225,3
8,1,2345.0,164,25,225,3
8,1,2350.0,162,25,225,3
8,1,2355.0,162,25,225,3
8,1,2360.0,161,25,225,3
8,1,2365.0,161,25,225,3
8,1,2370.0,163,25,225,3
8,1,2375.0,162,25,225,3
8,1,2380.0,165,25,225,3
8,1,2385.0,169,25,225,3
8,1,2390.0,171,25,225,3
8,1,2395.0,170,25,225,3
8,1,2400.0,171,25,225,3
8,1,2405.0,172,25,225,3
8,1,2410.0,173,25,225,3
8,1,2415.0,172,25,225,3
8,1,2420.0,170,25,225,3
8,1,2425.0,169,25,225,3
8,1,2430.0,170,25,225,3
8,1,2435.0,173,25,225,3
8,1,2440.0,173,25,225,3
8,1,2445.0,173,25,225,3
8,1,2450.0,175,25,225,3
8,1,2455.0,175,25,225,3
8,1,2460.0,172,25,225,3
8,1,2465.0,173,25,225,3
8,1,2470.0,171,25,225,3
8,1,2475.0,172,25,225,3
8,1,2480.0,173,25,225,3
8,1,2485.0,172,25,225,3
8,1,2490.0,172,25,225,3
8,1,2495.0,173,25,225,3
8,1,2500.0,171,25,225,3
8,1,2505.0,174,25,225,3
8,1,2510.0,176,25,225,3
8,1,2515.0,175,25,225,3
8,1,2520.0,174,25,225,3
8,1,2525.0,174,25,225,3
8,1,2530.0,177,25,225,3
8,1,2535.0,178,25,225,3
8,1,2540.0,178,25,225,3
8,1,2545.0,179,25,225,3
8,1,2550.0,180,25,225,3
8,1,2555.0,181,25,225,3
8,1,2560.0,178,25,225,3
8,1,2565.0,178,25,225,3
8,1,2570.0,176,25,225,3
8,1,2575.0,174,25,225,3
8,1,2580.0,173,25,225,3
8,1,2585.0,172,25,225,3
8,1,2590.0,172,25,225,3
8,1,2595.0,167,25,225,3
8,1,2600.0,168,25,225,3
8,1,2605.0,167,25,225,3
8,1,2610.0,168,25,225,3
8,1,2615.0,171,25,225,3
8,1,2620.0,168,25,225,3
8,1,2625.0,166,25,225,3
8,1,2630.0,166,25,225,3
8,1,2635.0,165,25,225,3
8,1,2640.0,166,25,225,3
8,1,2645.0,162,25,225,3
8,1,2650.0,162,25,225,3
8,1,2655.0,163,25,225,3
8,1,2660.0,161,25,225,3
8,1,2665.0,162,25,225,3
8,1,2670.0,162,25,225,3
8,1,2675.0,163,25,225,3
8,1,2680.0,165,25,225,3
8,1,2685.0,167,25,225,3
8,1,2690.0,168,25,225,3
8,1,2695.0,169,25,225,3
8,1,2700.0,168,25,225,3
8,1,2705.0,168,25,225,3
8,1,2710.0,169,25,225,3
8,1,2715.0,166,25,225,3
8,1,2720.0,166,25,225,3
8,1,2725.0,167,25,225,3
8,1,2730.0,169,25,225,3
8,1,2735.0,170,25,225,3
8,1,2740.0,173,25,225,3
8,1,2745.0,172,25,225,3
8,1,2750.0,169,25,225,3
8,1,2755.0,172,25,225,3
8,1,2760.0,171,25,225,3
8,1,2765.0,171,25,225,3
8,1,2770.0,174,25,225,3
8,1,2775.0,173,25,225,3
8,1,2780.0,175,25,225,3
8,1,2785.0,176,25,225,3
8,1,2790.0,181,25,225,3
8,1,2795.0,179,25,225,3
8,1,2800.0,180,25,225,3
8,1,2805.0,180,25,225,3
8,1,2810.0,183,25,225,3
8,1,2815.0,185,25,225,3
8,1,2820.0,185,25,225,3
8,1,2825.0,187,25,225,3
8,1,2830.0,185,25,225,3
8,1,2835.0,182,25,225,3
8,1,2840.0,183,25,225,3
8,1,2845.0,183,25,225,3
8,1,2850.0,183,25,225,3
8,1,2855.0,185,25,225,3
8,1,2860.0,182,25,225,3
8,1,2865.0,182,25,225,3
8,1,2870.0,183,25,225,3
8,1,2875.0,181,25,225,3
8,1,2880.0,179,25,225,3
8,1,2885.0,182,25,225,3
8,1,2890.0,181,25,225,3
8,1,2895.0,180,25,225,3
8,1,2900.0,178,25,225,3
8,1,2905.0,174,25,225,3
8,1,2910.0,174,25,225,3
8,1,2915.0,174,25,225,3
8,1,2920.0,179,25,225,3
8,1,2925.0,180,25,225,3
8,1,2930.0,178,25,225,3
8,1,2935.0,180,25,225,3
8,1,2940.0,180,25,225,3
8,1,2945.0,181,25,225,3
8,1,2950.0,181,25,225,3
8,1,2955.0,181,25,225,3
8,1,2960.0,182,25,225,3
8,1,2965.0,182,25,225,3
8,1,2970.0,180,25,225,3
8,1,2975.0,179,25,225,3
8,1,2980.0,179,25,225,3
8,1,2985.0,180,25,225,3
8,1,2990.0,178,25,225,3
8,1,2995.0,179,25,225,3
8,1,3000.0,179,25,225,3
8,1,3005.0,180,25,225,3
8,1,3010.0,177,25,225,3
8,1,3015.0,172,25,225,3
8,1,3020.0,172,25,225,3
8,1,3025.0,169,25,225,3
8,1,3030.0,167,25,225,3
8,1,3035.0,165,25,225,3
8,1,3040.0,161,25,225,3
8,1,3045.0,161,25,225,3
8,1,3050.0,162,25,225,3
8,1,3055.0,162,25,225,3
8,1,3060.0,164,25,225,3
8,1,3065.0,166,25,225,3
8,1,3070.0,165,25,225,3
8,1,3075.0,162,25,225,3
8,1,3080.0,162,25,225,3
8,1,3085.0,166,25,225,3
8,1,3090.0,167,25,225,3
8,1,3095.0,167,25,225,3
8,1,3100.0,168,25,225,3
8,1,3105.0,167,25,225,3
8,1,3110.0,168,25,225,3
8,1,3115.0,164,25,225,3
8,1,3120.0,164,25,225,3
8,1,3125.0,170,25,225,3
8,1,3130.0,170,25,225,3
8,1,3135.0,169,25,225,3
8,1,3140.0,168,25,225,3
8,1,3145.0,167,25,225,3
8,1,3150.0,164,25,225,3
8,1,3155.0,165,25,225,3
8,1,3160.0,165,25,225,3
8,1,3165.0,167,25,225,3
8,1,3170.0,168,25,225,3
8,1,3175.0,167,25,225,3
8,1,3180.0,166,25,225,3
8,1,3185.0,165,25,225,3
8,1,3190.0,169,25,225,3
8,1,3195.0,168,25,225,3
8,1,3200.0,172,25,225,3
8,1,3205.0,172,25,225,3
8,1,3210.0,173,25,225,3
8,1,3215.0,172,25,225,3
8,1,3220.0,174,25,225,3
8,1,3225.0,179,25,225,3
8,1,3230.0,178,25,225,3
8,1,3235.0,179,25,225,3
8,1,3240.0,178,25,225,3
8,1,3245.0,178,25,225,3
8,1,3250.0,177,25,225,3
8,1,3255.0,177,25,225,3
8,1,3260.0,176,25,225,3
8,1,3265.0,175,25,225,3
8,1,3270.0,174,25,225,3
8,1,3275.0,174,25,225,3
8,1,3280.0,171,25,225,3
8,1,3285.0,173,25,225,3
8,1,3290.0,173,25,225,3
8,1,3295.0,174,25,225,3
8,1,3300.0,174,25,225,3
8,1,3305.0,172,25,225,3
8,1,3310.0,172,25,225,3
8,1,3315.0,174,25,225,3
8,1,3320.0,175,25,225,3
8,1,3325.0,176,25,225,3
8,1,3330.0,178,25,225,3
8,1,3335.0,177,25,225,3
8,1,3340.0,176,25,225,3
8,1,3345.0,176,25,225,3
8,1,3350.0,175,25,225,3
8,1,3355.0,175,25,225,3
8,1,3360.0,173,25,225,3
8,1,3365.0,173,25,225,3
8,1,3370.0,172,25,225,3
8,1,3375.0,173,25,225,3
8,1,3380.0,175,25,225,3
8,1,3385.0,173,25,225,3
8,1,3390.0,168,25,225,3
8,1,3395.0,167,25,225,3
8,1,3400.0,166,25,225,3
8,1,3405.0,166,25,225,3
8,1,3410.0,168,25,225,3
8,1,3415.0,167,25,225,3
8,1,3420.0,168,25,225,3
8,1,3425.0,168,25,225,3
8,1,3430.0,167,25,225,3
8,1,3435.0,167,25,225,3
8,1,3440.0,167,25,225,3
8,1,3445.0,168,25,225,3
8,1,3450.0,167,25,225,3
8,1,3455.0,167,25,225,3
8,1,3460.0,167,25,225,3
8,1,3465.0,163,25,225,3
8,1,3470.0,166,25,225,3
8,1,3475.0,166,25,225,3
8,1,3480.0,169,25,225,3
8,1,3485.0,167,25,225,3
8,1,3490.0,168,25,225,3
8,1,3495.0,169,25,225,3
8,1,3500.0,172,25,225,3
8,1,3505.0,172,25,225,3
8,1,3510.0,172,25,225,3
8,1,3515.0,170,25,225,3
8,1,3520.0,171,25,225,3
8,1,3525.0,176,25,225,3
8,1,3530.0,177,25,225,3
8,1,3535.0,176,25,225,3
8,1,3540.0,174,25,225,3
8,1,3545.0,174,25,225,3
8,1,3550.0,174,25,225,3
8,1,3555.0,172,25,225,3
8,1,3560.0,171,25,225,3
8,1,3565.0,171,25,225,3
8,1,3570.0,168,25,225,3
8,1,3575.0,167,25,225,3
8,1,3580.0,165,25,225,3
8,1,3585.0,168,25,225,3
8,1,3590.0,168,25,225,3
8,1,3595.0,171,25,225,3
8,1,3600.0,175,25,225,3
8,1,3605.0,175,25,225,3
8,1,3610.0,176,25,225,3
8,1,3615.0,174,25,225,3
8,1,3620.0,175,25,225,3
8,1,3625.0,174,25,225,3
8,1,3630.0,176,25,225,3
8,1,3635.0,175,25,225,3
8,1,3640.0,175,25,225,3
8,1,3645.0,179,25,225,3
8,1,3650.0,177,25,225,3
8,1,3655.0,176,25,225,3
8,1,3660.0,176,25,225,3
8,1,3665.0,178,25,225,3
8,1,3670.0,177,25,225,3
8,1,3675.0,178,25,225,3
8,1,3680.0,175,25,225,3
8,1,3685.0,175,25,225,3
8,1,3690.0,176,25,225,3
8,1,3695.0,176,25,225,3
8,1,3700.0,176,25,225,3
8,1,3705.0,176,25,225,3
8,1,3710.0,177,25,225,3
8,1,3715.0,177,25,225,3
8,1,3720.0,176,25,225,3
8,1,3725.0,173,25,225,3
8,1,3730.0,173,25,225,3
8,1,3735.0,173,25,225,3
8,1,3740.0,174,25,225,3
8,1,3745.0,175,25,225,3
8,1,3750.0,176,25,225,3
8,1,3755.0,174,25,225,3
8,1,3760.0,173,25,225,3
8,1,3765.0,173,25,225,3
8,1,3770.0,174,25,225,3
8,1,3775.0,173,25,225,3
8,1,3780.0,171,25,225,3
8,1,3785.0,172,25,225,3
8,1,3790.0,170,25,225,3
8,1,3795.0,170,25,225,3
8,1,3800.0,168,25,225,3
8,1,3805.0,164,25,225,3
8,1,3810.0,166,25,225,3
8,1,3815.0,164,25,225,3
8,1,3820.0,167,25,225,3
8,1,3825.0,166,25,225,3
8,1,3830.0,168,25,225,3
8,1,3835.0,168,25,225,3
8,1,3840.0,172,25,225,3
8,1,3845.0,171,25,225,3
8,1,3850.0,174,25,225,3
8,1,3855.0,175,25,225,3
8,1,3860.0,177,25,225,3
8,1,3865.0,178,25,225,3
8,1,3870.0,175,25,225,3
8,1,3875.0,174,25,225,3
8,1,3880.0,174,25,225,3
8,1,3885.0,176,25,225,3
8,1,3890.0,176,25,225,3
8,1,3895.0,174,25,225,3
8,1,3900.0,176,25,225,3
8,1,3905.0,176,25,225,3
8,1,3910.0,176,25,225,3
8,1,3915.0,176,25,225,3
8,1,3920.0,173,25,225,3
8,1,3925.0,173,25,225,3
8,1,3930.0,179,25,225,3
8,1,3935.0,178,25,225,3
8,1,3940.0,180,25,225,3
8,1,3945.0,182,25,225,3
8,1,3950.0,182,25,225,3
8,1,3955.0,181,25,225,3
8,1,3960.0,181,25,225,3
8,1,3965.0,183,25,225,3
8,1,3970.0,183,25,225,3
8,1,3975.0,183,25,225,3
8,1,3980.0,184,25,225,3
8,1,3985.0,183,25,225,3
8,1,3990.0,181,25,225,3
8,1,3995.0,184,25,225,3
8,1,4000.0,182,25,225,3
8,1,4005.0,182,25,225,3
8,1,4010.0,186,25,225,3
8,1,4015.0,186,25,225,3
8,1,4020.0,185,25,225,3
8,1,4025.0,186,25,225,3
8,1,4030.0,186,25,225,3
8,1,4035.0,183,25,225,3
8,1,4040.0,183,25,225,3
8,1,4045.0,183,25,225,3
8,1,4050.0,185,25,225,3
8,1,4055.0,184,25,225,3
8,1,4060.0,183,25,225,3
8,1,4065.0,182,25,225,3
8,1,4070.0,181,25,225,3
8,1,4075.0,182,25,225,3
8,1,4080.0,179,25,225,3
8,1,4085.0,179,25,225,3
8,1,4090.0,175,25,225,3
8,1,4095.0,173,25,225,3
8,1,4100.0,173,25,225,3
8,1,4105.0,172,25,225,3
8,1,4110.0,173,25,225,3
8,1,4115.0,174,25,225,3
8,1,4120.0,174,25,225,3
8,1,4125.0,174,25,225,3
8,1,4130.0,172,25,225,3
8,1,4135.0,171,25,225,3
8,1,4140.0,171,25,225,3
8,1,4145.0,173,25,225,3
8,1,4150.0,172,25,225,3
8,1,4155.0,171,25,225,3
8,1,4160.0,173,25,225,3
8,1,4165.0,174,25,225,3
8,1,4170.0,174,25,225,3
8,1,4175.0,174,25,225,3
8,1,4180.0,175,25,225,3
8,1,4185.0,174,25,225,3
8,1,4190.0,173,25,225,3
8,1,4195.0,167,25,225,3
8,1,4200.0,168,25,225,3
8,1,4205.0,168,25,225,3
8,1,4210.0,171,25,225,3
8,1,4215.0,172,25,225,3
8,1,4220.0,170,25,225,3
8,1,4225.0,170,25,225,3
8,1,4230.0,169,25,225,3
8,1,4235.0,169,25,225,3
8,1,4240.0,169,25,225,3
8,1,4245.0,168,25,225,3
8,1,4250.0,168,25,225,3
8,1,4255.0,167,25,225,3
8,1,4260.0,169,25,225,3
8,1,4265.0,167,25,225,3
8,1,4270.0,167,25,225,3
8,1,4275.0,168,25,225,3
8,1,4280.0,172,25,225,3
8,1,4285.0,172,25,225,3
8,1,4290.0,173,25,225,3
8,1,4295.0,174,25,225,3
8,1,4300.0,172,25,225,3
8,1,4305.0,171,25,225,3
8,1,4310.0,172,25,225,3
8,1,4315.0,169,25,225,3
8,1,4320.0,167,25,225,3
8,1,4325.0,167,25,225,3
8,1,4330.0,166,25,225,3
8,1,4335.0,163,25,225,3
8,1,4340.0,168,25,225,3
8,1,4345.0,169,25,225,3
8,1,4350.0,171,25,225,3
8,1,4355.0,173,25,225,3
8,1,4360.0,170,25,225,3
8,1,4365.0,170,25,225,3
8,1,4370.0,172,25,225,3
8,1,4375.0,173,25,225,3
8,1,4380.0,176,25,225,3
8,1,4385.0,179,25,225,3
8,1,4390.0,178,25,225,3
8,1,4395.0,176,25,225,3
8,1,4400.0,176,25,225,3
8,1,4405.0,176,25,225,3
8,1,4410.0,175,25,225,3
8,1,4415.0,177,25,225,3
8,1,4420.0,177,25,225,3
8,1,4425.0,176,25,225,3
8,1,4430.0,177,25,225,3
8,1,4435.0,178,25,225,3
8,1,4440.0,177,25,225,3
8,1,4445.0,177,25,225,3
8,1,4450.0,175,25,225,3
8,1,4455.0,176,25,225,3
8,1,4460.0,174,25,225,3
8,1,4465.0,174,25,225,3
8,1,4470.0,178,25,225,3
8,1,4475.0,176,25,225,3
8,1,4480.0,176,25,225,3
8,1,4485.0,174,25,225,3
8,1,4490.0,178,25,225,3
8,1,4495.0,178,25,225,3
8,1,4500.0,174,25,225,3
8,1,4505.0,174,25,225,3
8,1,4510.0,175,25,225,3
8,1,4515.0,175,25,225,3
8,1,4520.0,174,25,225,3
8,1,4525.0,174,25,225,3
8,1,4530.0,174,25,225,3
8,1,4535.0,172,25,225,3
8,1,4540.0,171,25,225,3
8,1,4545.0,171,25,225,3
8,1,4550.0,172,25,225,3
8,1,4555.0,172,25,225,3
8,1,4560.0,172,25,225,3
8,1,4565.0,173,25,225,3
8,1,4570.0,172,25,225,3
8,1,4575.0,170,25,225,3
8,1,4580.0,169,25,225,3
8,1,4585.0,170,25,225,3
8,1,4590.0,174,25,225,3
8,1,4595.0,173,25,225,3
8,1,4600.0,173,25,225,3
8,1,4605.0,172,25,225,3
8,1,4610.0,172,25,225,3
8,1,4615.0,173,25,225,3
8,1,4620.0,172,25,225,3
8,1,4625.0,171,25,225,3
8,1,4630.0,170,25,225,3
8,1,4635.0,168,25,225,3
8,1,4640.0,166,25,225,3
8,1,4645.0,170,25,225,3
8,1,4650.0,170,25,225,3
8,1,4655.0,168,25,225,3
8,1,4660.0,168,25,225,3
8,1,4665.0,169,25,225,3
8,1,4670.0,169,25,225,3
8,1,4675.0,170,25,225,3
8,1,4680.0,171,25,225,3
8,1,4685.0,173,25,225,3
8,1,4690.0,175,25,225,3
8,1,4695.0,176,25,225,3
8,1,4700.0,178,25,225,3
8,1,4705.0,177,25,225,3
8,1,4710.0,180,25,225,3
8,1,4715.0,180,25,225,3
8,1,4720.0,178,25,225,3
8,1,4725.0,179,25,225,3
8,1,4730.0,179,25,225,3
8,1,4735.0,180,25,225,3
8,1,4740.0,178,25,225,3
8,1,4745.0,177,25,225,3
8,1,4750.0,176,25,225,3
8,1,4755.0,178,25,225,3
8,1,4760.0,177,25,225,3
8,1,4765.0,177,25,225,3
8,1,4770.0,177,25,225,3
8,1,4775.0,177,25,225,3
8,1,4780.0,175,25,225,3
8,1,4785.0,177,25,225,3
8,1,4790.0,177,25,225,3
8,1,4795.0,178,25,225,3
8,1,4800.0,176,25,225,3
8,1,4805.0,177,25,225,3
8,1,4810.0,178,25,225,3
8,1,4815.0,175,25,225,3
8,1,4820.0,176,25,225,3
8,1,4825.0,175,25,225,3
8,1,4830.0,174,25,225,3
8,1,4835.0,174,25,225,3
8,1,4840.0,176,25,225,3
8,1,4845.0,177,25,225,3
8,1,4850.0,178,25,225,3
8,1,4855.0,177,25,225,3
8,1,4860.0,175,25,225,3
8,1,4865.0,175,25,225,3
8,1,4870.0,174,25,225,3
8,1,4875.0,173,25,225,3
8,1,4880.0,173,25,225,3
8,1,4885.0,173,25,225,3
8,1,4890.0,173,25,225,3
8,1,4895.0,170,25,225,3
8,1,4900.0,172,25,225,3
8,1,4905.0,173,25,225,3
8,1,4910.0,173,25,225,3
8,1,4915.0,174,25,225,3
8,1,4920.0,171,25,225,3
8,1,4925.0,168,25,225,3
8,1,4930.0,170,25,225,3
8,1,4935.0,170,25,225,3
8,1,4940.0,171,25,225,3
8,1,4945.0,173,25,225,3
8,1,4950.0,170,25,225,3
8,1,4955.0,169,25,225,3
8,1,4960.0,167,25,225,3
8,1,4965.0,170,25,225,3
8,1,4970.0,167,25,225,3
8,1,4975.0,169,25,225,3
8,1,4980.0,168,25,225,3
8,1,4985.0,168,25,225,3
8,1,4990.0,170,25,225,3
8,1,4995.0,170,25,225,3
8,1,5000.0,172,25,225,3
8,1,5005.0,175,25,225,3
8,1,5010.0,171,25,225,3
8,1,5015.0,171,25,225,3
8,1,5020.0,175,25,225,3
8,1,5025.0,176,25,225,3
8,1,5030.0,174,25,225,3
8,1,5035.0,175,25,225,3
8,1,5040.0,177,25,225,3
8,1,5045.0,175,25,225,3
8,1,5050.0,174,25,225,3
8,1,5055.0,175,25,225,3
8,1,5060.0,175,25,225,3
8,1,5065.0,175,25,225,3
8,1,5070.0,174,25,225,3
8,1,5075.0,173,25,225,3
8,1,5080.0,172,25,225,3
8,1,5085.0,171,25,225,3
8,1,5090.0,168,25,225,3
8,1,5095.0,171,25,225,3
8,1,5100.0,171,25,225,3
8,1,5105.0,170,25,225,3
8,1,5110.0,171,25,225,3
8,1,5115.0,173,25,225,3
8,1,5120.0,175,25,225,3
8,1,5125.0,172,25,225,3
8,1,5130.0,173,25,225,3
8,1,5135.0,170,25,225,3
8,1,5140.0,172,25,225,3
8,1,5145.0,172,25,225,3
8,1,5150.0,168,25,225,3
8,1,5155.0,169,25,225,3
8,1,5160.0,167,25,225,3
8,1,5165.0,167,25,225,3
8,1,5170.0,169,25,225,3
8,1,5175.0,170,25,225,3
8,1,5180.0,167,25,225,3
8,1,5185.0,167,25,225,3
8,1,5190.0,168,25,225,3
8,1,5195.0,172,25,225,3
8,1,5200.0,174,25,225,3
8,1,5205.0,173,25,225,3
8,1,5210.0,174,25,225,3
8,1,5215.0,175,25,225,3
8,1,5220.0,178,25,225,3
8,1,5225.0,177,25,225,3
8,1,5230.0,176,25,225,3
8,1,5235.0,175,25,225,3
8,1,5240.0,174,25,225,3
8,1,5245.0,175,25,225,3
8,1,5250.0,174,25,225,3
8,1,5255.0,174,25,225,3
8,1,5260.0,176,25,225,3
8,1,5265.0,174,25,225,3
8,1,5270.0,175,25,225,3
8,1,5275.0,177,25,225,3
8,1,5280.0,176,25,225,3
8,1,5285.0,176,25,225,3
8,1,5290.0,177,25,225,3
8,1,5295.0,177,25,225,3
8,1,5300.0,177,25,225,3
8,1,5305.0,176,25,225,3
8,1,5310.0,174,25,225,3
8,1,5315.0,173,25,225,3
8,1,5320.0,174,25,225,3
8,1,5325.0,171,25,225,3
8,1,5330.0,170,25,225,3
8,1,5335.0,169,25,225,3
8,1,5340.0,167,25,225,3
8,1,5345.0,167,25,225,3
8,1,5350.0,165,25,225,3
8,1,5355.0,166,25,225,3
8,1,5360.0,166,25,225,3
8,1,5365.0,168,25,225,3
8,1,5370.0,169,25,225,3
8,1,5375.0,173,25,225,3
8,1,5380.0,171,25,225,3
8,1,5385.0,171,25,225,3
8,1,5390.0,171,25,225,3
8,1,5395.0,172,25,225,3
8,1,5400.0,170,25,225,3
8,1,5405.0,167,25,225,3
8,1,5410.0,168,25,225,3
8,1,5415.0,168,25,225,3
8,1,5420.0,171,25,225,3
8,1,5425.0,175,25,225,3
8,1,5430.0,175,25,225,3
8,1,5435.0,177,25,225,3
8,1,5440.0,181,25,225,3
8,1,5445.0,181,25,225,3
8,1,5450.0,183,25,225,3
8,1,5455.0,182,25,225,3
8,1,5460.0,183,25,225,3
8,1,5465.0,183,25,225,3
8,1,5470.0,185,25,225,3
8,1,5475.0,186,25,225,3
8,1,5480.0,188,25,225,3
8,1,5485.0,188,25,225,3
8,1,5490.0,188,25,225,3
8,1,5495.0,188,25,225,3
8,1,5500.0,186,25,225,3
8,1,5505.0,186,25,225,3
8,1,5510.0,189,25,225,3
8,1,5515.0,187,25,225,3
8,1,5520.0,187,25,225,3
8,1,5525.0,187,25,225,3
8,1,5530.0,183,25,225,3
8,1,5535.0,185,25,225,3
8,1,5540.0,185,25,225,3
8,1,5545.0,184,25,225,3
8,1,5550.0,184,25,225,3
8,1,5555.0,184,25,225,3
8,1,5560.0,182,25,225,3
8,1,5565.0,181,25,225,3
8,1,5570.0,182,25,225,3
8,1,5575.0,180,25,225,3
8,1,5580.0,181,25,225,3
8,1,5585.0,180,25,225,3
8,1,5590.0,176,25,225,3
8,1,5595.0,178,25,225,3
8,1,5600.0,178,25,225,3
8,1,5605.0,179,25,225,3
8,1,5610.0,177,25,225,3
8,1,5615.0,176,25,225,3
8,1,5620.0,176,25,225,3
8,1,5625.0,178,25,225,3
8,1,5630.0,178,25,225,3
8,1,5635.0,176,25,225,3
8,1,5640.0,177,25,225,3
8,1,5645.0,177,25,225,3
8,1,5650.0,175,25,225,3
8,1,5655.0,177,25,225,3
8,1,5660.0,177,25,225,3
8,1,5665.0,178,25,225,3
8,1,5670.0,180,25,225,3
8,1,5675.0,181,25,225,3
8,1,5680.0,181,25,225,3
8,1,5685.0,182,25,225,3
8,1,5690.0,181,25,225,3
8,1,5695.0,182,25,225,3
8,1,5700.0,177,25,225,3
8,1,5705.0,177,25,225,3
8,1,5710.0,180,25,225,3
8,1,5715.0,180,25,225,3
8,1,5720.0,176,25,225,3
8,1,5725.0,174,25,225,3
8,1,5730.0,173,25,225,3
8,1,5735.0,175,25,225,3
8,1,5740.0,178,25,225,3
8,1,5745.0,179,25,225,3
8,1,5750.0,176,25,225,3
8,1,5755.0,175,25,225,3
8,1,5760.0,174,25,225,3
8,1,5765.0,174,25,225,3
8,1,5770.0,179,25,225,3
8,1,5775.0,180,25,225,3
8,1,5780.0,182,25,225,3
8,1,5785.0,182,25,225,3
8,1,5790.0,179,25,225,3
8,1,5795.0,177,25,225,3
8,1,5800.0,177,25,225,3
8,1,5805.0,172,25,225,3
8,1,5810.0,175,25,225,3
8,1,5815.0,175,25,225,3
8,1,5820.0,176,25,225,3
8,1,5825.0,176,25,225,3
8,1,5830.0,174,25,225,3
8,1,5835.0,179,25,225,3
8,1,5840.0,180,25,225,3
8,1,5845.0,181,25,225,3
8,1,5850.0,177,25,225,3
8,1,5855.0,175,25,225,3
8,1,5860.0,176,25,225,3
8,1,5865.0,174,25,225,3
8,1,5870.0,172,25,225,3
8,1,5875.0,173,25,225,3
8,1,5880.0,173,25,225,3
8,1,5885.0,172,25,225,3
8,1,5890.0,168,25,225,3
8,1,5895.0,167,25,225,3
8,1,5900.0,167,25,225,3
8,1,5905.0,166,25,225,3
8,1,5910.0,168,25,225,3
8,1,5915.0,169,25,225,3
8,1,5920.0,169,25,225,3
8,1,5925.0,168,25,225,3
8,1,5930.0,167,25,225,3
8,1,5935.0,170,25,225,3
8,1,5940.0,170,25,225,3
8,1,5945.0,170,25,225,3
8,1,5950.0,171,25,225,3
8,1,5955.0,169,25,225,3
8,1,5960.0,171,25,225,3
8,1,5965.0,172,25,225,3
8,1,5970.0,170,25,225,3
8,1,5975.0,170,25,225,3
8,1,5980.0,170,25,225,3
8,1,5985.0,170,25,225,3
8,1,5990.0,169,25,225,3
8,1,5995.0,168,25,225,3
8,1,6000.0,165,25,225,3
8,1,6005.0,163,25,225,3
8,1,6010.0,163,25,225,3
8,1,6015.0,166,25,225,3
8,1,6020.0,168,25,225,3
8,1,6025.0,168,25,225,3
8,1,6030.0,168,25,225,3
8,1,6035.0,168,25,225,3
8,1,6040.0,168,25,225,3
8,1,6045.0,165,25,225,3
8,1,6050.0,163,25,225,3
8,1,6055.0,162,25,225,3
8,1,6060.0,161,25,225,3
8,1,6065.0,161,25,225,3
8,1,6070.0,161,25,225,3
8,1,6075.0,164,25,225,3
8,1,6080.0,163,25,225,3
8,1,6085.0,163,25,225,3
8,1,6090.0,162,25,225,3
8,1,6095.0,162,25,225,3
8,1,6100.0,163,25,225,3
8,1,6105.0,164,25,225,3
8,1,6110.0,166,25,225,3
8,1,6115.0,169,25,225,3
8,1,6120.0,173,25,225,3
8,1,6125.0,175,25,225,3
8,1,6130.0,175,25,225,3
8,1,6135.0,176,25,225,3
8,1,6140.0,175,25,225,3
8,1,6145.0,174,25,225,3
8,1,6150.0,173,25,225,3
8,1,6155.0,171,25,225,3
8,1,6160.0,173,25,225,3
8,1,6165.0,174,25,225,3
8,1,6170.0,176,25,225,3
8,1,6175.0,177,25,225,3
8,1,6180.0,178,25,225,3
8,1,6185.0,178,25,225,3
8,1,6190.0,177,25,225,3
8,1,6195.0,178,25,225,3
8,1,6200.0,180,25,225,3
8,1,6205.0,181,25,225,3
8,1,6210.0,179,25,225,3
8,1,6215.0,181,25,225,3
8,1,6220.0,181,25,225,3
8,1,6225.0,180,25,225,3
8,1,6230.0,180,25,225,3
8,1,6235.0,179,25,225,3
8,1,6240.0,175,25,225,3
8,1,6245.0,177,25,225,3
8,1,6250.0,177,25,225,3
8,1,6255.0,178,25,225,3
8,1,6260.0,178,25,225,3
8,1,6265.0,181,25,225,3
8,1,6270.0,180,25,225,3
8,1,6275.0,181,25,225,3
8,1,6280.0,181,25,225,3
8,1,6285.0,178,25,225,3
8,1,6290.0,178,25,225,3
8,1,6295.0,180,25,225,3
8,1,6300.0,181,25,225,3
8,1,6305.0,179,25,225,3
8,1,6310.0,180,25,225,3
8,1,6315.0,178,25,225,3
8,1,6320.0,178,25,225,3
8,1,6325.0,180,25,225,3
8,1,6330.0,182,25,225,3
8,1,6335.0,178,25,225,3
8,1,6340.0,177,25,225,3
8,1,6345.0,177,25,225,3
8,1,6350.0,178,25,225,3
8,1,6355.0,177,25,225,3
8,1,6360.0,177,25,225,3
8,1,6365.0,177,25,225,3
8,1,6370.0,178,25,225,3
8,1,6375.0,178,25,225,3
8,1,6380.0,179,25,225,3
8,1,6385.0,179,25,225,3
8,1,6390.0,180,25,225,3
8,1,6395.0,181,25,225,3
8,1,6400.0,180,25,225,3
8,1,6405.0,178,25,225,3
8,1,6410.0,179,25,225,3
8,1,6415.0,177,25,225,3
8,1,6420.0,175,25,225,3
8,1,6425.0,173,25,225,3
8,1,6430.0,176,25,225,3
8,1,6435.0,174,25,225,3
8,1,6440.0,172,25,225,3
8,1,6445.0,171,25,225,3
8,1,6450.0,169,25,225,3
8,1,6455.0,168,25,225,3
8,1,6460.0,165,25,225,3
8,1,6465.0,165,25,225,3
8,1,6470.0,165,25,225,3
8,1,6475.0,167,25,225,3
8,1,6480.0,166,25,225,3
8,1,6485.0,167,25,225,3
8,1,6490.0,166,25,225,3
8,1,6495.0,163,25,225,3
8,1,6500.0,165,25,225,3
8,1,6505.0,165,25,225,3
8,1,6510.0,166,25,225,3
8,1,6515.0,164,25,225,3
8,1,6520.0,163,25,225,3
8,1,6525.0,163,25,225,3
8,1,6530.0,163,25,225,3
8,1,6535.0,168,25,225,3
8,1,6540.0,168,25,225,3
8,1,6545.0,168,25,225,3
8,1,6550.0,168,25,225,3
8,1,6555.0,169,25,225,3
8,1,6560.0,165,25,225,3
8,1,6565.0,167,25,225,3
8,1,6570.0,168,25,225,3
8,1,6575.0,167,25,225,3
8,1,6580.0,165,25,225,3
8,1,6585.0,168,25,225,3
8,1,6590.0,169,25,225,3
8,1,6595.0,171,25,225,3
8,1,6600.0,172,25,225,3
8,1,6605.0,172,25,225,3
8,1,6610.0,171,25,225,3
8,1,6615.0,171,25,225,3
8,1,6620.0,171,25,225,3
8,1,6625.0,171,25,225,3
8,1,6630.0,169,25,225,3
8,1,6635.0,167,25,225,3
8,1,6640.0,170,25,225,3
8,1,6645.0,168,25,225,3
8,1,6650.0,168,25,225,3
8,1,6655.0,169,25,225,3
8,1,6660.0,169,25,225,3
8,1,6665.0,170,25,225,3
8,1,6670.0,170,25,225,3
8,1,6675.0,173,25,225,3
8,1,6680.0,175,25,225,3
8,1,6685.0,173,25,225,3
8,1,6690.0,171,25,225,3
8,1,6695.0,171,25,225,3
8,1,6700.0,171,25,225,3
8,1,6705.0,168,25,225,3
8,1,6710.0,173,25,225,3
8,1,6715.0,172,25,225,3
8,1,6720.0,173,25,225,3
8,1,6725.0,173,25,225,3
8,1,6730.0,172,25,225,3
8,1,6735.0,171,25,225,3
8,1,6740.0,174,25,225,3
8,1,6745.0,176,25,225,3
8,1,6750.0,174,25,225,3
8,1,6755.0,175,25,225,3
8,1,6760.0,176,25,225,3
8,1,6765.0,175,25,225,3
8,1,6770.0,172,25,225,3
8,1,6775.0,173,25,225,3
8,1,6780.0,172,25,225,3
8,1,6785.0,171,25,225,3
8,1,6790.0,168,25,225,3
8,1,6795.0,168,25,225,3
8,1,6800.0,170,25,225,3
8,1,6805.0,174,25,225,3
8,1,6810.0,178,25,225,3
8,1,6815.0,178,25,225,3
8,1,6820.0,181,25,225,3
8,1,6825.0,181,25,225,3
8,1,6830.0,180,25,225,3
8,1,6835.0,180,25,225,3
8,1,6840.0,181,25,225,3
8,1,6845.0,183,25,225,3
8,1,6850.0,184,25,225,3
8,1,6855.0,183,25,225,3
8,1,6860.0,183,25,225,3
8,1,6865.0,185,25,225,3
8,1,6870.0,183,25,225,3
8,1,6875.0,183,25,225,3
8,1,6880.0,183,25,225,3
8,1,6885.0,185,25,225,3
8,1,6890.0,186,25,225,3
8,1,6895.0,182,25,225,3
8,1,6900.0,181,25,225,3
8,1,6905.0,180,25,225,3
8,1,6910.0,181,25,225,3
8,1,6915.0,180,25,225,3
8,1,6920.0,178,25,225,3
8,1,6925.0,177,25,225,3
8,1,6930.0,177,25,225,3
8,1,6935.0,177,25,225,3
8,1,6940.0,180,25,225,3
8,1,6945.0,183,25,225,3
8,1,6950.0,183,25,225,3
8,1,6955.0,187,25,225,3
8,1,6960.0,187,25,225,3
8,1,6965.0,185,25,225,3
8,1,6970.0,187,25,225,3
8,1,6975.0,185,25,225,3
8,1,6980.0,185,25,225,3
8,1,6985.0,181,25,225,3
8,1,6990.0,180,25,225,3
8,1,6995.0,178,25,225,3
8,1,7000.0,177,25,225,3
8,1,7005.0,176,25,225,3
8,1,7010.0,174,25,225,3
8,1,7015.0,174,25,225,3
8,1,7020.0,173,25,225,3
8,1,7025.0,174,25,225,3
8,1,7030.0,172,25,225,3
8,1,7035.0,172,25,225,3
8,1,7040.0,169,25,225,3
8,1,7045.0,168,25,225,3
8,1,7050.0,167,25,225,3
8,1,7055.0,168,25,225,3
8,1,7060.0,167,25,225,3
8,1,7065.0,169,25,225,3
8,1,7070.0,169,25,225,3
8,1,7075.0,170,25,225,3
8,1,7080.0,168,25,225,3
8,1,7085.0,168,25,225,3
8,1,7090.0,171,25,225,3
8,1,7095.0,174,25,225,3
8,1,7100.0,173,25,225,3
8,1,7105.0,173,25,225,3
8,1,7110.0,174,25,225,3
8,1,7115.0,173,25,225,3
8,1,7120.0,174,25,225,3
8,1,7125.0,174,25,225,3
8,1,7130.0,173,25,225,3
8,1,7135.0,170,25,225,3
8,1,7140.0,168,25,225,3
8,1,7145.0,168,25,225,3
8,1,7150.0,167,25,225,3
8,1,7155.0,166,25,225,3
8,1,7160.0,163,25,225,3
8,1,7165.0,164,25,225,3
8,1,7170.0,166,25,225,3
8,1,7175.0,165,25,225,3
8,1,7180.0,162,25,225,3
8,1,7185.0,164,25,225,3
8,1,7190.0,163,25,225,3
8,1,7195.0,162,25,225,3
8,1,7200.0,162,25,225,3
8,1,7205.0,162,25,225,3
8,1,7210.0,162,25,225,3
8,1,7215.0,163,25,225,3
8,1,7220.0,161,25,225,3
8,1,7225.0,163,25,225,3
8,1,7230.0,166,25,225,3
8,1,7235.0,167,25,225,3
8,1,7240.0,165,25,225,3
8,1,7245.0,161,25,225,3
8,1,7250.0,163,25,225,3
8,1,7255.0,164,25,225,3
8,1,7260.0,163,25,225,3
8,1,7265.0,164,25,225,3
8,1,7270.0,165,25,225,3
8,1,7275.0,165,25,225,3
8,1,7280.0,165,25,225,3
8,1,7285.0,166,25,225,3
8,1,7290.0,168,25,225,3
8,1,7295.0,164,25,225,3
8,1,7300.0,165,25,225,3
8,1,7305.0,166,25,225,3
8,1,7310.0,167,25,225,3
8,1,7315.0,167,25,225,3
8,1,7320.0,169,25,225,3
8,1,7325.0,169,25,225,3
8,1,7330.0,169,25,225,3
8,1,7335.0,169,25,225,3
8,1,7340.0,167,25,225,3
8,1,7345.0,163,25,225,3
8,1,7350.0,165,25,225,3
8,1,7355.0,170,25,225,3
8,1,7360.0,172,25,225,3
8,1,7365.0,173,25,225,3
8,1,7370.0,171,25,225,3
8,1,7375.0,172,25,225,3
8,1,7380.0,174,25,225,3
8,1,7385.0,177,25,225,3
8,1,7390.0,178,25,225,3
8,1,7395.0,178,25,225,3
8,1,7400.0,175,25,225,3
8,1,7405.0,174,25,225,3
8,1,7410.0,174,25,225,3
8,1,7415.0,175,25,225,3
8,1,7420.0,173,25,225,3
8,1,7425.0,171,25,225,3
8,1,7430.0,171,25,225,3
8,1,7435.0,170,25,225,3
8,1,7440.0,168,25,225,3
8,1,7445.0,166,25,225,3
8,1,7450.0,166,25,225,3
8,1,7455.0,166,25,225,3
8,1,7460.0,167,25,225,3
8,1,7465.0,167,25,225,3
8,1,7470.0,167,25,225,3
8,1,7475.0,166,25,225,3
8,1,7480.0,164,25,225,3
8,1,7485.0,165,25,225,3
8,1,7490.0,166,25,225,3
8,1,7495.0,168,25,225,3
8,1,7500.0,168,25,225,3
8,1,7505.0,166,25,225,3
8,1,7510.0,166,25,225,3
8,1,7515.0,170,25,225,3
8,1,7520.0,173,25,225,3
8,1,7525.0,174,25,225,3
9,1,5.0,223,40,225,3
9,1,10.0,219,40,225,3
9,1,15.0,222,40,225,3
9,1,20.0,221,40,225,3
9,1,25.0,218,40,225,3
9,1,30.0,217,40,225,3
9,1,35.0,212,40,225,3
9,1,40.0,209,40,225,3
9,1,45.0,208,40,225,3
9,1,50.0,206,40,225,3
9,1,55.0,206,40,225,3
9,1,60.0,205,40,225,3
9,1,65.0,203,40,225,3
9,1,70.0,202,40,225,3
9,1,75.0,203,40,225,3
9,1,80.0,199,40,225,3
9,1,85.0,195,40,225,3
9,1,90.0,192,40,225,3
9,1,95.0,189,40,225,3
9,1,100.0,189,40,225,3
9,1,105.0,186,40,225,3
9,1,110.0,182,40,225,3
9,1,115.0,183,40,225,3
9,1,120.0,183,40,225,3
9,1,125.0,181,40,225,3
9,1,130.0,175,40,225,3
9,1,135.0,177,40,225,3
9,1,140.0,176,40,225,3
9,1,145.0,177,40,225,3
9,1,150.0,175,40,225,3
9,1,155.0,176,40,225,3
9,1,160.0,174,40,225,3
9,1,165.0,171,40,225,3
9,1,170.0,171,40,225,3
9,1,175.0,166,40,225,3
9,1,180.0,164,40,225,3
9,1,185.0,163,40,225,3
9,1,190.0,163,40,225,3
9,1,195.0,160,40,225,3
9,1,200.0,158,40,225,3
9,1,205.0,159,40,225,3
9,1,210.0,160,40,225,3
9,1,215.0,160,40,225,3
9,1,220.0,165,40,225,3
9,1,225.0,165,40,225,3
9,1,230.0,164,40,225,3
9,1,235.0,164,40,225,3
9,1,240.0,162,40,225,3
9,1,245.0,163,40,225,3
9,1,250.0,163,40,225,3
9,1,255.0,164,40,225,3
9,1,260.0,164,40,225,3
9,1,265.0,163,40,225,3
9,1,270.0,163,40,225,3
9,1,275.0,162,40,225,3
9,1,280.0,162,40,225,3
9,1,285.0,159,40,225,3
9,1,290.0,161,40,225,3
9,1,295.0,160,40,225,3
9,1,300.0,161,40,225,3
9,1,305.0,158,40,225,3
9,1,310.0,157,40,225,3
9,1,315.0,154,40,225,3
9,1,320.0,157,40,225,3
9,1,325.0,157,40,225,3
9,1,330.0,157,40,225,3
9,1,335.0,160,40,225,3
9,1,340.0,156,40,225,3
9,1,345.0,156,40,225,3
9,1,350.0,157,40,225,3
9,1,355.0,155,40,225,3
9,1,360.0,156,40,225,3
9,1,365.0,160,40,225,3
9,1,370.0,162,40,225,3
9,1,375.0,161,40,225,3
9,1,380.0,158,40,225,3
9,1,385.0,159,40,225,3
9,1,390.0,164,40,225,3
9,1,395.0,161,40,225,3
9,1,400.0,159,40,225,3
9,1,405.0,159,40,225,3
9,1,410.0,160,40,225,3
9,1,415.0,161,40,225,3
9,1,420.0,161,40,225,3
9,1,425.0,157,40,225,3
9,1,430.0,160,40,225,3
9,1,435.0,159,40,225,3
9,1,440.0,162,40,225,3
9,1,445.0,163,40,225,3
9,1,450.0,164,40,225,3
9,1,455.0,158,40,225,3
9,1,460.0,160,40,225,3
9,1,465.0,158,40,225,3
9,1,470.0,157,40,225,3
9,1,475.0,159,40,225,3
9,1,480.0,158,40,225,3
9,1,485.0,161,40,225,3
9,1,490.0,161,40,225,3
9,1,495.0,160,40,225,3
9,1,500.0,159,40,225,3
9,1,505.0,159,40,225,3
9,1,510.0,157,40,225,3
9,1,515.0,153,40,225,3
9,1,520.0,152,40,225,3
9,1,525.0,148,40,225,3
9,1,530.0,146,40,225,3
9,1,535.0,143,40,225,3
9,1,540.0,143,40,225,3
9,1,545.0,143,40,225,3
9,1,550.0,147,40,225,3
9,1,555.0,147,40,225,3
9,1,560.0,148,40,225,3
9,1,565.0,149,40,225,3
9,1,570.0,147,40,225,3
9,1,575.0,145,40,225,3
9,1,580.0,151,40,225,3
9,1,585.0,151,40,225,3
9,1,590.0,152,40,225,3
9,1,595.0,147,40,225,3
9,1,600.0,149,40,225,3
9,1,605.0,144,40,225,3
9,1,610.0,142,40,225,3
9,1,615.0,142,40,225,3
9,1,620.0,144,40,225,3
9,1,625.0,143,40,225,3
9,1,630.0,141,40,225,3
9,1,635.0,141,40,225,3
9,1,640.0,140,40,225,3
9,1,645.0,142,40,225,3
9,1,650.0,143,40,225,3
9,1,655.0,143,40,225,3
9,1,660.0,142,40,225,3
9,1,665.0,140,40,225,3
9,1,670.0,140,40,225,3
9,1,675.0,139,40,225,3
9,1,680.0,139,40,225,3
9,1,685.0,136,40,225,3
9,1,690.0,137,40,225,3
9,1,695.0,135,40,225,3
9,1,700.0,136,40,225,3
9,1,705.0,139,40,225,3
9,1,710.0,134,40,225,3
9,1,715.0,138,40,225,3
9,1,720.0,135,40,225,3
9,1,725.0,134,40,225,3
9,1,730.0,134,40,225,3
9,1,735.0,133,40,225,3
9,1,740.0,135,40,225,3
9,1,745.0,135,40,225,3
9,1,750.0,138,40,225,3
9,1,755.0,137,40,225,3
9,1,760.0,139,40,225,3
9,1,765.0,141,40,225,3
9,1,770.0,142,40,225,3
9,1,775.0,145,40,225,3
9,1,780.0,145,40,225,3
9,1,785.0,143,40,225,3
9,1,790.0,144,40,225,3
9,1,795.0,146,40,225,3
9,1,800.0,147,40,225,3
9,1,805.0,151,40,225,3
9,1,810.0,149,40,225,3
9,1,815.0,149,40,225,3
9,1,820.0,148,40,225,3
9,1,825.0,151,40,225,3
9,1,830.0,149,40,225,3
9,1,835.0,150,40,225,3
9,1,840.0,148,40,225,3
9,1,845.0,148,40,225,3
9,1,850.0,144,40,225,3
9,1,855.0,145,40,225,3
9,1,860.0,146,40,225,3
9,1,865.0,145,40,225,3
9,1,870.0,142,40,225,3
9,1,875.0,143,40,225,3
9,1,880.0,145,40,225,3
9,1,885.0,145,40,225,3
9,1,890.0,145,40,225,3
9,1,895.0,147,40,225,3
9,1,900.0,148,40,225,3
9,1,905.0,146,40,225,3
9,1,910.0,147,40,225,3
9,1,915.0,143,40,225,3
9,1,920.0,141,40,225,3
9,1,925.0,142,40,225,3
9,1,930.0,145,40,225,3
9,1,935.0,144,40,225,3
9,1,940.0,146,40,225,3
9,1,945.0,144,40,225,3
9,1,950.0,144,40,225,3
9,1,955.0,146,40,225,3
9,1,960.0,145,40,225,3
9,1,965.0,148,40,225,3
9,1,970.0,150,40,225,3
9,1,975.0,154,40,225,3
9,1,980.0,152,40,225,3
9,1,985.0,151,40,225,3
9,1,990.0,157,40,225,3
9,1,995.0,153,40,225,3
9,1,1000.0,154,40,225,3
9,1,1005.0,153,40,225,3
9,1,1010.0,153,40,225,3
9,1,1015.0,152,40,225,3
9,1,1020.0,154,40,225,3
9,1,1025.0,152,40,225,3
9,1,1030.0,155,40,225,3
9,1,1035.0,156,40,225,3
9,1,1040.0,158,40,225,3
9,1,1045.0,161,40,225,3
9,1,1050.0,157,40,225,3
9,1,1055.0,158,40,225,3
9,1,1060.0,157,40,225,3
9,1,1065.0,159,40,225,3
9,1,1070.0,161,40,225,3
9,1,1075.0,162,40,225,3
9,1,1080.0,164,40,225,3
9,1,1085.0,165,40,225,3
9,1,1090.0,166,40,225,3
9,1,1095.0,167,40,225,3
9,1,1100.0,164,40,225,3
9,1,1105.0,163,40,225,3
9,1,1110.0,155,40,225,3
9,1,1115.0,156,40,225,3
9,1,1120.0,155,40,225,3
9,1,1125.0,155,40,225,3
9,1,1130.0,155,40,225,3
9,1,1135.0,156,40,225,3
9,1,1140.0,156,40,225,3
9,1,1145.0,158,40,225,3
9,1,1150.0,159,40,225,3
9,1,1155.0,158,40,225,3
9,1,1160.0,159,40,225,3
9,1,1165.0,156,40,225,3
9,1,1170.0,154,40,225,3
9,1,1175.0,152,40,225,3
9,1,1180.0,152,40,225,3
9,1,1185.0,148,40,225,3
9,1,1190.0,151,40,225,3
9,1,1195.0,153,40,225,3
9,1,1200.0,151,40,225,3
9,1,1205.0,149,40,225,3
9,1,1210.0,155,40,225,3
9,1,1215.0,154,40,225,3
9,1,1220.0,154,40,225,3
9,1,1225.0,155,40,225,3
9,1,1230.0,155,40,225,3
9,1,1235.0,153,40,225,3
9,1,1240.0,154,40,225,3
9,1,1245.0,155,40,225,3
9,1,1250.0,158,40,225,3
9,1,1255.0,159,40,225,3
9,1,1260.0,158,40,225,3
9,1,1265.0,156,40,225,3
9,1,1270.0,155,40,225,3
9,1,1275.0,154,40,225,3
9,1,1280.0,151,40,225,3
9,1,1285.0,154,40,225,3
9,1,1290.0,155,40,225,3
9,1,1295.0,157,40,225,3
9,1,1300.0,156,40,225,3
9,1,1305.0,156,40,225,3
9,1,1310.0,158,40,225,3
9,1,1315.0,157,40,225,3
9,1,1320.0,156,40,225,3
9,1,1325.0,157,40,225,3
9,1,1330.0,156,40,225,3
9,1,1335.0,157,40,225,3
9,1,1340.0,155,40,225,3
9,1,1345.0,156,40,225,3
9,1,1350.0,152,40,225,3
9,1,1355.0,152,40,225,3
9,1,1360.0,150,40,225,3
9,1,1365.0,149,40,225,3
9,1,1370.0,149,40,225,3
9,1,1375.0,150,40,225,3
9,1,1380.0,147,40,225,3
9,1,1385.0,145,40,225,3
9,1,1390.0,145,40,225,3
9,1,1395.0,148,40,225,3
9,1,1400.0,148,40,225,3
9,1,1405.0,148,40,225,3
9,1,1410.0,148,40,225,3
9,1,1415.0,149,40,225,3
9,1,1420.0,148,40,225,3
9,1,1425.0,151,40,225,3
9,1,1430.0,150,40,225,3
9,1,1435.0,150,40,225,3
9,1,1440.0,146,40,225,3
9,1,1445.0,146,40,225,3
9,1,1450.0,143,40,225,3
9,1,1455.0,141,40,225,3
9,1,1460.0,145,40,225,3
9,1,1465.0,146,40,225,3
9,1,1470.0,148,40,225,3
9,1,1475.0,147,40,225,3
9,1,1480.0,148,40,225,3
9,1,1485.0,144,40,225,3
9,1,1490.0,141,40,225,3
9,1,1495.0,139,40,225,3
9,1,1500.0,140,40,225,3
9,1,1505.0,140,40,225,3
9,1,1510.0,141,40,225,3
9,1,1515.0,138,40,225,3
9,1,1520.0,136,40,225,3
9,1,1525.0,137,40,225,3
9,1,1530.0,140,40,225,3
9,1,1535.0,144,40,225,3
9,1,1540.0,149,40,225,3
9,1,1545.0,148,40,225,3
9,1,1550.0,150,40,225,3
9,1,1555.0,148,40,225,3
9,1,1560.0,144,40,225,3
9,1,1565.0,145,40,225,3
9,1,1570.0,143,40,225,3
9,1,1575.0,146,40,225,3
9,1,1580.0,147,40,225,3
9,1,1585.0,149,40,225,3
9,1,1590.0,154,40,225,3
9,1,1595.0,155,40,225,3
9,1,1600.0,155,40,225,3
9,1,1605.0,150,40,225,3
9,1,1610.0,150,40,225,3
9,1,1615.0,152,40,225,3
9,1,1620.0,150,40,225,3
9,1,1625.0,148,40,225,3
9,1,1630.0,145,40,225,3
9,1,1635.0,145,40,225,3
9,1,1640.0,147,40,225,3
9,1,1645.0,148,40,225,3
9,1,1650.0,148,40,225,3
9,1,1655.0,151,40,225,3
9,1,1660.0,146,40,225,3
9,1,1665.0,149,40,225,3
9,1,1670.0,148,40,225,3
9,1,1675.0,146,40,225,3
9,1,1680.0,145,40,225,3
9,1,1685.0,147,40,225,3
9,1,1690.0,149,40,225,3
9,1,1695.0,150,40,225,3
9,1,1700.0,152,40,225,3
9,1,1705.0,149,40,225,3
9,1,1710.0,149,40,225,3
9,1,1715.0,151,40,225,3
9,1,1720.0,152,40,225,3
9,1,1725.0,152,40,225,3
9,1,1730.0,154,40,225,3
9,1,1735.0,154,40,225,3
9,1,1740.0,152,40,225,3
9,1,1745.0,154,40,225,3
9,1,1750.0,152,40,225,3
9,1,1755.0,155,40,225,3
9,1,1760.0,154,40,225,3
9,1,1765.0,156,40,225,3
9,1,1770.0,156,40,225,3
9,1,1775.0,155,40,225,3
9,1,1780.0,154,40,225,3
9,1,1785.0,153,40,225,3
9,1,1790.0,152,40,225,3
9,1,1795.0,153,40,225,3
9,1,1800.0,152,40,225,3
9,1,1805.0,152,40,225,3
9,1,1810.0,150,40,225,3
9,1,1815.0,148,40,225,3
9,1,1820.0,150,40,225,3
9,1,1825.0,147,40,225,3
9,1,1830.0,147,40,225,3
9,1,1835.0,148,40,225,3
9,1,1840.0,148,40,225,3
9,1,1845.0,148,40,225,3
9,1,1850.0,146,40,225,3
9,1,1855.0,147,40,225,3
9,1,1860.0,146,40,225,3
9,1,1865.0,149,40,225,3
9,1,1870.0,150,40,225,3
9,1,1875.0,149,40,225,3
9,1,1880.0,149,40,225,3
9,1,1885.0,150,40,225,3
9,1,1890.0,151,40,225,3
9,1,1895.0,149,40,225,3
9,1,1900.0,151,40,225,3
9,1,1905.0,151,40,225,3
9,1,1910.0,152,40,225,3
9,1,1915.0,153,40,225,3
9,1,1920.0,152,40,225,3
9,1,1925.0,152,40,225,3
9,1,1930.0,153,40,225,3
9,1,1935.0,152,40,225,3
9,1,1940.0,152,40,225,3
9,1,1945.0,154,40,225,3
9,1,1950.0,153,40,225,3
9,1,1955.0,149,40,225,3
9,1,1960.0,150,40,225,3
9,1,1965.0,146,40,225,3
9,1,1970.0,144,40,225,3
9,1,1975.0,146,40,225,3
9,1,1980.0,147,40,225,3
9,1,1985.0,149,40,225,3
9,1,1990.0,148,40,225,3
9,1,1995.0,150,40,225,3
9,1,2000.0,148,40,225,3
9,1,2005.0,149,40,225,3
9,1,2010.0,148,40,225,3
9,1,2015.0,148,40,225,3
9,1,2020.0,147,40,225,3
9,1,2025.0,144,40,225,3
9,1,2030.0,143,40,225,3
9,1,2035.0,141,40,225,3
9,1,2040.0,144,40,225,3
9,1,2045.0,144,40,225,3
9,1,2050.0,145,40,225,3
9,1,2055.0,146,40,225,3
9,1,2060.0,143,40,225,3
9,1,2065.0,145,40,225,3
9,1,2070.0,145,40,225,3
9,1,2075.0,145,40,225,3
9,1,2080.0,145,40,225,3
9,1,2085.0,146,40,225,3
9,1,2090.0,145,40,225,3
9,1,2095.0,145,40,225,3
9,1,2100.0,142,40,225,3
9,1,2105.0,145,40,225,3
9,1,2110.0,147,40,225,3
9,1,2115.0,146,40,225,3
9,1,2120.0,149,40,225,3
9,1,2125.0,151,40,225,3
9,1,2130.0,153,40,225,3
9,1,2135.0,151,40,225,3
9,1,2140.0,151,40,225,3
9,1,2145.0,156,40,225,3
9,1,2150.0,154,40,225,3
9,1,2155.0,152,40,225,3
9,1,2160.0,151,40,225,3
9,1,2165.0,152,40,225,3
9,1,2170.0,152,40,225,3
9,1,2175.0,148,40,225,3
9,1,2180.0,144,40,225,3
9,1,2185.0,145,40,225,3
9,1,2190.0,148,40,225,3
9,1,2195.0,149,40,225,3
9,1,2200.0,151,40,225,3
9,1,2205.0,149,40,225,3
9,1,2210.0,152,40,225,3
9,1,2215.0,154,40,225,3
9,1,2220.0,155,40,225,3
9,1,2225.0,158,40,225,3
9,1,2230.0,162,40,225,3
9,1,2235.0,165,40,225,3
9,1,2240.0,163,40,225,3
9,1,2245.0,163,40,225,3
9,1,2250.0,161,40,225,3
9,1,2255.0,160,40,225,3
9,1,2260.0,164,40,225,3
9,1,2265.0,158,40,225,3
9,1,2270.0,156,40,225,3
9,1,2275.0,156,40,225,3
9,1,2280.0,163,40,225,3
9,1,2285.0,160,40,225,3
9,1,2290.0,159,40,225,3
9,1,2295.0,158,40,225,3
9,1,2300.0,157,40,225,3
9,1,2305.0,158,40,225,3
9,1,2310.0,158,40,225,3
9,1,2315.0,162,40,225,3
9,1,2320.0,159,40,225,3
9,1,2325.0,156,40,225,3
9,1,2330.0,154,40,225,3
9,1,2335.0,152,40,225,3
9,1,2340.0,150,40,225,3
9,1,2345.0,149,40,225,3
9,1,2350.0,144,40,225,3
9,1,2355.0,143,40,225,3
9,1,2360.0,143,40,225,3
9,1,2365.0,143,40,225,3
9,1,2370.0,144,40,225,3
9,1,2375.0,142,40,225,3
9,1,2380.0,143,40,225,3
9,1,2385.0,140,40,225,3
9,1,2390.0,140,40,225,3
9,1,2395.0,139,40,225,3
9,1,2400.0,140,40,225,3
9,1,2405.0,142,40,225,3
9,1,2410.0,143,40,225,3
9,1,2415.0,144,40,225,3
9,1,2420.0,140,40,225,3
9,1,2425.0,139,40,225,3
9,1,2430.0,141,40,225,3
9,1,2435.0,139,40,225,3
9,1,2440.0,136,40,225,3
9,1,2445.0,135,40,225,3
9,1,2450.0,135,40,225,3
9,1,2455.0,134,40,225,3
9,1,2460.0,135,40,225,3
9,1,2465.0,133,40,225,3
9,1,2470.0,134,40,225,3
9,1,2475.0,134,40,225,3
9,1,2480.0,136,40,225,3
9,1,2485.0,133,40,225,3
9,1,2490.0,135,40,225,3
9,1,2495.0,134,40,225,3
9,1,2500.0,132,40,225,3
9,1,2505.0,132,40,225,3
9,1,2510.0,133,40,225,3
9,1,2515.0,132,40,225,3
9,1,2520.0,131,40,225,3
9,1,2525.0,132,40,225,3
9,1,2530.0,132,40,225,3
9,1,2535.0,134,40,225,3
9,1,2540.0,134,40,225,3
9,1,2545.0,134,40,225,3
9,1,2550.0,133,40,225,3
9,1,2555.0,133,40,225,3
9,1,2560.0,134,40,225,3
9,1,2565.0,134,40,225,3
9,1,2570.0,131,40,225,3
9,1,2575.0,131,40,225,3
9,1,2580.0,130,40,225,3
9,1,2585.0,131,40,225,3
9,1,2590.0,129,40,225,3
9,1,2595.0,128,40,225,3
9,1,2600.0,129,40,225,3
9,1,2605.0,132,40,225,3
9,1,2610.0,135,40,225,3
9,1,2615.0,133,40,225,3
9,1,2620.0,135,40,225,3
9,1,2625.0,139,40,225,3
9,1,2630.0,142,40,225,3
9,1,2635.0,140,40,225,3
9,1,2640.0,142,40,225,3
9,1,2645.0,142,40,225,3
9,1,2650.0,142,40,225,3
9,1,2655.0,141,40,225,3
9,1,2660.0,143,40,225,3
9,1,2665.0,142,40,225,3
9,1,2670.0,141,40,225,3
9,1,2675.0,139,40,225,3
9,1,2680.0,139,40,225,3
9,1,2685.0,139,40,225,3
9,1,2690.0,135,40,225,3
9,1,2695.0,132,40,225,3
9,1,2700.0,131,40,225,3
9,1,2705.0,129,40,225,3
9,1,2710.0,130,40,225,3
9,1,2715.0,131,40,225,3
9,1,2720.0,133,40,225,3
9,1,2725.0,135,40,225,3
9,1,2730.0,137,40,225,3
9,1,2735.0,142,40,225,3
9,1,2740.0,145,40,225,3
9,1,2745.0,144,40,225,3
9,1,2750.0,144,40,225,3
9,1,2755.0,142,40,225,3
9,1,2760.0,148,40,225,3
9,1,2765.0,148,40,225,3
9,1,2770.0,147,40,225,3
9,1,2775.0,148,40,225,3
9,1,2780.0,146,40,225,3
9,1,2785.0,149,40,225,3
9,1,2790.0,148,40,225,3
9,1,2795.0,148,40,225,3
9,1,2800.0,149,40,225,3
9,1,2805.0,151,40,225,3
9,1,2810.0,151,40,225,3
9,1,2815.0,151,40,225,3
9,1,2820.0,159,40,225,3
9,1,2825.0,161,40,225,3
9,1,2830.0,161,40,225,3
9,1,2835.0,158,40,225,3
9,1,2840.0,158,40,225,3
9,1,2845.0,159,40,225,3
9,1,2850.0,160,40,225,3
9,1,2855.0,158,40,225,3
9,1,2860.0,159,40,225,3
9,1,2865.0,160,40,225,3
9,1,2870.0,157,40,225,3
9,1,2875.0,157,40,225,3
9,1,2880.0,154,40,225,3
9,1,2885.0,152,40,225,3
9,1,2890.0,155,40,225,3
9,1,2895.0,157,40,225,3
9,1,2900.0,161,40,225,3
9,1,2905.0,161,40,225,3
9,1,2910.0,159,40,225,3
9,1,2915.0,157,40,225,3
9,1,2920.0,154,40,225,3
9,1,2925.0,152,40,225,3
9,1,2930.0,152,40,225,3
9,1,2935.0,149,40,225,3
9,1,2940.0,147,40,225,3
9,1,2945.0,146,40,225,3
9,1,2950.0,143,40,225,3
9,1,2955.0,141,40,225,3
9,1,2960.0,145,40,225,3
9,1,2965.0,141,40,225,3
9,1,2970.0,142,40,225,3
9,1,2975.0,142,40,225,3
9,1,2980.0,142,40,225,3
9,1,2985.0,141,40,225,3
9,1,2990.0,141,40,225,3
9,1,2995.0,140,40,225,3
9,1,3000.0,143,40,225,3
9,1,3005.0,144,40,225,3
9,1,3010.0,144,40,225,3
9,1,3015.0,142,40,225,3
9,1,3020.0,146,40,225,3
9,1,3025.0,146,40,225,3
9,1,3030.0,149,40,225,3
9,1,3035.0,150,40,225,3
9,1,3040.0,150,40,225,3
9,1,3045.0,148,40,225,3
9,1,3050.0,150,40,225,3
9,1,3055.0,152,40,225,3
9,1,3060.0,154,40,225,3
9,1,3065.0,155,40,225,3
9,1,3070.0,151,40,225,3
9,1,3075.0,152,40,225,3
9,1,3080.0,149,40,225,3
9,1,3085.0,149,40,225,3
9,1,3090.0,149,40,225,3
9,1,3095.0,150,40,225,3
9,1,3100.0,153,40,225,3
9,1,3105.0,153,40,225,3
9,1,3110.0,153,40,225,3
9,1,3115.0,151,40,225,3
9,1,3120.0,146,40,225,3
9,1,3125.0,147,40,225,3
9,1,3130.0,147,40,225,3
9,1,3135.0,145,40,225,3
9,1,3140.0,146,40,225,3
9,1,3145.0,152,40,225,3
9,1,3150.0,153,40,225,3
9,1,3155.0,149,40,225,3
9,1,3160.0,151,40,225,3
9,1,3165.0,152,40,225,3
9,1,3170.0,150,40,225,3
9,1,3175.0,148,40,225,3
9,1,3180.0,146,40,225,3
9,1,3185.0,143,40,225,3
9,1,3190.0,145,40,225,3
9,1,3195.0,144,40,225,3
9,1,3200.0,145,40,225,3
9,1,3205.0,146,40,225,3
9,1,3210.0,143,40,225,3
9,1,3215.0,144,40,225,3
9,1,3220.0,143,40,225,3
9,1,3225.0,145,40,225,3
9,1,3230.0,146,40,225,3
9,1,3235.0,145,40,225,3
9,1,3240.0,145,40,225,3
9,1,3245.0,140,40,225,3
9,1,3250.0,138,40,225,3
9,1,3255.0,138,40,225,3
9,1,3260.0,138,40,225,3
9,1,3265.0,138,40,225,3
9,1,3270.0,137,40,225,3
9,1,3275.0,141,40,225,3
9,1,3280.0,139,40,225,3
9,1,3285.0,140,40,225,3
9,1,3290.0,139,40,225,3
9,1,3295.0,138,40,225,3
9,1,3300.0,142,40,225,3
9,1,3305.0,137,40,225,3
9,1,3310.0,141,40,225,3
9,1,3315.0,143,40,225,3
9,1,3320.0,144,40,225,3
9,1,3325.0,143,40,225,3
9,1,3330.0,141,40,225,3
9,1,3335.0,141,40,225,3
9,1,3340.0,142,40,225,3
9,1,3345.0,145,40,225,3
9,1,3350.0,149,40,225,3
9,1,3355.0,150,40,225,3
9,1,3360.0,150,40,225,3
9,1,3365.0,149,40,225,3
9,1,3370.0,149,40,225,3
9,1,3375.0,147,40,225,3
9,1,3380.0,145,40,225,3
9,1,3385.0,146,40,225,3
9,1,3390.0,143,40,225,3
9,1,3395.0,144,40,225,3
9,1,3400.0,139,40,225,3
9,1,3405.0,139,40,225,3
9,1,3410.0,140,40,225,3
9,1,3415.0,140,40,225,3
9,1,3420.0,139,40,225,3
9,1,3425.0,143,40,225,3
9,1,3430.0,142,40,225,3
9,1,3435.0,144,40,225,3
9,1,3440.0,142,40,225,3
9,1,3445.0,140,40,225,3
9,1,3450.0,139,40,225,3
9,1,3455.0,141,40,225,3
9,1,3460.0,142,40,225,3
9,1,3465.0,144,40,225,3
9,1,3470.0,145,40,225,3
9,1,3475.0,144,40,225,3
9,1,3480.0,141,40,225,3
9,1,3485.0,138,40,225,3
9,1,3490.0,136,40,225,3
9,1,3495.0,134,40,225,3
9,1,3500.0,135,40,225,3
9,1,3505.0,134,40,225,3
9,1,3510.0,132,40,225,3
9,1,3515.0,133,40,225,3
9,1,3520.0,135,40,225,3
9,1,3525.0,135,40,225,3
9,1,3530.0,138,40,225,3
9,1,3535.0,139,40,225,3
9,1,3540.0,137,40,225,3
9,1,3545.0,138,40,225,3
9,1,3550.0,140,40,225,3
9,1,3555.0,135,40,225,3
9,1,3560.0,136,40,225,3
9,1,3565.0,136,40,225,3
9,1,3570.0,138,40,225,3
9,1,3575.0,139,40,225,3
9,1,3580.0,140,40,225,3
9,1,3585.0,138,40,225,3
9,1,3590.0,136,40,225,3
9,1,3595.0,136,40,225,3
9,1,3600.0,135,40,225,3
9,1,3605.0,137,40,225,3
9,1,3610.0,137,40,225,3
9,1,3615.0,137,40,225,3
9,1,3620.0,140,40,225,3
9,1,3625.0,141,40,225,3
9,1,3630.0,141,40,225,3
9,1,3635.0,140,40,225,3
9,1,3640.0,139,40,225,3
9,1,3645.0,139,40,225,3
9,1,3650.0,142,40,225,3
9,1,3655.0,142,40,225,3
9,1,3660.0,138,40,225,3
9,1,3665.0,137,40,225,3
9,1,3670.0,140,40,225,3
9,1,3675.0,140,40,225,3
9,1,3680.0,140,40,225,3
9,1,3685.0,144,40,225,3
9,1,3690.0,144,40,225,3
9,1,3695.0,143,40,225,3
9,1,3700.0,140,40,225,3
9,1,3705.0,140,40,225,3
9,1,3710.0,140,40,225,3
9,1,3715.0,140,40,225,3
9,1,3720.0,140,40,225,3
9,1,3725.0,138,40,225,3
9,1,3730.0,134,40,225,3
9,1,3735.0,139,40,225,3
9,1,3740.0,142,40,225,3
9,1,3745.0,143,40,225,3
9,1,3750.0,140,40,225,3
9,1,3755.0,141,40,225,3
9,1,3760.0,142,40,225,3
9,1,3765.0,145,40,225,3
9,1,3770.0,145,40,225,3
9,1,3775.0,143,40,225,3
9,1,3780.0,141,40,225,3
9,1,3785.0,144,40,225,3
9,1,3790.0,140,40,225,3
9,1,3795.0,141,40,225,3
9,1,3800.0,139,40,225,3
9,1,3805.0,140,40,225,3
9,1,3810.0,142,40,225,3
9,1,3815.0,141,40,225,3
9,1,3820.0,142,40,225,3
9,1,3825.0,142,40,225,3
9,1,3830.0,140,40,225,3
9,1,3835.0,140,40,225,3
9,1,3840.0,142,40,225,3
9,1,3845.0,139,40,225,3
9,1,3850.0,141,40,225,3
9,1,3855.0,143,40,225,3
9,1,3860.0,142,40,225,3
9,1,3865.0,140,40,225,3
9,1,3870.0,142,40,225,3
9,1,3875.0,139,40,225,3
9,1,3880.0,140,40,225,3
9,1,3885.0,140,40,225,3
9,1,3890.0,143,40,225,3
9,1,3895.0,142,40,225,3
9,1,3900.0,144,40,225,3
9,1,3905.0,144,40,225,3
9,1,3910.0,145,40,225,3
9,1,3915.0,144,40,225,3
9,1,3920.0,145,40,225,3
9,1,3925.0,145,40,225,3
9,1,3930.0,146,40,225,3
9,1,3935.0,144,40,225,3
9,1,3940.0,144,40,225,3
9,1,3945.0,147,40,225,3
9,1,3950.0,146,40,225,3
9,1,3955.0,145,40,225,3
9,1,3960.0,148,40,225,3
9,1,3965.0,148,40,225,3
9,1,3970.0,148,40,225,3
9,1,3975.0,147,40,225,3
9,1,3980.0,147,40,225,3
9,1,3985.0,147,40,225,3
9,1,3990.0,146,40,225,3
9,1,3995.0,148,40,225,3
9,1,4000.0,151,40,225,3
9,1,4005.0,151,40,225,3
9,1,4010.0,153,40,225,3
9,1,4015.0,151,40,225,3
9,1,4020.0,149,40,225,3
9,1,4025.0,150,40,225,3
9,1,4030.0,149,40,225,3
9,1,4035.0,147,40,225,3
9,1,4040.0,147,40,225,3
9,1,4045.0,148,40,225,3
9,1,4050.0,146,40,225,3
9,1,4055.0,146,40,225,3
9,1,4060.0,144,40,225,3
9,1,4065.0,147,40,225,3
9,1,4070.0,147,40,225,3
9,1,4075.0,147,40,225,3
9,1,4080.0,149,40,225,3
9,1,4085.0,149,40,225,3
9,1,4090.0,153,40,225,3
9,1,4095.0,154,40,225,3
9,1,4100.0,154,40,225,3
9,1,4105.0,157,40,225,3
9,1,4110.0,157,40,225,3
9,1,4115.0,156,40,225,3
9,1,4120.0,154,40,225,3
9,1,4125.0,155,40,225,3
9,1,4130.0,151,40,225,3
9,1,4135.0,156,40,225,3
9,1,4140.0,154,40,225,3
9,1,4145.0,158,40,225,3
9,1,4150.0,163,40,225,3
9,1,4155.0,160,40,225,3
9,1,4160.0,156,40,225,3
9,1,4165.0,151,40,225,3
9,1,4170.0,152,40,225,3
9,1,4175.0,149,40,225,3
9,1,4180.0,153,40,225,3
9,1,4185.0,150,40,225,3
9,1,4190.0,154,40,225,3
9,1,4195.0,152,40,225,3
9,1,4200.0,152,40,225,3
9,1,4205.0,153,40,225,3
9,1,4210.0,156,40,225,3
9,1,4215.0,154,40,225,3
9,1,4220.0,155,40,225,3
9,1,4225.0,154,40,225,3
9,1,4230.0,155,40,225,3
9,1,4235.0,158,40,225,3
9,1,4240.0,160,40,225,3
9,1,4245.0,161,40,225,3
9,1,4250.0,160,40,225,3
9,1,4255.0,160,40,225,3
9,1,4260.0,162,40,225,3
9,1,4265.0,161,40,225,3
9,1,4270.0,160,40,225,3
9,1,4275.0,162,40,225,3
9,1,4280.0,161,40,225,3
9,1,4285.0,161,40,225,3
9,1,4290.0,163,40,225,3
9,1,4295.0,163,40,225,3
9,1,4300.0,163,40,225,3
9,1,4305.0,157,40,225,3
9,1,4310.0,156,40,225,3
9,1,4315.0,156,40,225,3
9,1,4320.0,157,40,225,3
9,1,4325.0,156,40,225,3
9,1,4330.0,156,40,225,3
9,1,4335.0,157,40,225,3
9,1,4340.0,158,40,225,3
9,1,4345.0,156,40,225,3
9,1,4350.0,155,40,225,3
9,1,4355.0,154,40,225,3
9,1,4360.0,157,40,225,3
9,1,4365.0,156,40,225,3
9,1,4370.0,157,40,225,3
9,1,4375.0,157,40,225,3
9,1,4380.0,158,40,225,3
9,1,4385.0,159,40,225,3
9,1,4390.0,158,40,225,3
9,1,4395.0,156,40,225,3
9,1,4400.0,156,40,225,3
9,1,4405.0,156,40,225,3
9,1,4410.0,161,40,225,3
9,1,4415.0,162,40,225,3
9,1,4420.0,160,40,225,3
9,1,4425.0,156,40,225,3
9,1,4430.0,160,40,225,3
9,1,4435.0,158,40,225,3
9,1,4440.0,161,40,225,3
9,1,4445.0,160,40,225,3
9,1,4450.0,161,40,225,3
9,1,4455.0,159,40,225,3
9,1,4460.0,158,40,225,3
9,1,4465.0,161,40,225,3
9,1,4470.0,161,40,225,3
9,1,4475.0,160,40,225,3
9,1,4480.0,159,40,225,3
9,1,4485.0,160,40,225,3
9,1,4490.0,161,40,225,3
9,1,4495.0,160,40,225,3
9,1,4500.0,158,40,225,3
9,1,4505.0,157,40,225,3
9,1,4510.0,156,40,225,3
9,1,4515.0,156,40,225,3
9,1,4520.0,154,40,225,3
9,1,4525.0,153,40,225,3
9,1,4530.0,153,40,225,3
9,1,4535.0,153,40,225,3
9,1,4540.0,152,40,225,3
9,1,4545.0,152,40,225,3
9,1,4550.0,150,40,225,3
9,1,4555.0,151,40,225,3
9,1,4560.0,149,40,225,3
9,1,4565.0,147,40,225,3
9,1,4570.0,150,40,225,3
9,1,4575.0,152,40,225,3
9,1,4580.0,154,40,225,3
9,1,4585.0,151,40,225,3
9,1,4590.0,149,40,225,3
9,1,4595.0,153,40,225,3
9,1,4600.0,150,40,225,3
9,1,4605.0,150,40,225,3
9,1,4610.0,149,40,225,3
9,1,4615.0,148,40,225,3
9,1,4620.0,150,40,225,3
9,1,4625.0,151,40,225,3
9,1,4630.0,151,40,225,3
9,1,4635.0,152,40,225,3
9,1,4640.0,153,40,225,3
9,1,4645.0,150,40,225,3
9,1,4650.0,148,40,225,3
9,1,4655.0,147,40,225,3
9,1,4660.0,149,40,225,3
9,1,4665.0,149,40,225,3
9,1,4670.0,148,40,225,3
9,1,4675.0,148,40,225,3
9,1,4680.0,151,40,225,3
9,1,4685.0,149,40,225,3
9,1,4690.0,147,40,225,3
9,1,4695.0,144,40,225,3
9,1,4700.0,144,40,225,3
9,1,4705.0,143,40,225,3
9,1,4710.0,143,40,225,3
9,1,4715.0,142,40,225,3
9,1,4720.0,142,40,225,3
9,1,4725.0,144,40,225,3
9,1,4730.0,145,40,225,3
9,1,4735.0,143,40,225,3
9,1,4740.0,146,40,225,3
9,1,4745.0,146,40,225,3
9,1,4750.0,149,40,225,3
9,1,4755.0,148,40,225,3
9,1,4760.0,150,40,225,3
9,1,4765.0,146,40,225,3
9,1,4770.0,146,40,225,3
9,1,4775.0,144,40,225,3
9,1,4780.0,146,40,225,3
9,1,4785.0,142,40,225,3
9,1,4790.0,142,40,225,3
9,1,4795.0,143,40,225,3
9,1,4800.0,143,40,225,3
9,1,4805.0,140,40,225,3
9,1,4810.0,139,40,225,3
9,1,4815.0,137,40,225,3
9,1,4820.0,135,40,225,3
9,1,4825.0,135,40,225,3
9,1,4830.0,135,40,225,3
9,1,4835.0,134,40,225,3
9,1,4840.0,135,40,225,3
9,1,4845.0,135,40,225,3
9,1,4850.0,133,40,225,3
9,1,4855.0,134,40,225,3
9,1,4860.0,130,40,225,3
9,1,4865.0,129,40,225,3
9,1,4870.0,126,40,225,3
9,1,4875.0,126,40,225,3
9,1,4880.0,127,40,225,3
9,1,4885.0,127,40,225,3
9,1,4890.0,130,40,225,3
9,1,4895.0,136,40,225,3
9,1,4900.0,136,40,225,3
9,1,4905.0,137,40,225,3
9,1,4910.0,141,40,225,3
9,1,4915.0,139,40,225,3
9,1,4920.0,137,40,225,3
9,1,4925.0,137,40,225,3
9,1,4930.0,138,40,225,3
9,1,4935.0,138,40,225,3
9,1,4940.0,140,40,225,3
9,1,4945.0,140,40,225,3
9,1,4950.0,144,40,225,3
9,1,4955.0,145,40,225,3
9,1,4960.0,148,40,225,3
9,1,4965.0,149,40,225,3
9,1,4970.0,144,40,225,3
9,1,4975.0,147,40,225,3
9,1,4980.0,149,40,225,3
9,1,4985.0,151,40,225,3
9,1,4990.0,146,40,225,3
9,1,4995.0,142,40,225,3
9,1,5000.0,143,40,225,3
9,1,5005.0,142,40,225,3
9,1,5010.0,140,40,225,3
9,1,5015.0,137,40,225,3
9,1,5020.0,138,40,225,3
9,1,5025.0,138,40,225,3
9,1,5030.0,136,40,225,3
9,1,5035.0,136,40,225,3
9,1,5040.0,139,40,225,3
9,1,5045.0,138,40,225,3
9,1,5050.0,137,40,225,3
9,1,5055.0,139,40,225,3
9,1,5060.0,142,40,225,3
9,1,5065.0,144,40,225,3
9,1,5070.0,147,40,225,3
9,1,5075.0,151,40,225,3
9,1,5080.0,154,40,225,3
9,1,5085.0,154,40,225,3
9,1,5090.0,155,40,225,3
9,1,5095.0,153,40,225,3
9,1,5100.0,157,40,225,3
9,1,5105.0,158,40,225,3
9,1,5110.0,159,40,225,3
9,1,5115.0,157,40,225,3
9,1,5120.0,157,40,225,3
9,1,5125.0,157,40,225,3
9,1,5130.0,156,40,225,3
9,1,5135.0,154,40,225,3
9,1,5140.0,155,40,225,3
9,1,5145.0,154,40,225,3
9,1,5150.0,152,40,225,3
9,1,5155.0,152,40,225,3
9,1,5160.0,156,40,225,3
9,1,5165.0,158,40,225,3
9,1,5170.0,156,40,225,3
9,1,5175.0,155,40,225,3
9,1,5180.0,153,40,225,3
9,1,5185.0,155,40,225,3
9,1,5190.0,153,40,225,3
9,1,5195.0,150,40,225,3
9,1,5200.0,148,40,225,3
9,1,5205.0,150,40,225,3
9,1,5210.0,151,40,225,3
9,1,5215.0,152,40,225,3
9,1,5220.0,150,40,225,3
9,1,5225.0,149,40,225,3
9,1,5230.0,149,40,225,3
9,1,5235.0,149,40,225,3
9,1,5240.0,147,40,225,3
9,1,5245.0,147,40,225,3
9,1,5250.0,149,40,225,3
9,1,5255.0,151,40,225,3
9,1,5260.0,153,40,225,3
9,1,5265.0,153,40,225,3
9,1,5270.0,154,40,225,3
9,1,5275.0,151,40,225,3
9,1,5280.0,148,40,225,3
9,1,5285.0,144,40,225,3
9,1,5290.0,146,40,225,3
9,1,5295.0,148,40,225,3
9,1,5300.0,145,40,225,3
9,1,5305.0,147,40,225,3
9,1,5310.0,145,40,225,3
9,1,5315.0,143,40,225,3
9,1,5320.0,142,40,225,3
9,1,5325.0,145,40,225,3
9,1,5330.0,146,40,225,3
9,1,5335.0,144,40,225,3
9,1,5340.0,147,40,225,3
9,1,5345.0,149,40,225,3
9,1,5350.0,149,40,225,3
9,1,5355.0,145,40,225,3
9,1,5360.0,142,40,225,3
9,1,5365.0,147,40,225,3
9,1,5370.0,146,40,225,3
9,1,5375.0,149,40,225,3
9,1,5380.0,150,40,225,3
9,1,5385.0,149,40,225,3
9,1,5390.0,151,40,225,3
9,1,5395.0,152,40,225,3
9,1,5400.0,151,40,225,3
9,1,5405.0,152,40,225,3
9,1,5410.0,153,40,225,3
9,1,5415.0,154,40,225,3
9,1,5420.0,155,40,225,3
9,1,5425.0,154,40,225,3
9,1,5430.0,151,40,225,3
9,1,5435.0,152,40,225,3
9,1,5440.0,154,40,225,3
9,1,5445.0,155,40,225,3
9,1,5450.0,155,40,225,3
9,1,5455.0,152,40,225,3
9,1,5460.0,152,40,225,3
9,1,5465.0,152,40,225,3
9,1,5470.0,151,40,225,3
9,1,5475.0,156,40,225,3
9,1,5480.0,156,40,225,3
9,1,5485.0,156,40,225,3
9,1,5490.0,156,40,225,3
9,1,5495.0,155,40,225,3
9,1,5500.0,151,40,225,3
9,1,5505.0,153,40,225,3
9,1,5510.0,152,40,225,3
9,1,5515.0,150,40,225,3
9,1,5520.0,150,40,225,3
9,1,5525.0,147,40,225,3
9,1,5530.0,151,40,225,3
9,1,5535.0,154,40,225,3
9,1,5540.0,154,40,225,3
9,1,5545.0,153,40,225,3
9,1,5550.0,153,40,225,3
9,1,5555.0,153,40,225,3
9,1,5560.0,152,40,225,3
9,1,5565.0,151,40,225,3
9,1,5570.0,149,40,225,3
9,1,5575.0,146,40,225,3
9,1,5580.0,145,40,225,3
9,1,5585.0,144,40,225,3
9,1,5590.0,147,40,225,3
9,1,5595.0,144,40,225,3
9,1,5600.0,145,40,225,3
9,1,5605.0,147,40,225,3
9,1,5610.0,149,40,225,3
9,1,5615.0,146,40,225,3
9,1,5620.0,149,40,225,3
9,1,5625.0,151,40,225,3
9,1,5630.0,150,40,225,3
9,1,5635.0,151,40,225,3
9,1,5640.0,149,40,225,3
9,1,5645.0,149,40,225,3
9,1,5650.0,147,40,225,3
9,1,5655.0,146,40,225,3
9,1,5660.0,147,40,225,3
9,1,5665.0,145,40,225,3
9,1,5670.0,145,40,225,3
9,1,5675.0,144,40,225,3
9,1,5680.0,144,40,225,3
9,1,5685.0,144,40,225,3
9,1,5690.0,141,40,225,3
9,1,5695.0,139,40,225,3
9,1,5700.0,138,40,225,3
9,1,5705.0,135,40,225,3
9,1,5710.0,136,40,225,3
9,1,5715.0,134,40,225,3
9,1,5720.0,137,40,225,3
9,1,5725.0,139,40,225,3
9,1,5730.0,137,40,225,3
9,1,5735.0,139,40,225,3
9,1,5740.0,138,40,225,3
9,1,5745.0,139,40,225,3
9,1,5750.0,139,40,225,3
9,1,5755.0,139,40,225,3
9,1,5760.0,139,40,225,3
9,1,5765.0,143,40,225,3
9,1,5770.0,148,40,225,3
9,1,5775.0,151,40,225,3
9,1,5780.0,150,40,225,3
9,1,5785.0,149,40,225,3
9,1,5790.0,150,40,225,3
9,1,5795.0,148,40,225,3
9,1,5800.0,148,40,225,3
9,1,5805.0,148,40,225,3
9,1,5810.0,146,40,225,3
9,1,5815.0,146,40,225,3
9,1,5820.0,143,40,225,3
9,1,5825.0,145,40,225,3
9,1,5830.0,148,40,225,3
9,1,5835.0,144,40,225,3
9,1,5840.0,144,40,225,3
9,1,5845.0,144,40,225,3
9,1,5850.0,146,40,225,3
9,1,5855.0,148,40,225,3
9,1,5860.0,149,40,225,3
9,1,5865.0,150,40,225,3
9,1,5870.0,147,40,225,3
9,1,5875.0,144,40,225,3
9,1,5880.0,144,40,225,3
9,1,5885.0,145,40,225,3
9,1,5890.0,145,40,225,3
9,1,5895.0,145,40,225,3
9,1,5900.0,146,40,225,3
9,1,5905.0,145,40,225,3
9,1,5910.0,139,40,225,3
9,1,5915.0,141,40,225,3
9,1,5920.0,141,40,225,3
9,1,5925.0,142,40,225,3
9,1,5930.0,149,40,225,3
9,1,5935.0,150,40,225,3
9,1,5940.0,150,40,225,3
9,1,5945.0,152,40,225,3
9,1,5950.0,150,40,225,3
9,1,5955.0,148,40,225,3
9,1,5960.0,147,40,225,3
9,1,5965.0,143,40,225,3
9,1,5970.0,140,40,225,3
9,1,5975.0,136,40,225,3
9,1,5980.0,135,40,225,3
9,1,5985.0,135,40,225,3
9,1,5990.0,134,40,225,3
9,1,5995.0,134,40,225,3
9,1,6000.0,134,40,225,3
9,1,6005.0,134,40,225,3
9,1,6010.0,138,40,225,3
9,1,6015.0,141,40,225,3
9,1,6020.0,140,40,225,3
9,1,6025.0,138,40,225,3
9,1,6030.0,137,40,225,3
9,1,6035.0,139,40,225,3
9,1,6040.0,145,40,225,3
9,1,6045.0,143,40,225,3
9,1,6050.0,141,40,225,3
9,1,6055.0,142,40,225,3
9,1,6060.0,143,40,225,3
9,1,6065.0,145,40,225,3
9,1,6070.0,147,40,225,3
9,1,6075.0,145,40,225,3
9,1,6080.0,147,40,225,3
9,1,6085.0,151,40,225,3
9,1,6090.0,150,40,225,3
9,1,6095.0,148,40,225,3
9,1,6100.0,149,40,225,3
9,1,6105.0,147,40,225,3
9,1,6110.0,146,40,225,3
9,1,6115.0,146,40,225,3
9,1,6120.0,148,40,225,3
9,1,6125.0,145,40,225,3
9,1,6130.0,149,40,225,3
9,1,6135.0,148,40,225,3
9,1,6140.0,150,40,225,3
9,1,6145.0,151,40,225,3
9,1,6150.0,149,40,225,3
9,1,6155.0,150,40,225,3
9,1,6160.0,147,40,225,3
9,1,6165.0,144,40,225,3
9,1,6170.0,143,40,225,3
9,1,6175.0,143,40,225,3
9,1,6180.0,144,40,225,3
9,1,6185.0,145,40,225,3
9,1,6190.0,145,40,225,3
9,1,6195.0,142,40,225,3
9,1,6200.0,140,40,225,3
9,1,6205.0,136,40,225,3
9,1,6210.0,134,40,225,3
9,1,6215.0,129,40,225,3
9,1,6220.0,130,40,225,3
9,1,6225.0,130,40,225,3
9,1,6230.0,130,40,225,3
9,1,6235.0,135,40,225,3
9,1,6240.0,138,40,225,3
9,1,6245.0,139,40,225,3
9,1,6250.0,143,40,225,3
9,1,6255.0,144,40,225,3
9,1,6260.0,144,40,225,3
9,1,6265.0,141,40,225,3
9,1,6270.0,139,40,225,3
9,1,6275.0,140,40,225,3
9,1,6280.0,141,40,225,3
9,1,6285.0,140,40,225,3
9,1,6290.0,141,40,225,3
9,1,6295.0,142,40,225,3
9,1,6300.0,140,40,225,3
9,1,6305.0,142,40,225,3
9,1,6310.0,141,40,225,3
9,1,6315.0,144,40,225,3
9,1,6320.0,148,40,225,3
9,1,6325.0,149,40,225,3
9,1,6330.0,148,40,225,3
9,1,6335.0,148,40,225,3
9,1,6340.0,150,40,225,3
9,1,6345.0,148,40,225,3
9,1,6350.0,152,40,225,3
9,1,6355.0,148,40,225,3
9,1,6360.0,147,40,225,3
9,1,6365.0,149,40,225,3
9,1,6370.0,149,40,225,3
9,1,6375.0,152,40,225,3
9,1,6380.0,155,40,225,3
9,1,6385.0,152,40,225,3
9,1,6390.0,151,40,225,3
9,1,6395.0,155,40,225,3
9,1,6400.0,154,40,225,3
9,1,6405.0,154,40,225,3
9,1,6410.0,155,40,225,3
9,1,6415.0,156,40,225,3
9,1,6420.0,154,40,225,3
9,1,6425.0,153,40,225,3
9,1,6430.0,150,40,225,3
9,1,6435.0,148,40,225,3
9,1,6440.0,152,40,225,3
9,1,6445.0,150,40,225,3
9,1,6450.0,153,40,225,3
9,1,6455.0,154,40,225,3
9,1,6460.0,153,40,225,3
9,1,6465.0,153,40,225,3
9,1,6470.0,152,40,225,3
9,1,6475.0,150,40,225,3
9,1,6480.0,150,40,225,3
9,1,6485.0,152,40,225,3
9,1,6490.0,154,40,225,3
9,1,6495.0,154,40,225,3
9,1,6500.0,151,40,225,3
9,1,6505.0,149,40,225,3
9,1,6510.0,149,40,225,3
9,1,6515.0,150,40,225,3
9,1,6520.0,149,40,225,3
9,1,6525.0,148,40,225,3
9,1,6530.0,147,40,225,3
9,1,6535.0,145,40,225,3
9,1,6540.0,144,40,225,3
9,1,6545.0,146,40,225,3
9,1,6550.0,147,40,225,3
9,1,6555.0,150,40,225,3
9,1,6560.0,148,40,225,3
9,1,6565.0,150,40,225,3
9,1,6570.0,152,40,225,3
9,1,6575.0,152,40,225,3
9,1,6580.0,149,40,225,3
9,1,6585.0,148,40,225,3
9,1,6590.0,149,40,225,3
9,1,6595.0,151,40,225,3
9,1,6600.0,151,40,225,3
9,1,6605.0,151,40,225,3
9,1,6610.0,148,40,225,3
9,1,6615.0,150,40,225,3
9,1,6620.0,152,40,225,3
9,1,6625.0,152,40,225,3
9,1,6630.0,150,40,225,3
9,1,6635.0,147,40,225,3
9,1,6640.0,150,40,225,3
9,1,6645.0,146,40,225,3
9,1,6650.0,146,40,225,3
9,1,6655.0,148,40,225,3
9,1,6660.0,148,40,225,3
9,1,6665.0,149,40,225,3
9,1,6670.0,145,40,225,3
9,1,6675.0,147,40,225,3
9,1,6680.0,147,40,225,3
9,1,6685.0,144,40,225,3
9,1,6690.0,143,40,225,3
9,1,6695.0,145,40,225,3
9,1,6700.0,145,40,225,3
9,1,6705.0,142,40,225,3
9,1,6710.0,142,40,225,3
9,1,6715.0,140,40,225,3
9,1,6720.0,139,40,225,3
9,1,6725.0,140,40,225,3
9,1,6730.0,140,40,225,3
9,1,6735.0,137,40,225,3
9,1,6740.0,136,40,225,3
9,1,6745.0,135,40,225,3
9,1,6750.0,135,40,225,3
9,1,6755.0,134,40,225,3
9,1,6760.0,132,40,225,3
9,1,6765.0,132,40,225,3
9,1,6770.0,132,40,225,3
9,1,6775.0,135,40,225,3
9,1,6780.0,138,40,225,3
9,1,6785.0,140,40,225,3
9,1,6790.0,142,40,225,3
9,1,6795.0,141,40,225,3
9,1,6800.0,142,40,225,3
9,1,6805.0,143,40,225,3
9,1,6810.0,144,40,225,3
9,1,6815.0,147,40,225,3
9,1,6820.0,147,40,225,3
9,1,6825.0,146,40,225,3
9,1,6830.0,148,40,225,3
9,1,6835.0,151,40,225,3
9,1,6840.0,151,40,225,3
9,1,6845.0,153,40,225,3
9,1,6850.0,153,40,225,3
9,1,6855.0,154,40,225,3
9,1,6860.0,150,40,225,3
9,1,6865.0,153,40,225,3
9,1,6870.0,151,40,225,3
9,1,6875.0,151,40,225,3
9,1,6880.0,152,40,225,3
9,1,6885.0,148,40,225,3
9,1,6890.0,147,40,225,3
9,1,6895.0,149,40,225,3
9,1,6900.0,146,40,225,3
9,1,6905.0,146,40,225,3
9,1,6910.0,145,40,225,3
9,1,6915.0,144,40,225,3
9,1,6920.0,141,40,225,3
9,1,6925.0,141,40,225,3
9,1,6930.0,141,40,225,3
9,1,6935.0,142,40,225,3
9,1,6940.0,141,40,225,3
9,1,6945.0,140,40,225,3
9,1,6950.0,143,40,225,3
9,1,6955.0,143,40,225,3
9,1,6960.0,141,40,225,3
9,1,6965.0,143,40,225,3
9,1,6970.0,144,40,225,3
9,1,6975.0,145,40,225,3
9,1,6980.0,145,40,225,3
9,1,6985.0,145,40,225,3
9,1,6990.0,140,40,225,3
9,1,6995.0,137,40,225,3
9,1,7000.0,138,40,225,3
9,1,7005.0,139,40,225,3
9,1,7010.0,142,40,225,3
9,1,7015.0,141,40,225,3
9,1,7020.0,144,40,225,3
9,1,7025.0,142,40,225,3
9,1,7030.0,142,40,225,3
9,1,7035.0,142,40,225,3
9,1,7040.0,141,40,225,3
9,1,7045.0,141,40,225,3
9,1,7050.0,142,40,225,3
9,1,7055.0,141,40,225,3
9,1,7060.0,142,40,225,3
9,1,7065.0,142,40,225,3
9,1,7070.0,141,40,225,3
9,1,7075.0,142,40,225,3
9,1,7080.0,143,40,225,3
9,1,7085.0,141,40,225,3
9,1,7090.0,145,40,225,3
9,1,7095.0,147,40,225,3
9,1,7100.0,146,40,225,3
9,1,7105.0,146,40,225,3
9,1,7110.0,147,40,225,3
9,1,7115.0,147,40,225,3
9,1,7120.0,146,40,225,3
9,1,7125.0,146,40,225,3
9,1,7130.0,143,40,225,3
9,1,7135.0,141,40,225,3
9,1,7140.0,142,40,225,3
9,1,7145.0,140,40,225,3
9,1,7150.0,144,40,225,3
9,1,7155.0,142,40,225,3
9,1,7160.0,143,40,225,3
9,1,7165.0,143,40,225,3
9,1,7170.0,145,40,225,3
9,1,7175.0,147,40,225,3
9,1,7180.0,148,40,225,3
9,1,7185.0,148,40,225,3
9,1,7190.0,151,40,225,3
9,1,7195.0,150,40,225,3
9,1,7200.0,152,40,225,3
9,1,7205.0,151,40,225,3
9,1,7210.0,149,40,225,3
9,1,7215.0,149,40,225,3
9,1,7220.0,153,40,225,3
9,1,7225.0,155,40,225,3
9,1,7230.0,153,40,225,3
9,1,7235.0,150,40,225,3
9,1,7240.0,153,40,225,3
9,1,7245.0,154,40,225,3
9,1,7250.0,156,40,225,3
9,1,7255.0,156,40,225,3
9,1,7260.0,162,40,225,3
9,1,7265.0,161,40,225,3
9,1,7270.0,161,40,225,3
9,1,7275.0,157,40,225,3
9,1,7280.0,157,40,225,3
9,1,7285.0,156,40,225,3
9,1,7290.0,152,40,225,3
9,1,7295.0,153,40,225,3
9,1,7300.0,154,40,225,3
9,1,7305.0,154,40,225,3
9,1,7310.0,150,40,225,3
9,1,7315.0,151,40,225,3
9,1,7320.0,152,40,225,3
9,1,7325.0,152,40,225,3
9,1,7330.0,150,40,225,3
9,1,7335.0,152,40,225,3
9,1,7340.0,151,40,225,3
9,1,7345.0,152,40,225,3
9,1,7350.0,154,40,225,3
9,1,7355.0,154,40,225,3
9,1,7360.0,152,40,225,3
9,1,7365.0,154,40,225,3
9,1,7370.0,153,40,225,3
9,1,7375.0,151,40,225,3
9,1,7380.0,150,40,225,3
9,1,7385.0,153,40,225,3
9,1,7390.0,151,40,225,3
9,1,7395.0,150,40,225,3
9,1,7400.0,150,40,225,3
9,1,7405.0,152,40,225,3
9,1,7410.0,151,40,225,3
9,1,7415.0,150,40,225,3
9,1,7420.0,149,40,225,3
9,1,7425.0,150,40,225,3
9,1,7430.0,151,40,225,3
9,1,7435.0,152,40,225,3
9,1,7440.0,153,40,225,3
9,1,7445.0,151,40,225,3
9,1,7450.0,152,40,225,3
9,1,7455.0,149,40,225,3
9,1,7460.0,150,40,225,3
9,1,7465.0,152,40,225,3
9,1,7470.0,153,40,225,3
9,1,7475.0,156,40,225,3
9,1,7480.0,158,40,225,3
9,1,7485.0,159,40,225,3
9,1,7490.0,159,40,225,3
9,1,7495.0,158,40,225,3
9,1,7500.0,157,40,225,3
9,1,7505.0,155,40,225,3
9,1,7510.0,157,40,225,3
9,1,7515.0,158,40,225,3
9,1,7520.0,156,40,225,3
9,1,7525.0,155,40,225,3
9,1,7530.0,151,40,225,3
9,1,7535.0,155,40,225,3
9,1,7540.0,158,40,225,3
