escenario,replica,t_segundos,G,N,K,corral
10,1,5.0,100,10,100,4
10,1,10.0,100,10,100,4
10,1,15.0,100,10,100,4
10,1,20.0,100,10,100,4
10,1,25.0,100,10,100,4
10,1,30.0,99,10,100,4
10,1,35.0,99,10,100,4
10,1,40.0,99,10,100,4
10,1,45.0,98,10,100,4
10,1,50.0,98,10,100,4
10,1,55.0,98,10,100,4
10,1,60.0,97,10,100,4
10,1,65.0,96,10,100,4
10,1,70.0,97,10,100,4
10,1,75.0,97,10,100,4
10,1,80.0,97,10,100,4
10,1,85.0,95,10,100,4
10,1,90.0,94,10,100,4
10,1,95.0,93,10,100,4
10,1,100.0,93,10,100,4
10,1,105.0,93,10,100,4
10,1,110.0,93,10,100,4
10,1,115.0,93,10,100,4
10,1,120.0,93,10,100,4
10,1,125.0,93,10,100,4
10,1,130.0,92,10,100,4
10,1,135.0,92,10,100,4
10,1,140.0,91,10,100,4
10,1,145.0,91,10,100,4
10,1,150.0,91,10,100,4
10,1,155.0,90,10,100,4
10,1,160.0,89,10,100,4
10,1,165.0,89,10,100,4
10,1,170.0,89,10,100,4
10,1,175.0,87,10,100,4
10,1,180.0,87,10,100,4
10,1,185.0,87,10,100,4
10,1,190.0,87,10,100,4
10,1,195.0,87,10,100,4
10,1,200.0,86,10,100,4
10,1,205.0,87,10,100,4
10,1,210.0,85,10,100,4
10,1,215.0,85,10,100,4
10,1,220.0,85,10,100,4
10,1,225.0,85,10,100,4
10,1,230.0,84,10,100,4
10,1,235.0,83,10,100,4
10,1,240.0,83,10,100,4
10,1,245.0,84,10,100,4
10,1,250.0,84,10,100,4
10,1,255.0,85,10,100,4
10,1,260.0,82,10,100,4
10,1,265.0,82,10,100,4
10,1,270.0,81,10,100,4
10,1,275.0,81,10,100,4
10,1,280.0,82,10,100,4
10,1,285.0,82,10,100,4
10,1,290.0,81,10,100,4
10,1,295.0,81,10,100,4
10,1,300.0,81,10,100,4
10,1,305.0,82,10,100,4
10,1,310.0,82,10,100,4
10,1,315.0,82,10,100,4
10,1,320.0,83,10,100,4
10,1,325.0,85,10,100,4
10,1,330.0,86,10,100,4
10,1,335.0,86,10,100,4
10,1,340.0,86,10,100,4
10,1,345.0,87,10,100,4
10,1,350.0,86,10,100,4
10,1,355.0,86,10,100,4
10,1,360.0,85,10,100,4
10,1,365.0,86,10,100,4
10,1,370.0,85,10,100,4
10,1,375.0,86,10,100,4
10,1,380.0,86,10,100,4
10,1,385.0,86,10,100,4
10,1,390.0,86,10,100,4
10,1,395.0,87,10,100,4
10,1,400.0,87,10,100,4
10,1,405.0,87,10,100,4
10,1,410.0,86,10,100,4
10,1,415.0,85,10,100,4
10,1,420.0,85,10,100,4
10,1,425.0,83,10,100,4
10,1,430.0,82,10,100,4
10,1,435.0,82,10,100,4
10,1,440.0,82,10,100,4
10,1,445.0,84,10,100,4
10,1,450.0,82,10,100,4
10,1,455.0,83,10,100,4
10,1,460.0,81,10,100,4
10,1,465.0,81,10,100,4
10,1,470.0,81,10,100,4
10,1,475.0,81,10,100,4
10,1,480.0,81,10,100,4
10,1,485.0,82,10,100,4
10,1,490.0,82,10,100,4
10,1,495.0,83,10,100,4
10,1,500.0,84,10,100,4
10,1,505.0,82,10,100,4
10,1,510.0,81,10,100,4
10,1,515.0,80,10,100,4
10,1,520.0,80,10,100,4
10,1,525.0,79,10,100,4
10,1,530.0,79,10,100,4
10,1,535.0,79,10,100,4
10,1,540.0,79,10,100,4
10,1,545.0,79,10,100,4
10,1,550.0,79,10,100,4
10,1,555.0,80,10,100,4
10,1,560.0,81,10,100,4
10,1,565.0,80,10,100,4
10,1,570.0,81,10,100,4
10,1,575.0,82,10,100,4
10,1,580.0,82,10,100,4
10,1,585.0,82,10,100,4
10,1,590.0,81,10,100,4
10,1,595.0,80,10,100,4
10,1,600.0,79,10,100,4
10,1,605.0,79,10,100,4
10,1,610.0,78,10,100,4
10,1,615.0,78,10,100,4
10,1,620.0,80,10,100,4
10,1,625.0,81,10,100,4
10,1,630.0,81,10,100,4
10,1,635.0,80,10,100,4
10,1,640.0,79,10,100,4
10,1,645.0,79,10,100,4
10,1,650.0,79,10,100,4
10,1,655.0,79,10,100,4
10,1,660.0,80,10,100,4
10,1,665.0,81,10,100,4
10,1,670.0,78,10,100,4
10,1,675.0,78,10,100,4
10,1,680.0,78,10,100,4
10,1,685.0,78,10,100,4
10,1,690.0,78,10,100,4
10,1,695.0,78,10,100,4
10,1,700.0,78,10,100,4
10,1,705.0,78,10,100,4
10,1,710.0,78,10,100,4
10,1,715.0,78,10,100,4
10,1,720.0,78,10,100,4
10,1,725.0,78,10,100,4
10,1,730.0,78,10,100,4
10,1,735.0,78,10,100,4
10,1,740.0,78,10,100,4
10,1,745.0,77,10,100,4
10,1,750.0,77,10,100,4
10,1,755.0,78,10,100,4
10,1,760.0,78,10,100,4
10,1,765.0,79,10,100,4
10,1,770.0,79,10,100,4
10,1,775.0,79,10,100,4
10,1,780.0,79,10,100,4
10,1,785.0,78,10,100,4
10,1,790.0,80,10,100,4
10,1,795.0,80,10,100,4
10,1,800.0,80,10,100,4
10,1,805.0,80,10,100,4
10,1,810.0,80,10,100,4
10,1,815.0,80,10,100,4
10,1,820.0,80,10,100,4
10,1,825.0,80,10,100,4
10,1,830.0,81,10,100,4
10,1,835.0,82,10,100,4
10,1,840.0,82,10,100,4
10,1,845.0,80,10,100,4
10,1,850.0,78,10,100,4
10,1,855.0,78,10,100,4
10,1,860.0,77,10,100,4
10,1,865.0,78,10,100,4
10,1,870.0,77,10,100,4
10,1,875.0,77,10,100,4
10,1,880.0,77,10,100,4
10,1,885.0,75,10,100,4
10,1,890.0,75,10,100,4
10,1,895.0,74,10,100,4
10,1,900.0,74,10,100,4
10,1,905.0,73,10,100,4
10,1,910.0,72,10,100,4
10,1,915.0,72,10,100,4
10,1,920.0,72,10,100,4
10,1,925.0,73,10,100,4
10,1,930.0,73,10,100,4
10,1,935.0,73,10,100,4
10,1,940.0,76,10,100,4
10,1,945.0,75,10,100,4
10,1,950.0,76,10,100,4
10,1,955.0,76,10,100,4
10,1,960.0,75,10,100,4
10,1,965.0,75,10,100,4
10,1,970.0,75,10,100,4
10,1,975.0,75,10,100,4
10,1,980.0,77,10,100,4
10,1,985.0,77,10,100,4
10,1,990.0,79,10,100,4
10,1,995.0,80,10,100,4
10,1,1000.0,80,10,100,4
10,1,1005.0,80,10,100,4
10,1,1010.0,80,10,100,4
10,1,1015.0,79,10,100,4
10,1,1020.0,79,10,100,4
10,1,1025.0,78,10,100,4
10,1,1030.0,79,10,100,4
10,1,1035.0,79,10,100,4
10,1,1040.0,79,10,100,4
10,1,1045.0,79,10,100,4
10,1,1050.0,79,10,100,4
10,1,1055.0,80,10,100,4
10,1,1060.0,80,10,100,4
10,1,1065.0,80,10,100,4
10,1,1070.0,80,10,100,4
10,1,1075.0,78,10,100,4
10,1,1080.0,80,10,100,4
10,1,1085.0,80,10,100,4
10,1,1090.0,81,10,100,4
10,1,1095.0,80,10,100,4
10,1,1100.0,80,10,100,4
10,1,1105.0,78,10,100,4
10,1,1110.0,78,10,100,4
10,1,1115.0,77,10,100,4
10,1,1120.0,77,10,100,4
10,1,1125.0,77,10,100,4
10,1,1130.0,76,10,100,4
10,1,1135.0,77,10,100,4
10,1,1140.0,78,10,100,4
10,1,1145.0,78,10,100,4
10,1,1150.0,78,10,100,4
10,1,1155.0,77,10,100,4
10,1,1160.0,78,10,100,4
10,1,1165.0,78,10,100,4
10,1,1170.0,77,10,100,4
10,1,1175.0,77,10,100,4
10,1,1180.0,77,10,100,4
10,1,1185.0,76,10,100,4
10,1,1190.0,76,10,100,4
10,1,1195.0,77,10,100,4
10,1,1200.0,79,10,100,4
10,1,1205.0,79,10,100,4
10,1,1210.0,80,10,100,4
10,1,1215.0,79,10,100,4
10,1,1220.0,79,10,100,4
10,1,1225.0,79,10,100,4
10,1,1230.0,78,10,100,4
10,1,1235.0,78,10,100,4
10,1,1240.0,77,10,100,4
10,1,1245.0,76,10,100,4
10,1,1250.0,76,10,100,4
10,1,1255.0,76,10,100,4
10,1,1260.0,77,10,100,4
10,1,1265.0,76,10,100,4
10,1,1270.0,76,10,100,4
10,1,1275.0,77,10,100,4
10,1,1280.0,77,10,100,4
10,1,1285.0,76,10,100,4
10,1,1290.0,76,10,100,4
10,1,1295.0,77,10,100,4
10,1,1300.0,76,10,100,4
10,1,1305.0,76,10,100,4
10,1,1310.0,78,10,100,4
10,1,1315.0,77,10,100,4
10,1,1320.0,76,10,100,4
10,1,1325.0,77,10,100,4
10,1,1330.0,77,10,100,4
10,1,1335.0,77,10,100,4
10,1,1340.0,77,10,100,4
10,1,1345.0,76,10,100,4
10,1,1350.0,76,10,100,4
10,1,1355.0,77,10,100,4
10,1,1360.0,77,10,100,4
10,1,1365.0,77,10,100,4
10,1,1370.0,77,10,100,4
10,1,1375.0,76,10,100,4
10,1,1380.0,76,10,100,4
10,1,1385.0,76,10,100,4
10,1,1390.0,76,10,100,4
10,1,1395.0,76,10,100,4
10,1,1400.0,75,10,100,4
10,1,1405.0,75,10,100,4
10,1,1410.0,75,10,100,4
10,1,1415.0,76,10,100,4
10,1,1420.0,77,10,100,4
10,1,1425.0,77,10,100,4
10,1,1430.0,77,10,100,4
10,1,1435.0,76,10,100,4
10,1,1440.0,76,10,100,4
10,1,1445.0,76,10,100,4
10,1,1450.0,76,10,100,4
10,1,1455.0,75,10,100,4
10,1,1460.0,75,10,100,4
10,1,1465.0,76,10,100,4
10,1,1470.0,76,10,100,4
10,1,1475.0,75,10,100,4
10,1,1480.0,76,10,100,4
10,1,1485.0,76,10,100,4
10,1,1490.0,76,10,100,4
10,1,1495.0,76,10,100,4
10,1,1500.0,76,10,100,4
10,1,1505.0,76,10,100,4
10,1,1510.0,77,10,100,4
10,1,1515.0,77,10,100,4
10,1,1520.0,77,10,100,4
10,1,1525.0,76,10,100,4
10,1,1530.0,76,10,100,4
10,1,1535.0,76,10,100,4
10,1,1540.0,77,10,100,4
10,1,1545.0,76,10,100,4
10,1,1550.0,75,10,100,4
10,1,1555.0,75,10,100,4
10,1,1560.0,75,10,100,4
10,1,1565.0,76,10,100,4
10,1,1570.0,76,10,100,4
10,1,1575.0,76,10,100,4
10,1,1580.0,76,10,100,4
10,1,1585.0,76,10,100,4
10,1,1590.0,77,10,100,4
10,1,1595.0,77,10,100,4
10,1,1600.0,78,10,100,4
10,1,1605.0,80,10,100,4
10,1,1610.0,79,10,100,4
10,1,1615.0,79,10,100,4
10,1,1620.0,80,10,100,4
10,1,1625.0,82,10,100,4
10,1,1630.0,83,10,100,4
10,1,1635.0,82,10,100,4
10,1,1640.0,82,10,100,4
10,1,1645.0,81,10,100,4
10,1,1650.0,81,10,100,4
10,1,1655.0,81,10,100,4
10,1,1660.0,80,10,100,4
10,1,1665.0,81,10,100,4
10,1,1670.0,80,10,100,4
10,1,1675.0,81,10,100,4
10,1,1680.0,81,10,100,4
10,1,1685.0,80,10,100,4
10,1,1690.0,78,10,100,4
10,1,1695.0,78,10,100,4
10,1,1700.0,78,10,100,4
10,1,1705.0,78,10,100,4
10,1,1710.0,78,10,100,4
10,1,1715.0,78,10,100,4
10,1,1720.0,77,10,100,4
10,1,1725.0,77,10,100,4
10,1,1730.0,77,10,100,4
10,1,1735.0,76,10,100,4
10,1,1740.0,76,10,100,4
10,1,1745.0,76,10,100,4
10,1,1750.0,76,10,100,4
10,1,1755.0,77,10,100,4
10,1,1760.0,77,10,100,4
10,1,1765.0,77,10,100,4
10,1,1770.0,78,10,100,4
10,1,1775.0,78,10,100,4
10,1,1780.0,78,10,100,4
10,1,1785.0,79,10,100,4
10,1,1790.0,78,10,100,4
10,1,1795.0,78,10,100,4
10,1,1800.0,78,10,100,4
10,1,1805.0,78,10,100,4
10,1,1810.0,77,10,100,4
10,1,1815.0,77,10,100,4
10,1,1820.0,79,10,100,4
10,1,1825.0,79,10,100,4
10,1,1830.0,79,10,100,4
10,1,1835.0,79,10,100,4
10,1,1840.0,77,10,100,4
10,1,1845.0,76,10,100,4
10,1,1850.0,76,10,100,4
10,1,1855.0,76,10,100,4
10,1,1860.0,76,10,100,4
10,1,1865.0,76,10,100,4
10,1,1870.0,77,10,100,4
10,1,1875.0,77,10,100,4
10,1,1880.0,76,10,100,4
10,1,1885.0,76,10,100,4
10,1,1890.0,76,10,100,4
10,1,1895.0,75,10,100,4
10,1,1900.0,76,10,100,4
10,1,1905.0,77,10,100,4
10,1,1910.0,77,10,100,4
10,1,1915.0,76,10,100,4
10,1,1920.0,75,10,100,4
10,1,1925.0,76,10,100,4
10,1,1930.0,78,10,100,4
10,1,1935.0,78,10,100,4
10,1,1940.0,78,10,100,4
10,1,1945.0,79,10,100,4
10,1,1950.0,79,10,100,4
10,1,1955.0,79,10,100,4
10,1,1960.0,78,10,100,4
10,1,1965.0,76,10,100,4
10,1,1970.0,76,10,100,4
10,1,1975.0,76,10,100,4
10,1,1980.0,76,10,100,4
10,1,1985.0,75,10,100,4
10,1,1990.0,78,10,100,4
10,1,1995.0,75,10,100,4
10,1,2000.0,75,10,100,4
10,1,2005.0,74,10,100,4
10,1,2010.0,75,10,100,4
10,1,2015.0,75,10,100,4
10,1,2020.0,75,10,100,4
10,1,2025.0,74,10,100,4
10,1,2030.0,74,10,100,4
10,1,2035.0,76,10,100,4
10,1,2040.0,75,10,100,4
10,1,2045.0,75,10,100,4
10,1,2050.0,75,10,100,4
10,1,2055.0,76,10,100,4
10,1,2060.0,75,10,100,4
10,1,2065.0,76,10,100,4
10,1,2070.0,76,10,100,4
10,1,2075.0,75,10,100,4
10,1,2080.0,74,10,100,4
10,1,2085.0,74,10,100,4
10,1,2090.0,73,10,100,4
10,1,2095.0,73,10,100,4
10,1,2100.0,73,10,100,4
10,1,2105.0,73,10,100,4
10,1,2110.0,73,10,100,4
10,1,2115.0,73,10,100,4
10,1,2120.0,73,10,100,4
10,1,2125.0,71,10,100,4
10,1,2130.0,72,10,100,4
10,1,2135.0,72,10,100,4
10,1,2140.0,73,10,100,4
10,1,2145.0,73,10,100,4
10,1,2150.0,73,10,100,4
10,1,2155.0,75,10,100,4
10,1,2160.0,76,10,100,4
10,1,2165.0,76,10,100,4
10,1,2170.0,75,10,100,4
10,1,2175.0,74,10,100,4
10,1,2180.0,74,10,100,4
10,1,2185.0,72,10,100,4
10,1,2190.0,71,10,100,4
10,1,2195.0,73,10,100,4
10,1,2200.0,74,10,100,4
10,1,2205.0,74,10,100,4
10,1,2210.0,74,10,100,4
10,1,2215.0,74,10,100,4
10,1,2220.0,76,10,100,4
10,1,2225.0,76,10,100,4
10,1,2230.0,75,10,100,4
10,1,2235.0,75,10,100,4
10,1,2240.0,75,10,100,4
10,1,2245.0,77,10,100,4
10,1,2250.0,77,10,100,4
10,1,2255.0,78,10,100,4
10,1,2260.0,78,10,100,4
10,1,2265.0,78,10,100,4
10,1,2270.0,79,10,100,4
10,1,2275.0,79,10,100,4
10,1,2280.0,79,10,100,4
10,1,2285.0,81,10,100,4
10,1,2290.0,81,10,100,4
10,1,2295.0,80,10,100,4
10,1,2300.0,80,10,100,4
10,1,2305.0,81,10,100,4
10,1,2310.0,80,10,100,4
10,1,2315.0,80,10,100,4
10,1,2320.0,79,10,100,4
10,1,2325.0,80,10,100,4
10,1,2330.0,78,10,100,4
10,1,2335.0,78,10,100,4
10,1,2340.0,78,10,100,4
10,1,2345.0,78,10,100,4
10,1,2350.0,78,10,100,4
10,1,2355.0,79,10,100,4
10,1,2360.0,78,10,100,4
10,1,2365.0,78,10,100,4
10,1,2370.0,79,10,100,4
10,1,2375.0,81,10,100,4
10,1,2380.0,81,10,100,4
10,1,2385.0,81,10,100,4
10,1,2390.0,80,10,100,4
10,1,2395.0,81,10,100,4
10,1,2400.0,83,10,100,4
10,1,2405.0,82,10,100,4
10,1,2410.0,83,10,100,4
10,1,2415.0,83,10,100,4
10,1,2420.0,83,10,100,4
10,1,2425.0,84,10,100,4
10,1,2430.0,84,10,100,4
10,1,2435.0,84,10,100,4
10,1,2440.0,84,10,100,4
10,1,2445.0,83,10,100,4
10,1,2450.0,82,10,100,4
10,1,2455.0,82,10,100,4
10,1,2460.0,84,10,100,4
10,1,2465.0,84,10,100,4
10,1,2470.0,85,10,100,4
10,1,2475.0,86,10,100,4
10,1,2480.0,84,10,100,4
10,1,2485.0,84,10,100,4
10,1,2490.0,84,10,100,4
10,1,2495.0,85,10,100,4
10,1,2500.0,85,10,100,4
10,1,2505.0,85,10,100,4
10,1,2510.0,84,10,100,4
10,1,2515.0,84,10,100,4
10,1,2520.0,84,10,100,4
10,1,2525.0,84,10,100,4
10,1,2530.0,84,10,100,4
10,1,2535.0,85,10,100,4
10,1,2540.0,84,10,100,4
10,1,2545.0,85,10,100,4
10,1,2550.0,86,10,100,4
10,1,2555.0,86,10,100,4
10,1,2560.0,86,10,100,4
10,1,2565.0,86,10,100,4
10,1,2570.0,86,10,100,4
10,1,2575.0,85,10,100,4
10,1,2580.0,85,10,100,4
10,1,2585.0,85,10,100,4
10,1,2590.0,85,10,100,4
10,1,2595.0,85,10,100,4
10,1,2600.0,86,10,100,4
10,1,2605.0,86,10,100,4
10,1,2610.0,86,10,100,4
10,1,2615.0,87,10,100,4
10,1,2620.0,87,10,100,4
10,1,2625.0,87,10,100,4
10,1,2630.0,87,10,100,4
10,1,2635.0,87,10,100,4
10,1,2640.0,87,10,100,4
10,1,2645.0,88,10,100,4
10,1,2650.0,87,10,100,4
10,1,2655.0,87,10,100,4
10,1,2660.0,86,10,100,4
10,1,2665.0,86,10,100,4
10,1,2670.0,86,10,100,4
10,1,2675.0,85,10,100,4
10,1,2680.0,84,10,100,4
10,1,2685.0,85,10,100,4
10,1,2690.0,85,10,100,4
10,1,2695.0,84,10,100,4
10,1,2700.0,84,10,100,4
10,1,2705.0,82,10,100,4
10,1,2710.0,82,10,100,4
10,1,2715.0,82,10,100,4
10,1,2720.0,82,10,100,4
10,1,2725.0,82,10,100,4
10,1,2730.0,83,10,100,4
10,1,2735.0,83,10,100,4
10,1,2740.0,83,10,100,4
10,1,2745.0,84,10,100,4
10,1,2750.0,83,10,100,4
10,1,2755.0,83,10,100,4
10,1,2760.0,83,10,100,4
10,1,2765.0,82,10,100,4
10,1,2770.0,82,10,100,4
10,1,2775.0,83,10,100,4
10,1,2780.0,84,10,100,4
10,1,2785.0,83,10,100,4
10,1,2790.0,81,10,100,4
10,1,2795.0,81,10,100,4
10,1,2800.0,82,10,100,4
10,1,2805.0,82,10,100,4
10,1,2810.0,82,10,100,4
10,1,2815.0,81,10,100,4
10,1,2820.0,81,10,100,4
10,1,2825.0,81,10,100,4
10,1,2830.0,81,10,100,4
10,1,2835.0,82,10,100,4
10,1,2840.0,81,10,100,4
10,1,2845.0,83,10,100,4
10,1,2850.0,83,10,100,4
10,1,2855.0,82,10,100,4
10,1,2860.0,82,10,100,4
10,1,2865.0,82,10,100,4
10,1,2870.0,82,10,100,4
10,1,2875.0,83,10,100,4
10,1,2880.0,82,10,100,4
10,1,2885.0,83,10,100,4
10,1,2890.0,83,10,100,4
10,1,2895.0,83,10,100,4
10,1,2900.0,82,10,100,4
10,1,2905.0,82,10,100,4
10,1,2910.0,81,10,100,4
10,1,2915.0,81,10,100,4
10,1,2920.0,80,10,100,4
10,1,2925.0,80,10,100,4
10,1,2930.0,81,10,100,4
10,1,2935.0,80,10,100,4
10,1,2940.0,80,10,100,4
10,1,2945.0,80,10,100,4
10,1,2950.0,78,10,100,4
10,1,2955.0,78,10,100,4
10,1,2960.0,79,10,100,4
10,1,2965.0,79,10,100,4
10,1,2970.0,78,10,100,4
10,1,2975.0,79,10,100,4
10,1,2980.0,78,10,100,4
10,1,2985.0,77,10,100,4
10,1,2990.0,77,10,100,4
10,1,2995.0,77,10,100,4
10,1,3000.0,77,10,100,4
10,1,3005.0,77,10,100,4
10,1,3010.0,77,10,100,4
10,1,3015.0,77,10,100,4
10,1,3020.0,77,10,100,4
10,1,3025.0,78,10,100,4
10,1,3030.0,78,10,100,4
10,1,3035.0,78,10,100,4
10,1,3040.0,78,10,100,4
10,1,3045.0,79,10,100,4
10,1,3050.0,78,10,100,4
10,1,3055.0,78,10,100,4
10,1,3060.0,78,10,100,4
10,1,3065.0,79,10,100,4
10,1,3070.0,79,10,100,4
10,1,3075.0,79,10,100,4
10,1,3080.0,79,10,100,4
10,1,3085.0,79,10,100,4
10,1,3090.0,79,10,100,4
10,1,3095.0,79,10,100,4
10,1,3100.0,81,10,100,4
10,1,3105.0,81,10,100,4
10,1,3110.0,81,10,100,4
10,1,3115.0,81,10,100,4
10,1,3120.0,81,10,100,4
10,1,3125.0,82,10,100,4
10,1,3130.0,83,10,100,4
10,1,3135.0,81,10,100,4
10,1,3140.0,81,10,100,4
10,1,3145.0,82,10,100,4
10,1,3150.0,82,10,100,4
10,1,3155.0,80,10,100,4
10,1,3160.0,80,10,100,4
10,1,3165.0,81,10,100,4
10,1,3170.0,83,10,100,4
10,1,3175.0,83,10,100,4
10,1,3180.0,83,10,100,4
10,1,3185.0,83,10,100,4
10,1,3190.0,84,10,100,4
10,1,3195.0,84,10,100,4
10,1,3200.0,84,10,100,4
10,1,3205.0,84,10,100,4
10,1,3210.0,83,10,100,4
10,1,3215.0,83,10,100,4
10,1,3220.0,85,10,100,4
10,1,3225.0,85,10,100,4
10,1,3230.0,85,10,100,4
10,1,3235.0,86,10,100,4
10,1,3240.0,86,10,100,4
10,1,3245.0,86,10,100,4
10,1,3250.0,87,10,100,4
10,1,3255.0,87,10,100,4
10,1,3260.0,87,10,100,4
10,1,3265.0,87,10,100,4
10,1,3270.0,87,10,100,4
10,1,3275.0,87,10,100,4
10,1,3280.0,88,10,100,4
10,1,3285.0,88,10,100,4
10,1,3290.0,89,10,100,4
10,1,3295.0,89,10,100,4
10,1,3300.0,89,10,100,4
10,1,3305.0,89,10,100,4
10,1,3310.0,90,10,100,4
10,1,3315.0,90,10,100,4
10,1,3320.0,90,10,100,4
10,1,3325.0,90,10,100,4
10,1,3330.0,90,10,100,4
10,1,3335.0,90,10,100,4
10,1,3340.0,90,10,100,4
10,1,3345.0,90,10,100,4
10,1,3350.0,89,10,100,4
10,1,3355.0,89,10,100,4
10,1,3360.0,89,10,100,4
10,1,3365.0,88,10,100,4
10,1,3370.0,87,10,100,4
10,1,3375.0,87,10,100,4
10,1,3380.0,86,10,100,4
10,1,3385.0,87,10,100,4
10,1,3390.0,88,10,100,4
10,1,3395.0,85,10,100,4
10,1,3400.0,85,10,100,4
10,1,3405.0,85,10,100,4
10,1,3410.0,84,10,100,4
10,1,3415.0,85,10,100,4
10,1,3420.0,86,10,100,4
10,1,3425.0,86,10,100,4
10,1,3430.0,86,10,100,4
10,1,3435.0,86,10,100,4
10,1,3440.0,86,10,100,4
10,1,3445.0,87,10,100,4
10,1,3450.0,87,10,100,4
10,1,3455.0,85,10,100,4
10,1,3460.0,85,10,100,4
10,1,3465.0,86,10,100,4
10,1,3470.0,85,10,100,4
10,1,3475.0,85,10,100,4
10,1,3480.0,85,10,100,4
10,1,3485.0,84,10,100,4
10,1,3490.0,83,10,100,4
10,1,3495.0,85,10,100,4
10,1,3500.0,83,10,100,4
10,1,3505.0,83,10,100,4
10,1,3510.0,84,10,100,4
10,1,3515.0,84,10,100,4
10,1,3520.0,84,10,100,4
10,1,3525.0,83,10,100,4
10,1,3530.0,83,10,100,4
10,1,3535.0,82,10,100,4
10,1,3540.0,82,10,100,4
10,1,3545.0,82,10,100,4
10,1,3550.0,82,10,100,4
10,1,3555.0,81,10,100,4
10,1,3560.0,81,10,100,4
10,1,3565.0,80,10,100,4
10,1,3570.0,79,10,100,4
10,1,3575.0,78,10,100,4
10,1,3580.0,78,10,100,4
10,1,3585.0,78,10,100,4
10,1,3590.0,77,10,100,4
10,1,3595.0,79,10,100,4
10,1,3600.0,80,10,100,4
10,1,3605.0,80,10,100,4
10,1,3610.0,79,10,100,4
10,1,3615.0,79,10,100,4
10,1,3620.0,80,10,100,4
10,1,3625.0,81,10,100,4
10,1,3630.0,82,10,100,4
10,1,3635.0,83,10,100,4
10,1,3640.0,84,10,100,4
10,1,3645.0,84,10,100,4
10,1,3650.0,84,10,100,4
10,1,3655.0,84,10,100,4
10,1,3660.0,84,10,100,4
10,1,3665.0,82,10,100,4
10,1,3670.0,82,10,100,4
10,1,3675.0,81,10,100,4
10,1,3680.0,81,10,100,4
10,1,3685.0,81,10,100,4
10,1,3690.0,82,10,100,4
10,1,3695.0,81,10,100,4
10,1,3700.0,82,10,100,4
10,1,3705.0,82,10,100,4
10,1,3710.0,81,10,100,4
10,1,3715.0,82,10,100,4
10,1,3720.0,83,10,100,4
10,1,3725.0,82,10,100,4
10,1,3730.0,82,10,100,4
10,1,3735.0,82,10,100,4
10,1,3740.0,82,10,100,4
10,1,3745.0,81,10,100,4
10,1,3750.0,81,10,100,4
10,1,3755.0,81,10,100,4
10,1,3760.0,81,10,100,4
10,1,3765.0,82,10,100,4
10,1,3770.0,81,10,100,4
10,1,3775.0,81,10,100,4
10,1,3780.0,81,10,100,4
10,1,3785.0,81,10,100,4
10,1,3790.0,81,10,100,4
10,1,3795.0,80,10,100,4
10,1,3800.0,80,10,100,4
10,1,3805.0,79,10,100,4
10,1,3810.0,79,10,100,4
10,1,3815.0,78,10,100,4
10,1,3820.0,79,10,100,4
10,1,3825.0,79,10,100,4
10,1,3830.0,79,10,100,4
10,1,3835.0,80,10,100,4
10,1,3840.0,81,10,100,4
10,1,3845.0,81,10,100,4
10,1,3850.0,80,10,100,4
10,1,3855.0,80,10,100,4
10,1,3860.0,79,10,100,4
10,1,3865.0,79,10,100,4
10,1,3870.0,80,10,100,4
10,1,3875.0,82,10,100,4
10,1,3880.0,83,10,100,4
10,1,3885.0,83,10,100,4
10,1,3890.0,83,10,100,4
10,1,3895.0,83,10,100,4
10,1,3900.0,84,10,100,4
10,1,3905.0,84,10,100,4
10,1,3910.0,83,10,100,4
10,1,3915.0,83,10,100,4
10,1,3920.0,83,10,100,4
10,1,3925.0,84,10,100,4
10,1,3930.0,84,10,100,4
10,1,3935.0,83,10,100,4
10,1,3940.0,82,10,100,4
10,1,3945.0,82,10,100,4
10,1,3950.0,82,10,100,4
10,1,3955.0,82,10,100,4
10,1,3960.0,82,10,100,4
10,1,3965.0,82,10,100,4
10,1,3970.0,82,10,100,4
10,1,3975.0,80,10,100,4
10,1,3980.0,80,10,100,4
10,1,3985.0,81,10,100,4
10,1,3990.0,81,10,100,4
10,1,3995.0,81,10,100,4
10,1,4000.0,82,10,100,4
10,1,4005.0,83,10,100,4
10,1,4010.0,83,10,100,4
10,1,4015.0,82,10,100,4
10,1,4020.0,82,10,100,4
10,1,4025.0,81,10,100,4
10,1,4030.0,84,10,100,4
10,1,4035.0,82,10,100,4
10,1,4040.0,83,10,100,4
10,1,4045.0,84,10,100,4
10,1,4050.0,84,10,100,4
10,1,4055.0,84,10,100,4
10,1,4060.0,83,10,100,4
10,1,4065.0,83,10,100,4
10,1,4070.0,84,10,100,4
10,1,4075.0,85,10,100,4
10,1,4080.0,84,10,100,4
10,1,4085.0,83,10,100,4
10,1,4090.0,83,10,100,4
10,1,4095.0,83,10,100,4
10,1,4100.0,82,10,100,4
10,1,4105.0,81,10,100,4
10,1,4110.0,82,10,100,4
10,1,4115.0,82,10,100,4
10,1,4120.0,81,10,100,4
10,1,4125.0,82,10,100,4
10,1,4130.0,82,10,100,4
10,1,4135.0,82,10,100,4
10,1,4140.0,81,10,100,4
10,1,4145.0,81,10,100,4
10,1,4150.0,81,10,100,4
10,1,4155.0,81,10,100,4
10,1,4160.0,81,10,100,4
10,1,4165.0,81,10,100,4
10,1,4170.0,81,10,100,4
10,1,4175.0,80,10,100,4
10,1,4180.0,80,10,100,4
10,1,4185.0,79,10,100,4
10,1,4190.0,78,10,100,4
10,1,4195.0,76,10,100,4
10,1,4200.0,76,10,100,4
10,1,4205.0,76,10,100,4
10,1,4210.0,75,10,100,4
10,1,4215.0,74,10,100,4
10,1,4220.0,74,10,100,4
10,1,4225.0,74,10,100,4
10,1,4230.0,75,10,100,4
10,1,4235.0,77,10,100,4
10,1,4240.0,77,10,100,4
10,1,4245.0,79,10,100,4
10,1,4250.0,79,10,100,4
10,1,4255.0,79,10,100,4
10,1,4260.0,79,10,100,4
10,1,4265.0,78,10,100,4
10,1,4270.0,79,10,100,4
10,1,4275.0,77,10,100,4
10,1,4280.0,76,10,100,4
10,1,4285.0,77,10,100,4
10,1,4290.0,77,10,100,4
10,1,4295.0,77,10,100,4
10,1,4300.0,78,10,100,4
10,1,4305.0,78,10,100,4
10,1,4310.0,78,10,100,4
10,1,4315.0,78,10,100,4
10,1,4320.0,78,10,100,4
10,1,4325.0,77,10,100,4
10,1,4330.0,77,10,100,4
10,1,4335.0,77,10,100,4
10,1,4340.0,78,10,100,4
10,1,4345.0,79,10,100,4
10,1,4350.0,79,10,100,4
10,1,4355.0,79,10,100,4
10,1,4360.0,79,10,100,4
10,1,4365.0,79,10,100,4
10,1,4370.0,79,10,100,4
10,1,4375.0,79,10,100,4
10,1,4380.0,78,10,100,4
10,1,4385.0,78,10,100,4
10,1,4390.0,79,10,100,4
10,1,4395.0,79,10,100,4
10,1,4400.0,77,10,100,4
10,1,4405.0,77,10,100,4
10,1,4410.0,76,10,100,4
10,1,4415.0,75,10,100,4
10,1,4420.0,75,10,100,4
10,1,4425.0,75,10,100,4
10,1,4430.0,76,10,100,4
10,1,4435.0,74,10,100,4
10,1,4440.0,74,10,100,4
10,1,4445.0,73,10,100,4
10,1,4450.0,73,10,100,4
10,1,4455.0,73,10,100,4
10,1,4460.0,73,10,100,4
10,1,4465.0,73,10,100,4
10,1,4470.0,74,10,100,4
10,1,4475.0,74,10,100,4
10,1,4480.0,75,10,100,4
10,1,4485.0,75,10,100,4
10,1,4490.0,75,10,100,4
10,1,4495.0,74,10,100,4
10,1,4500.0,73,10,100,4
10,1,4505.0,73,10,100,4
10,1,4510.0,72,10,100,4
10,1,4515.0,72,10,100,4
10,1,4520.0,72,10,100,4
10,1,4525.0,72,10,100,4
10,1,4530.0,72,10,100,4
10,1,4535.0,72,10,100,4
10,1,4540.0,73,10,100,4
10,1,4545.0,73,10,100,4
10,1,4550.0,73,10,100,4
10,1,4555.0,73,10,100,4
10,1,4560.0,73,10,100,4
10,1,4565.0,73,10,100,4
10,1,4570.0,74,10,100,4
10,1,4575.0,73,10,100,4
10,1,4580.0,73,10,100,4
10,1,4585.0,73,10,100,4
10,1,4590.0,74,10,100,4
10,1,4595.0,74,10,100,4
10,1,4600.0,74,10,100,4
10,1,4605.0,74,10,100,4
10,1,4610.0,74,10,100,4
10,1,4615.0,74,10,100,4
10,1,4620.0,74,10,100,4
10,1,4625.0,74,10,100,4
10,1,4630.0,73,10,100,4
10,1,4635.0,73,10,100,4
10,1,4640.0,73,10,100,4
10,1,4645.0,73,10,100,4
10,1,4650.0,73,10,100,4
10,1,4655.0,72,10,100,4
10,1,4660.0,71,10,100,4
10,1,4665.0,71,10,100,4
10,1,4670.0,71,10,100,4
10,1,4675.0,71,10,100,4
10,1,4680.0,71,10,100,4
10,1,4685.0,71,10,100,4
10,1,4690.0,71,10,100,4
10,1,4695.0,72,10,100,4
10,1,4700.0,72,10,100,4
10,1,4705.0,73,10,100,4
10,1,4710.0,73,10,100,4
10,1,4715.0,73,10,100,4
10,1,4720.0,73,10,100,4
10,1,4725.0,73,10,100,4
10,1,4730.0,72,10,100,4
10,1,4735.0,72,10,100,4
10,1,4740.0,71,10,100,4
10,1,4745.0,71,10,100,4
10,1,4750.0,71,10,100,4
10,1,4755.0,71,10,100,4
10,1,4760.0,71,10,100,4
10,1,4765.0,71,10,100,4
10,1,4770.0,70,10,100,4
10,1,4775.0,70,10,100,4
10,1,4780.0,69,10,100,4
10,1,4785.0,70,10,100,4
10,1,4790.0,70,10,100,4
10,1,4795.0,71,10,100,4
10,1,4800.0,71,10,100,4
10,1,4805.0,71,10,100,4
10,1,4810.0,71,10,100,4
10,1,4815.0,72,10,100,4
10,1,4820.0,72,10,100,4
10,1,4825.0,72,10,100,4
10,1,4830.0,72,10,100,4
10,1,4835.0,72,10,100,4
10,1,4840.0,71,10,100,4
10,1,4845.0,71,10,100,4
10,1,4850.0,71,10,100,4
10,1,4855.0,71,10,100,4
10,1,4860.0,71,10,100,4
10,1,4865.0,71,10,100,4
10,1,4870.0,71,10,100,4
10,1,4875.0,71,10,100,4
10,1,4880.0,73,10,100,4
10,1,4885.0,74,10,100,4
10,1,4890.0,76,10,100,4
10,1,4895.0,76,10,100,4
10,1,4900.0,77,10,100,4
10,1,4905.0,77,10,100,4
10,1,4910.0,77,10,100,4
10,1,4915.0,76,10,100,4
10,1,4920.0,76,10,100,4
10,1,4925.0,76,10,100,4
10,1,4930.0,76,10,100,4
10,1,4935.0,74,10,100,4
10,1,4940.0,73,10,100,4
10,1,4945.0,74,10,100,4
10,1,4950.0,74,10,100,4
10,1,4955.0,73,10,100,4
10,1,4960.0,73,10,100,4
10,1,4965.0,73,10,100,4
10,1,4970.0,73,10,100,4
10,1,4975.0,72,10,100,4
10,1,4980.0,72,10,100,4
10,1,4985.0,73,10,100,4
10,1,4990.0,72,10,100,4
10,1,4995.0,71,10,100,4
10,1,5000.0,70,10,100,4
10,1,5005.0,70,10,100,4
10,1,5010.0,69,10,100,4
10,1,5015.0,69,10,100,4
10,1,5020.0,68,10,100,4
10,1,5025.0,69,10,100,4
10,1,5030.0,67,10,100,4
10,1,5035.0,67,10,100,4
10,1,5040.0,67,10,100,4
10,1,5045.0,67,10,100,4
10,1,5050.0,67,10,100,4
10,1,5055.0,67,10,100,4
10,1,5060.0,67,10,100,4
10,1,5065.0,67,10,100,4
10,1,5070.0,67,10,100,4
10,1,5075.0,67,10,100,4
10,1,5080.0,67,10,100,4
10,1,5085.0,68,10,100,4
10,1,5090.0,68,10,100,4
10,1,5095.0,68,10,100,4
10,1,5100.0,69,10,100,4
10,1,5105.0,69,10,100,4
10,1,5110.0,68,10,100,4
10,1,5115.0,68,10,100,4
10,1,5120.0,67,10,100,4
10,1,5125.0,66,10,100,4
10,1,5130.0,65,10,100,4
10,1,5135.0,66,10,100,4
10,1,5140.0,65,10,100,4
10,1,5145.0,66,10,100,4
10,1,5150.0,66,10,100,4
10,1,5155.0,66,10,100,4
10,1,5160.0,65,10,100,4
10,1,5165.0,65,10,100,4
10,1,5170.0,65,10,100,4
10,1,5175.0,66,10,100,4
10,1,5180.0,67,10,100,4
10,1,5185.0,66,10,100,4
10,1,5190.0,66,10,100,4
10,1,5195.0,68,10,100,4
10,1,5200.0,71,10,100,4
10,1,5205.0,72,10,100,4
10,1,5210.0,72,10,100,4
10,1,5215.0,72,10,100,4
10,1,5220.0,74,10,100,4
10,1,5225.0,77,10,100,4
10,1,5230.0,78,10,100,4
10,1,5235.0,78,10,100,4
10,1,5240.0,78,10,100,4
10,1,5245.0,78,10,100,4
10,1,5250.0,78,10,100,4
10,1,5255.0,78,10,100,4
10,1,5260.0,78,10,100,4
10,1,5265.0,78,10,100,4
10,1,5270.0,79,10,100,4
10,1,5275.0,79,10,100,4
10,1,5280.0,78,10,100,4
10,1,5285.0,78,10,100,4
10,1,5290.0,79,10,100,4
10,1,5295.0,81,10,100,4
10,1,5300.0,81,10,100,4
10,1,5305.0,81,10,100,4
10,1,5310.0,80,10,100,4
10,1,5315.0,81,10,100,4
10,1,5320.0,81,10,100,4
10,1,5325.0,81,10,100,4
10,1,5330.0,79,10,100,4
10,1,5335.0,79,10,100,4
10,1,5340.0,79,10,100,4
10,1,5345.0,80,10,100,4
10,1,5350.0,79,10,100,4
10,1,5355.0,80,10,100,4
10,1,5360.0,81,10,100,4
10,1,5365.0,82,10,100,4
10,1,5370.0,82,10,100,4
10,1,5375.0,82,10,100,4
10,1,5380.0,82,10,100,4
10,1,5385.0,82,10,100,4
10,1,5390.0,83,10,100,4
10,1,5395.0,82,10,100,4
10,1,5400.0,82,10,100,4
10,1,5405.0,81,10,100,4
10,1,5410.0,81,10,100,4
10,1,5415.0,81,10,100,4
10,1,5420.0,80,10,100,4
10,1,5425.0,81,10,100,4
10,1,5430.0,81,10,100,4
10,1,5435.0,81,10,100,4
10,1,5440.0,81,10,100,4
10,1,5445.0,82,10,100,4
10,1,5450.0,82,10,100,4
10,1,5455.0,81,10,100,4
10,1,5460.0,78,10,100,4
10,1,5465.0,79,10,100,4
10,1,5470.0,78,10,100,4
10,1,5475.0,78,10,100,4
10,1,5480.0,79,10,100,4
10,1,5485.0,79,10,100,4
10,1,5490.0,79,10,100,4
10,1,5495.0,78,10,100,4
10,1,5500.0,79,10,100,4
10,1,5505.0,78,10,100,4
10,1,5510.0,80,10,100,4
10,1,5515.0,80,10,100,4
10,1,5520.0,82,10,100,4
10,1,5525.0,82,10,100,4
10,1,5530.0,82,10,100,4
10,1,5535.0,82,10,100,4
10,1,5540.0,82,10,100,4
10,1,5545.0,82,10,100,4
10,1,5550.0,82,10,100,4
10,1,5555.0,81,10,100,4
10,1,5560.0,81,10,100,4
10,1,5565.0,82,10,100,4
10,1,5570.0,83,10,100,4
10,1,5575.0,83,10,100,4
10,1,5580.0,83,10,100,4
10,1,5585.0,83,10,100,4
10,1,5590.0,83,10,100,4
10,1,5595.0,83,10,100,4
10,1,5600.0,82,10,100,4
10,1,5605.0,83,10,100,4
10,1,5610.0,83,10,100,4
10,1,5615.0,83,10,100,4
10,1,5620.0,84,10,100,4
10,1,5625.0,84,10,100,4
10,1,5630.0,84,10,100,4
10,1,5635.0,84,10,100,4
10,1,5640.0,84,10,100,4
10,1,5645.0,84,10,100,4
10,1,5650.0,84,10,100,4
10,1,5655.0,84,10,100,4
10,1,5660.0,84,10,100,4
10,1,5665.0,83,10,100,4
10,1,5670.0,84,10,100,4
10,1,5675.0,83,10,100,4
10,1,5680.0,84,10,100,4
10,1,5685.0,84,10,100,4
10,1,5690.0,83,10,100,4
10,1,5695.0,85,10,100,4
10,1,5700.0,84,10,100,4
10,1,5705.0,83,10,100,4
10,1,5710.0,84,10,100,4
10,1,5715.0,84,10,100,4
10,1,5720.0,84,10,100,4
10,1,5725.0,85,10,100,4
10,1,5730.0,86,10,100,4
10,1,5735.0,86,10,100,4
10,1,5740.0,86,10,100,4
10,1,5745.0,86,10,100,4
10,1,5750.0,85,10,100,4
10,1,5755.0,87,10,100,4
10,1,5760.0,87,10,100,4
10,1,5765.0,87,10,100,4
10,1,5770.0,86,10,100,4
10,1,5775.0,87,10,100,4
10,1,5780.0,87,10,100,4
10,1,5785.0,87,10,100,4
10,1,5790.0,86,10,100,4
10,1,5795.0,87,10,100,4
10,1,5800.0,87,10,100,4
10,1,5805.0,88,10,100,4
10,1,5810.0,87,10,100,4
10,1,5815.0,88,10,100,4
10,1,5820.0,87,10,100,4
10,1,5825.0,87,10,100,4
10,1,5830.0,87,10,100,4
10,1,5835.0,87,10,100,4
10,1,5840.0,87,10,100,4
10,1,5845.0,87,10,100,4
10,1,5850.0,87,10,100,4
10,1,5855.0,88,10,100,4
10,1,5860.0,87,10,100,4
10,1,5865.0,86,10,100,4
10,1,5870.0,85,10,100,4
10,1,5875.0,84,10,100,4
10,1,5880.0,83,10,100,4
10,1,5885.0,83,10,100,4
10,1,5890.0,83,10,100,4
10,1,5895.0,82,10,100,4
10,1,5900.0,81,10,100,4
10,1,5905.0,82,10,100,4
10,1,5910.0,81,10,100,4
10,1,5915.0,80,10,100,4
10,1,5920.0,81,10,100,4
10,1,5925.0,81,10,100,4
10,1,5930.0,79,10,100,4
10,1,5935.0,79,10,100,4
10,1,5940.0,80,10,100,4
10,1,5945.0,80,10,100,4
10,1,5950.0,80,10,100,4
10,1,5955.0,80,10,100,4
10,1,5960.0,79,10,100,4
10,1,5965.0,79,10,100,4
10,1,5970.0,79,10,100,4
10,1,5975.0,78,10,100,4
10,1,5980.0,78,10,100,4
10,1,5985.0,78,10,100,4
10,1,5990.0,79,10,100,4
10,1,5995.0,79,10,100,4
10,1,6000.0,79,10,100,4
10,1,6005.0,79,10,100,4
10,1,6010.0,78,10,100,4
10,1,6015.0,77,10,100,4
10,1,6020.0,77,10,100,4
10,1,6025.0,77,10,100,4
10,1,6030.0,78,10,100,4
10,1,6035.0,78,10,100,4
10,1,6040.0,78,10,100,4
10,1,6045.0,78,10,100,4
10,1,6050.0,79,10,100,4
10,1,6055.0,78,10,100,4
10,1,6060.0,78,10,100,4
10,1,6065.0,77,10,100,4
10,1,6070.0,77,10,100,4
10,1,6075.0,76,10,100,4
10,1,6080.0,77,10,100,4
10,1,6085.0,77,10,100,4
10,1,6090.0,76,10,100,4
10,1,6095.0,76,10,100,4
10,1,6100.0,75,10,100,4
10,1,6105.0,75,10,100,4
10,1,6110.0,75,10,100,4
10,1,6115.0,75,10,100,4
10,1,6120.0,75,10,100,4
10,1,6125.0,75,10,100,4
10,1,6130.0,76,10,100,4
10,1,6135.0,75,10,100,4
10,1,6140.0,75,10,100,4
10,1,6145.0,76,10,100,4
10,1,6150.0,76,10,100,4
10,1,6155.0,75,10,100,4
10,1,6160.0,75,10,100,4
10,1,6165.0,76,10,100,4
10,1,6170.0,77,10,100,4
10,1,6175.0,77,10,100,4
10,1,6180.0,77,10,100,4
10,1,6185.0,77,10,100,4
10,1,6190.0,77,10,100,4
10,1,6195.0,76,10,100,4
10,1,6200.0,76,10,100,4
10,1,6205.0,75,10,100,4
10,1,6210.0,74,10,100,4
10,1,6215.0,74,10,100,4
10,1,6220.0,74,10,100,4
10,1,6225.0,74,10,100,4
10,1,6230.0,74,10,100,4
10,1,6235.0,75,10,100,4
10,1,6240.0,75,10,100,4
10,1,6245.0,75,10,100,4
10,1,6250.0,75,10,100,4
10,1,6255.0,75,10,100,4
10,1,6260.0,76,10,100,4
10,1,6265.0,75,10,100,4
10,1,6270.0,76,10,100,4
10,1,6275.0,76,10,100,4
10,1,6280.0,75,10,100,4
10,1,6285.0,74,10,100,4
10,1,6290.0,74,10,100,4
10,1,6295.0,74,10,100,4
10,1,6300.0,74,10,100,4
10,1,6305.0,74,10,100,4
10,1,6310.0,75,10,100,4
10,1,6315.0,75,10,100,4
10,1,6320.0,75,10,100,4
10,1,6325.0,75,10,100,4
10,1,6330.0,75,10,100,4
10,1,6335.0,75,10,100,4
10,1,6340.0,75,10,100,4
10,1,6345.0,75,10,100,4
10,1,6350.0,77,10,100,4
10,1,6355.0,77,10,100,4
10,1,6360.0,77,10,100,4
10,1,6365.0,77,10,100,4
10,1,6370.0,78,10,100,4
10,1,6375.0,78,10,100,4
10,1,6380.0,78,10,100,4
10,1,6385.0,78,10,100,4
10,1,6390.0,78,10,100,4
10,1,6395.0,78,10,100,4
10,1,6400.0,78,10,100,4
10,1,6405.0,78,10,100,4
10,1,6410.0,78,10,100,4
10,1,6415.0,77,10,100,4
10,1,6420.0,77,10,100,4
10,1,6425.0,77,10,100,4
10,1,6430.0,77,10,100,4
10,1,6435.0,78,10,100,4
10,1,6440.0,78,10,100,4
10,1,6445.0,78,10,100,4
10,1,6450.0,78,10,100,4
10,1,6455.0,78,10,100,4
10,1,6460.0,78,10,100,4
10,1,6465.0,78,10,100,4
10,1,6470.0,78,10,100,4
10,1,6475.0,78,10,100,4
10,1,6480.0,76,10,100,4
10,1,6485.0,77,10,100,4
10,1,6490.0,77,10,100,4
10,1,6495.0,79,10,100,4
10,1,6500.0,79,10,100,4
10,1,6505.0,79,10,100,4
10,1,6510.0,79,10,100,4
10,1,6515.0,79,10,100,4
10,1,6520.0,78,10,100,4
10,1,6525.0,78,10,100,4
10,1,6530.0,79,10,100,4
10,1,6535.0,81,10,100,4
10,1,6540.0,82,10,100,4
10,1,6545.0,82,10,100,4
10,1,6550.0,81,10,100,4
10,1,6555.0,81,10,100,4
10,1,6560.0,81,10,100,4
10,1,6565.0,82,10,100,4
10,1,6570.0,82,10,100,4
10,1,6575.0,82,10,100,4
10,1,6580.0,83,10,100,4
10,1,6585.0,84,10,100,4
10,1,6590.0,84,10,100,4
10,1,6595.0,84,10,100,4
10,1,6600.0,84,10,100,4
10,1,6605.0,84,10,100,4
10,1,6610.0,84,10,100,4
10,1,6615.0,84,10,100,4
10,1,6620.0,83,10,100,4
10,1,6625.0,83,10,100,4
10,1,6630.0,81,10,100,4
10,1,6635.0,80,10,100,4
10,1,6640.0,80,10,100,4
10,1,6645.0,80,10,100,4
10,1,6650.0,82,10,100,4
10,1,6655.0,83,10,100,4
10,1,6660.0,83,10,100,4
10,1,6665.0,82,10,100,4
10,1,6670.0,82,10,100,4
10,1,6675.0,81,10,100,4
10,1,6680.0,81,10,100,4
10,1,6685.0,82,10,100,4
10,1,6690.0,81,10,100,4
10,1,6695.0,81,10,100,4
10,1,6700.0,80,10,100,4
10,1,6705.0,78,10,100,4
10,1,6710.0,78,10,100,4
10,1,6715.0,79,10,100,4
10,1,6720.0,79,10,100,4
10,1,6725.0,78,10,100,4
10,1,6730.0,78,10,100,4
10,1,6735.0,78,10,100,4
10,1,6740.0,77,10,100,4
10,1,6745.0,77,10,100,4
10,1,6750.0,77,10,100,4
10,1,6755.0,78,10,100,4
10,1,6760.0,77,10,100,4
10,1,6765.0,76,10,100,4
10,1,6770.0,76,10,100,4
10,1,6775.0,76,10,100,4
10,1,6780.0,78,10,100,4
10,1,6785.0,79,10,100,4
10,1,6790.0,79,10,100,4
10,1,6795.0,79,10,100,4
10,1,6800.0,78,10,100,4
10,1,6805.0,77,10,100,4
10,1,6810.0,75,10,100,4
10,1,6815.0,75,10,100,4
10,1,6820.0,75,10,100,4
10,1,6825.0,74,10,100,4
10,1,6830.0,72,10,100,4
10,1,6835.0,71,10,100,4
10,1,6840.0,70,10,100,4
10,1,6845.0,70,10,100,4
10,1,6850.0,69,10,100,4
10,1,6855.0,69,10,100,4
10,1,6860.0,70,10,100,4
10,1,6865.0,70,10,100,4
10,1,6870.0,71,10,100,4
10,1,6875.0,72,10,100,4
10,1,6880.0,72,10,100,4
10,1,6885.0,73,10,100,4
10,1,6890.0,73,10,100,4
10,1,6895.0,72,10,100,4
10,1,6900.0,71,10,100,4
10,1,6905.0,70,10,100,4
10,1,6910.0,71,10,100,4
10,1,6915.0,70,10,100,4
10,1,6920.0,70,10,100,4
10,1,6925.0,71,10,100,4
10,1,6930.0,70,10,100,4
10,1,6935.0,70,10,100,4
10,1,6940.0,71,10,100,4
10,1,6945.0,71,10,100,4
10,1,6950.0,72,10,100,4
10,1,6955.0,71,10,100,4
10,1,6960.0,71,10,100,4
10,1,6965.0,71,10,100,4
10,1,6970.0,70,10,100,4
10,1,6975.0,69,10,100,4
10,1,6980.0,68,10,100,4
10,1,6985.0,68,10,100,4
10,1,6990.0,68,10,100,4
10,1,6995.0,68,10,100,4
10,1,7000.0,67,10,100,4
10,1,7005.0,69,10,100,4
10,1,7010.0,69,10,100,4
10,1,7015.0,69,10,100,4
10,1,7020.0,69,10,100,4
10,1,7025.0,70,10,100,4
10,1,7030.0,72,10,100,4
10,1,7035.0,73,10,100,4
10,1,7040.0,73,10,100,4
10,1,7045.0,70,10,100,4
10,1,7050.0,70,10,100,4
10,1,7055.0,70,10,100,4
10,1,7060.0,69,10,100,4
10,1,7065.0,69,10,100,4
10,1,7070.0,68,10,100,4
10,1,7075.0,68,10,100,4
10,1,7080.0,68,10,100,4
10,1,7085.0,68,10,100,4
10,1,7090.0,67,10,100,4
10,1,7095.0,66,10,100,4
10,1,7100.0,66,10,100,4
10,1,7105.0,66,10,100,4
10,1,7110.0,66,10,100,4
10,1,7115.0,66,10,100,4
10,1,7120.0,67,10,100,4
10,1,7125.0,67,10,100,4
10,1,7130.0,67,10,100,4
10,1,7135.0,67,10,100,4
10,1,7140.0,69,10,100,4
10,1,7145.0,69,10,100,4
10,1,7150.0,68,10,100,4
10,1,7155.0,68,10,100,4
10,1,7160.0,68,10,100,4
10,1,7165.0,68,10,100,4
10,1,7170.0,68,10,100,4
10,1,7175.0,69,10,100,4
10,1,7180.0,70,10,100,4
10,1,7185.0,70,10,100,4
10,1,7190.0,69,10,100,4
10,1,7195.0,70,10,100,4
10,1,7200.0,70,10,100,4
10,1,7205.0,70,10,100,4
10,1,7210.0,71,10,100,4
10,1,7215.0,71,10,100,4
10,1,7220.0,71,10,100,4
10,1,7225.0,71,10,100,4
10,1,7230.0,71,10,100,4
10,1,7235.0,72,10,100,4
10,1,7240.0,71,10,100,4
10,1,7245.0,71,10,100,4
10,1,7250.0,72,10,100,4
10,1,7255.0,72,10,100,4
10,1,7260.0,72,10,100,4
10,1,7265.0,71,10,100,4
10,1,7270.0,71,10,100,4
10,1,7275.0,71,10,100,4
10,1,7280.0,74,10,100,4
10,1,7285.0,74,10,100,4
10,1,7290.0,72,10,100,4
10,1,7295.0,72,10,100,4
10,1,7300.0,74,10,100,4
10,1,7305.0,75,10,100,4
10,1,7310.0,75,10,100,4
10,1,7315.0,75,10,100,4
10,1,7320.0,75,10,100,4
10,1,7325.0,75,10,100,4
10,1,7330.0,75,10,100,4
10,1,7335.0,75,10,100,4
10,1,7340.0,75,10,100,4
10,1,7345.0,74,10,100,4
10,1,7350.0,73,10,100,4
10,1,7355.0,73,10,100,4
10,1,7360.0,73,10,100,4
10,1,7365.0,74,10,100,4
10,1,7370.0,74,10,100,4
10,1,7375.0,74,10,100,4
10,1,7380.0,74,10,100,4
10,1,7385.0,75,10,100,4
10,1,7390.0,75,10,100,4
10,1,7395.0,77,10,100,4
10,1,7400.0,77,10,100,4
10,1,7405.0,77,10,100,4
10,1,7410.0,77,10,100,4
10,1,7415.0,77,10,100,4
10,1,7420.0,77,10,100,4
10,1,7425.0,76,10,100,4
10,1,7430.0,76,10,100,4
10,1,7435.0,76,10,100,4
10,1,7440.0,77,10,100,4
10,1,7445.0,77,10,100,4
10,1,7450.0,77,10,100,4
10,1,7455.0,78,10,100,4
10,1,7460.0,76,10,100,4
10,1,7465.0,76,10,100,4
10,1,7470.0,76,10,100,4
10,1,7475.0,76,10,100,4
10,1,7480.0,76,10,100,4
10,1,7485.0,76,10,100,4
10,1,7490.0,78,10,100,4
10,1,7495.0,78,10,100,4
10,1,7500.0,77,10,100,4
10,1,7505.0,77,10,100,4
10,1,7510.0,77,10,100,4
10,1,7515.0,77,10,100,4
10,1,7520.0,75,10,100,4
10,1,7525.0,75,10,100,4
11,1,5.0,100,10,100,5
11,1,10.0,99,10,100,5
11,1,15.0,98,10,100,5
11,1,20.0,96,10,100,5
11,1,25.0,96,10,100,5
11,1,30.0,95,10,100,5
11,1,35.0,95,10,100,5
11,1,40.0,95,10,100,5
11,1,45.0,95,10,100,5
11,1,50.0,94,10,100,5
11,1,55.0,94,10,100,5
11,1,60.0,94,10,100,5
11,1,65.0,95,10,100,5
11,1,70.0,95,10,100,5
11,1,75.0,94,10,100,5
11,1,80.0,93,10,100,5
11,1,85.0,93,10,100,5
11,1,90.0,92,10,100,5
11,1,95.0,89,10,100,5
11,1,100.0,88,10,100,5
11,1,105.0,88,10,100,5
11,1,110.0,88,10,100,5
11,1,115.0,88,10,100,5
11,1,120.0,87,10,100,5
11,1,125.0,87,10,100,5
11,1,130.0,87,10,100,5
11,1,135.0,86,10,100,5
11,1,140.0,85,10,100,5
11,1,145.0,85,10,100,5
11,1,150.0,84,10,100,5
11,1,155.0,84,10,100,5
11,1,160.0,83,10,100,5
11,1,165.0,83,10,100,5
11,1,170.0,83,10,100,5
11,1,175.0,83,10,100,5
11,1,180.0,83,10,100,5
11,1,185.0,82,10,100,5
11,1,190.0,82,10,100,5
11,1,195.0,81,10,100,5
11,1,200.0,81,10,100,5
11,1,205.0,78,10,100,5
11,1,210.0,77,10,100,5
11,1,215.0,77,10,100,5
11,1,220.0,76,10,100,5
11,1,225.0,74,10,100,5
11,1,230.0,74,10,100,5
11,1,235.0,75,10,100,5
11,1,240.0,74,10,100,5
11,1,245.0,74,10,100,5
11,1,250.0,73,10,100,5
11,1,255.0,73,10,100,5
11,1,260.0,73,10,100,5
11,1,265.0,74,10,100,5
11,1,270.0,72,10,100,5
11,1,275.0,74,10,100,5
11,1,280.0,74,10,100,5
11,1,285.0,75,10,100,5
11,1,290.0,77,10,100,5
11,1,295.0,77,10,100,5
11,1,300.0,78,10,100,5
11,1,305.0,79,10,100,5
11,1,310.0,78,10,100,5
11,1,315.0,78,10,100,5
11,1,320.0,78,10,100,5
11,1,325.0,76,10,100,5
11,1,330.0,75,10,100,5
11,1,335.0,76,10,100,5
11,1,340.0,76,10,100,5
11,1,345.0,76,10,100,5
11,1,350.0,75,10,100,5
11,1,355.0,75,10,100,5
11,1,360.0,75,10,100,5
11,1,365.0,75,10,100,5
11,1,370.0,75,10,100,5
11,1,375.0,75,10,100,5
11,1,380.0,75,10,100,5
11,1,385.0,74,10,100,5
11,1,390.0,74,10,100,5
11,1,395.0,74,10,100,5
11,1,400.0,74,10,100,5
11,1,405.0,76,10,100,5
11,1,410.0,75,10,100,5
11,1,415.0,75,10,100,5
11,1,420.0,73,10,100,5
11,1,425.0,74,10,100,5
11,1,430.0,74,10,100,5
11,1,435.0,74,10,100,5
11,1,440.0,73,10,100,5
11,1,445.0,73,10,100,5
11,1,450.0,73,10,100,5
11,1,455.0,70,10,100,5
11,1,460.0,69,10,100,5
11,1,465.0,69,10,100,5
11,1,470.0,69,10,100,5
11,1,475.0,69,10,100,5
11,1,480.0,70,10,100,5
11,1,485.0,70,10,100,5
11,1,490.0,71,10,100,5
11,1,495.0,70,10,100,5
11,1,500.0,71,10,100,5
11,1,505.0,71,10,100,5
11,1,510.0,71,10,100,5
11,1,515.0,71,10,100,5
11,1,520.0,70,10,100,5
11,1,525.0,70,10,100,5
11,1,530.0,72,10,100,5
11,1,535.0,71,10,100,5
11,1,540.0,71,10,100,5
11,1,545.0,71,10,100,5
11,1,550.0,70,10,100,5
11,1,555.0,70,10,100,5
11,1,560.0,70,10,100,5
11,1,565.0,70,10,100,5
11,1,570.0,70,10,100,5
11,1,575.0,71,10,100,5
11,1,580.0,71,10,100,5
11,1,585.0,70,10,100,5
11,1,590.0,70,10,100,5
11,1,595.0,71,10,100,5
11,1,600.0,70,10,100,5
11,1,605.0,72,10,100,5
11,1,610.0,71,10,100,5
11,1,615.0,72,10,100,5
11,1,620.0,72,10,100,5
11,1,625.0,72,10,100,5
11,1,630.0,72,10,100,5
11,1,635.0,71,10,100,5
11,1,640.0,71,10,100,5
11,1,645.0,69,10,100,5
11,1,650.0,70,10,100,5
11,1,655.0,68,10,100,5
11,1,660.0,69,10,100,5
11,1,665.0,69,10,100,5
11,1,670.0,69,10,100,5
11,1,675.0,68,10,100,5
11,1,680.0,68,10,100,5
11,1,685.0,68,10,100,5
11,1,690.0,68,10,100,5
11,1,695.0,68,10,100,5
11,1,700.0,68,10,100,5
11,1,705.0,68,10,100,5
11,1,710.0,68,10,100,5
11,1,715.0,69,10,100,5
11,1,720.0,73,10,100,5
11,1,725.0,73,10,100,5
11,1,730.0,73,10,100,5
11,1,735.0,74,10,100,5
11,1,740.0,74,10,100,5
11,1,745.0,74,10,100,5
11,1,750.0,75,10,100,5
11,1,755.0,75,10,100,5
11,1,760.0,75,10,100,5
11,1,765.0,76,10,100,5
11,1,770.0,75,10,100,5
11,1,775.0,74,10,100,5
11,1,780.0,74,10,100,5
11,1,785.0,73,10,100,5
11,1,790.0,74,10,100,5
11,1,795.0,75,10,100,5
11,1,800.0,76,10,100,5
11,1,805.0,76,10,100,5
11,1,810.0,76,10,100,5
11,1,815.0,75,10,100,5
11,1,820.0,75,10,100,5
11,1,825.0,74,10,100,5
11,1,830.0,74,10,100,5
11,1,835.0,75,10,100,5
11,1,840.0,76,10,100,5
11,1,845.0,77,10,100,5
11,1,850.0,77,10,100,5
11,1,855.0,78,10,100,5
11,1,860.0,78,10,100,5
11,1,865.0,78,10,100,5
11,1,870.0,79,10,100,5
11,1,875.0,78,10,100,5
11,1,880.0,79,10,100,5
11,1,885.0,79,10,100,5
11,1,890.0,80,10,100,5
11,1,895.0,80,10,100,5
11,1,900.0,79,10,100,5
11,1,905.0,79,10,100,5
11,1,910.0,80,10,100,5
11,1,915.0,80,10,100,5
11,1,920.0,79,10,100,5
11,1,925.0,79,10,100,5
11,1,930.0,79,10,100,5
11,1,935.0,80,10,100,5
11,1,940.0,79,10,100,5
11,1,945.0,78,10,100,5
11,1,950.0,76,10,100,5
11,1,955.0,77,10,100,5
11,1,960.0,78,10,100,5
11,1,965.0,79,10,100,5
11,1,970.0,80,10,100,5
11,1,975.0,79,10,100,5
11,1,980.0,79,10,100,5
11,1,985.0,80,10,100,5
11,1,990.0,80,10,100,5
11,1,995.0,80,10,100,5
11,1,1000.0,80,10,100,5
11,1,1005.0,79,10,100,5
11,1,1010.0,78,10,100,5
11,1,1015.0,78,10,100,5
11,1,1020.0,78,10,100,5
11,1,1025.0,78,10,100,5
11,1,1030.0,78,10,100,5
11,1,1035.0,78,10,100,5
11,1,1040.0,78,10,100,5
11,1,1045.0,77,10,100,5
11,1,1050.0,77,10,100,5
11,1,1055.0,76,10,100,5
11,1,1060.0,76,10,100,5
11,1,1065.0,74,10,100,5
11,1,1070.0,74,10,100,5
11,1,1075.0,73,10,100,5
11,1,1080.0,74,10,100,5
11,1,1085.0,74,10,100,5
11,1,1090.0,76,10,100,5
11,1,1095.0,76,10,100,5
11,1,1100.0,76,10,100,5
11,1,1105.0,75,10,100,5
11,1,1110.0,76,10,100,5
11,1,1115.0,77,10,100,5
11,1,1120.0,76,10,100,5
11,1,1125.0,76,10,100,5
11,1,1130.0,77,10,100,5
11,1,1135.0,78,10,100,5
11,1,1140.0,78,10,100,5
11,1,1145.0,78,10,100,5
11,1,1150.0,77,10,100,5
11,1,1155.0,77,10,100,5
11,1,1160.0,77,10,100,5
11,1,1165.0,78,10,100,5
11,1,1170.0,78,10,100,5
11,1,1175.0,78,10,100,5
11,1,1180.0,78,10,100,5
11,1,1185.0,78,10,100,5
11,1,1190.0,78,10,100,5
11,1,1195.0,78,10,100,5
11,1,1200.0,77,10,100,5
11,1,1205.0,76,10,100,5
11,1,1210.0,76,10,100,5
11,1,1215.0,78,10,100,5
11,1,1220.0,78,10,100,5
11,1,1225.0,78,10,100,5
11,1,1230.0,79,10,100,5
11,1,1235.0,79,10,100,5
11,1,1240.0,79,10,100,5
11,1,1245.0,77,10,100,5
11,1,1250.0,77,10,100,5
11,1,1255.0,79,10,100,5
11,1,1260.0,78,10,100,5
11,1,1265.0,76,10,100,5
11,1,1270.0,76,10,100,5
11,1,1275.0,75,10,100,5
11,1,1280.0,75,10,100,5
11,1,1285.0,75,10,100,5
11,1,1290.0,74,10,100,5
11,1,1295.0,75,10,100,5
11,1,1300.0,74,10,100,5
11,1,1305.0,73,10,100,5
11,1,1310.0,73,10,100,5
11,1,1315.0,73,10,100,5
11,1,1320.0,74,10,100,5
11,1,1325.0,74,10,100,5
11,1,1330.0,74,10,100,5
11,1,1335.0,73,10,100,5
11,1,1340.0,72,10,100,5
11,1,1345.0,72,10,100,5
11,1,1350.0,73,10,100,5
11,1,1355.0,73,10,100,5
11,1,1360.0,73,10,100,5
11,1,1365.0,74,10,100,5
11,1,1370.0,75,10,100,5
11,1,1375.0,75,10,100,5
11,1,1380.0,75,10,100,5
11,1,1385.0,77,10,100,5
11,1,1390.0,79,10,100,5
11,1,1395.0,79,10,100,5
11,1,1400.0,80,10,100,5
11,1,1405.0,81,10,100,5
11,1,1410.0,81,10,100,5
11,1,1415.0,80,10,100,5
11,1,1420.0,81,10,100,5
11,1,1425.0,81,10,100,5
11,1,1430.0,81,10,100,5
11,1,1435.0,80,10,100,5
11,1,1440.0,80,10,100,5
11,1,1445.0,81,10,100,5
11,1,1450.0,83,10,100,5
11,1,1455.0,83,10,100,5
11,1,1460.0,84,10,100,5
11,1,1465.0,84,10,100,5
11,1,1470.0,84,10,100,5
11,1,1475.0,85,10,100,5
11,1,1480.0,83,10,100,5
11,1,1485.0,83,10,100,5
11,1,1490.0,83,10,100,5
11,1,1495.0,83,10,100,5
11,1,1500.0,82,10,100,5
11,1,1505.0,79,10,100,5
11,1,1510.0,79,10,100,5
11,1,1515.0,79,10,100,5
11,1,1520.0,79,10,100,5
11,1,1525.0,78,10,100,5
11,1,1530.0,78,10,100,5
11,1,1535.0,78,10,100,5
11,1,1540.0,78,10,100,5
11,1,1545.0,78,10,100,5
11,1,1550.0,78,10,100,5
11,1,1555.0,78,10,100,5
11,1,1560.0,78,10,100,5
11,1,1565.0,77,10,100,5
11,1,1570.0,76,10,100,5
11,1,1575.0,75,10,100,5
11,1,1580.0,74,10,100,5
11,1,1585.0,73,10,100,5
11,1,1590.0,74,10,100,5
11,1,1595.0,74,10,100,5
11,1,1600.0,74,10,100,5
11,1,1605.0,75,10,100,5
11,1,1610.0,75,10,100,5
11,1,1615.0,73,10,100,5
11,1,1620.0,74,10,100,5
11,1,1625.0,73,10,100,5
11,1,1630.0,72,10,100,5
11,1,1635.0,73,10,100,5
11,1,1640.0,73,10,100,5
11,1,1645.0,73,10,100,5
11,1,1650.0,74,10,100,5
11,1,1655.0,75,10,100,5
11,1,1660.0,76,10,100,5
11,1,1665.0,76,10,100,5
11,1,1670.0,76,10,100,5
11,1,1675.0,77,10,100,5
11,1,1680.0,77,10,100,5
11,1,1685.0,78,10,100,5
11,1,1690.0,77,10,100,5
11,1,1695.0,76,10,100,5
11,1,1700.0,76,10,100,5
11,1,1705.0,76,10,100,5
11,1,1710.0,76,10,100,5
11,1,1715.0,77,10,100,5
11,1,1720.0,76,10,100,5
11,1,1725.0,76,10,100,5
11,1,1730.0,77,10,100,5
11,1,1735.0,77,10,100,5
11,1,1740.0,78,10,100,5
11,1,1745.0,78,10,100,5
11,1,1750.0,77,10,100,5
11,1,1755.0,77,10,100,5
11,1,1760.0,77,10,100,5
11,1,1765.0,77,10,100,5
11,1,1770.0,77,10,100,5
11,1,1775.0,77,10,100,5
11,1,1780.0,77,10,100,5
11,1,1785.0,77,10,100,5
11,1,1790.0,76,10,100,5
11,1,1795.0,76,10,100,5
11,1,1800.0,75,10,100,5
11,1,1805.0,75,10,100,5
11,1,1810.0,74,10,100,5
11,1,1815.0,75,10,100,5
11,1,1820.0,75,10,100,5
11,1,1825.0,74,10,100,5
11,1,1830.0,73,10,100,5
11,1,1835.0,72,10,100,5
11,1,1840.0,71,10,100,5
11,1,1845.0,70,10,100,5
11,1,1850.0,69,10,100,5
11,1,1855.0,70,10,100,5
11,1,1860.0,67,10,100,5
11,1,1865.0,67,10,100,5
11,1,1870.0,66,10,100,5
11,1,1875.0,66,10,100,5
11,1,1880.0,66,10,100,5
11,1,1885.0,67,10,100,5
11,1,1890.0,66,10,100,5
11,1,1895.0,66,10,100,5
11,1,1900.0,66,10,100,5
11,1,1905.0,66,10,100,5
11,1,1910.0,66,10,100,5
11,1,1915.0,66,10,100,5
11,1,1920.0,65,10,100,5
11,1,1925.0,64,10,100,5
11,1,1930.0,63,10,100,5
11,1,1935.0,63,10,100,5
11,1,1940.0,63,10,100,5
11,1,1945.0,63,10,100,5
11,1,1950.0,64,10,100,5
11,1,1955.0,65,10,100,5
11,1,1960.0,65,10,100,5
11,1,1965.0,64,10,100,5
11,1,1970.0,63,10,100,5
11,1,1975.0,64,10,100,5
11,1,1980.0,64,10,100,5
11,1,1985.0,65,10,100,5
11,1,1990.0,65,10,100,5
11,1,1995.0,64,10,100,5
11,1,2000.0,64,10,100,5
11,1,2005.0,66,10,100,5
11,1,2010.0,65,10,100,5
11,1,2015.0,66,10,100,5
11,1,2020.0,68,10,100,5
11,1,2025.0,68,10,100,5
11,1,2030.0,67,10,100,5
11,1,2035.0,67,10,100,5
11,1,2040.0,67,10,100,5
11,1,2045.0,67,10,100,5
11,1,2050.0,64,10,100,5
11,1,2055.0,65,10,100,5
11,1,2060.0,65,10,100,5
11,1,2065.0,66,10,100,5
11,1,2070.0,66,10,100,5
11,1,2075.0,66,10,100,5
11,1,2080.0,67,10,100,5
11,1,2085.0,67,10,100,5
11,1,2090.0,67,10,100,5
11,1,2095.0,68,10,100,5
11,1,2100.0,67,10,100,5
11,1,2105.0,67,10,100,5
11,1,2110.0,67,10,100,5
11,1,2115.0,67,10,100,5
11,1,2120.0,68,10,100,5
11,1,2125.0,68,10,100,5
11,1,2130.0,68,10,100,5
11,1,2135.0,68,10,100,5
11,1,2140.0,67,10,100,5
11,1,2145.0,67,10,100,5
11,1,2150.0,67,10,100,5
11,1,2155.0,68,10,100,5
11,1,2160.0,68,10,100,5
11,1,2165.0,68,10,100,5
11,1,2170.0,67,10,100,5
11,1,2175.0,66,10,100,5
11,1,2180.0,65,10,100,5
11,1,2185.0,64,10,100,5
11,1,2190.0,65,10,100,5
11,1,2195.0,64,10,100,5
11,1,2200.0,63,10,100,5
11,1,2205.0,64,10,100,5
11,1,2210.0,67,10,100,5
11,1,2215.0,67,10,100,5
11,1,2220.0,67,10,100,5
11,1,2225.0,66,10,100,5
11,1,2230.0,66,10,100,5
11,1,2235.0,66,10,100,5
11,1,2240.0,66,10,100,5
11,1,2245.0,66,10,100,5
11,1,2250.0,66,10,100,5
11,1,2255.0,65,10,100,5
11,1,2260.0,65,10,100,5
11,1,2265.0,65,10,100,5
11,1,2270.0,66,10,100,5
11,1,2275.0,69,10,100,5
11,1,2280.0,69,10,100,5
11,1,2285.0,69,10,100,5
11,1,2290.0,70,10,100,5
11,1,2295.0,70,10,100,5
11,1,2300.0,70,10,100,5
11,1,2305.0,73,10,100,5
11,1,2310.0,73,10,100,5
11,1,2315.0,73,10,100,5
11,1,2320.0,72,10,100,5
11,1,2325.0,72,10,100,5
11,1,2330.0,72,10,100,5
11,1,2335.0,72,10,100,5
11,1,2340.0,71,10,100,5
11,1,2345.0,70,10,100,5
11,1,2350.0,69,10,100,5
11,1,2355.0,69,10,100,5
11,1,2360.0,69,10,100,5
11,1,2365.0,68,10,100,5
11,1,2370.0,69,10,100,5
11,1,2375.0,69,10,100,5
11,1,2380.0,69,10,100,5
11,1,2385.0,69,10,100,5
11,1,2390.0,68,10,100,5
11,1,2395.0,70,10,100,5
11,1,2400.0,70,10,100,5
11,1,2405.0,71,10,100,5
11,1,2410.0,71,10,100,5
11,1,2415.0,72,10,100,5
11,1,2420.0,72,10,100,5
11,1,2425.0,74,10,100,5
11,1,2430.0,75,10,100,5
11,1,2435.0,76,10,100,5
11,1,2440.0,76,10,100,5
11,1,2445.0,76,10,100,5
11,1,2450.0,77,10,100,5
11,1,2455.0,76,10,100,5
11,1,2460.0,75,10,100,5
11,1,2465.0,75,10,100,5
11,1,2470.0,75,10,100,5
11,1,2475.0,75,10,100,5
11,1,2480.0,75,10,100,5
11,1,2485.0,75,10,100,5
11,1,2490.0,75,10,100,5
11,1,2495.0,75,10,100,5
11,1,2500.0,73,10,100,5
11,1,2505.0,74,10,100,5
11,1,2510.0,74,10,100,5
11,1,2515.0,74,10,100,5
11,1,2520.0,74,10,100,5
11,1,2525.0,73,10,100,5
11,1,2530.0,73,10,100,5
11,1,2535.0,73,10,100,5
11,1,2540.0,73,10,100,5
11,1,2545.0,73,10,100,5
11,1,2550.0,72,10,100,5
11,1,2555.0,74,10,100,5
11,1,2560.0,73,10,100,5
11,1,2565.0,73,10,100,5
11,1,2570.0,73,10,100,5
11,1,2575.0,72,10,100,5
11,1,2580.0,72,10,100,5
11,1,2585.0,72,10,100,5
11,1,2590.0,72,10,100,5
11,1,2595.0,72,10,100,5
11,1,2600.0,73,10,100,5
11,1,2605.0,73,10,100,5
11,1,2610.0,75,10,100,5
11,1,2615.0,75,10,100,5
11,1,2620.0,75,10,100,5
11,1,2625.0,75,10,100,5
11,1,2630.0,75,10,100,5
11,1,2635.0,75,10,100,5
11,1,2640.0,75,10,100,5
11,1,2645.0,76,10,100,5
11,1,2650.0,76,10,100,5
11,1,2655.0,76,10,100,5
11,1,2660.0,76,10,100,5
11,1,2665.0,75,10,100,5
11,1,2670.0,75,10,100,5
11,1,2675.0,74,10,100,5
11,1,2680.0,74,10,100,5
11,1,2685.0,75,10,100,5
11,1,2690.0,75,10,100,5
11,1,2695.0,75,10,100,5
11,1,2700.0,76,10,100,5
11,1,2705.0,75,10,100,5
11,1,2710.0,75,10,100,5
11,1,2715.0,76,10,100,5
11,1,2720.0,76,10,100,5
11,1,2725.0,77,10,100,5
11,1,2730.0,75,10,100,5
11,1,2735.0,76,10,100,5
11,1,2740.0,77,10,100,5
11,1,2745.0,77,10,100,5
11,1,2750.0,75,10,100,5
11,1,2755.0,76,10,100,5
11,1,2760.0,76,10,100,5
11,1,2765.0,76,10,100,5
11,1,2770.0,77,10,100,5
11,1,2775.0,76,10,100,5
11,1,2780.0,75,10,100,5
11,1,2785.0,75,10,100,5
11,1,2790.0,76,10,100,5
11,1,2795.0,76,10,100,5
11,1,2800.0,78,10,100,5
11,1,2805.0,78,10,100,5
11,1,2810.0,78,10,100,5
11,1,2815.0,78,10,100,5
11,1,2820.0,78,10,100,5
11,1,2825.0,77,10,100,5
11,1,2830.0,77,10,100,5
11,1,2835.0,78,10,100,5
11,1,2840.0,79,10,100,5
11,1,2845.0,79,10,100,5
11,1,2850.0,79,10,100,5
11,1,2855.0,80,10,100,5
11,1,2860.0,83,10,100,5
11,1,2865.0,83,10,100,5
11,1,2870.0,84,10,100,5
11,1,2875.0,84,10,100,5
11,1,2880.0,84,10,100,5
11,1,2885.0,84,10,100,5
11,1,2890.0,84,10,100,5
11,1,2895.0,83,10,100,5
11,1,2900.0,82,10,100,5
11,1,2905.0,82,10,100,5
11,1,2910.0,82,10,100,5
11,1,2915.0,82,10,100,5
11,1,2920.0,82,10,100,5
11,1,2925.0,80,10,100,5
11,1,2930.0,80,10,100,5
11,1,2935.0,80,10,100,5
11,1,2940.0,79,10,100,5
11,1,2945.0,79,10,100,5
11,1,2950.0,79,10,100,5
11,1,2955.0,78,10,100,5
11,1,2960.0,79,10,100,5
11,1,2965.0,79,10,100,5
11,1,2970.0,78,10,100,5
11,1,2975.0,78,10,100,5
11,1,2980.0,78,10,100,5
11,1,2985.0,78,10,100,5
11,1,2990.0,79,10,100,5
11,1,2995.0,80,10,100,5
11,1,3000.0,78,10,100,5
11,1,3005.0,78,10,100,5
11,1,3010.0,78,10,100,5
11,1,3015.0,78,10,100,5
11,1,3020.0,78,10,100,5
11,1,3025.0,78,10,100,5
11,1,3030.0,78,10,100,5
11,1,3035.0,79,10,100,5
11,1,3040.0,79,10,100,5
11,1,3045.0,79,10,100,5
11,1,3050.0,79,10,100,5
11,1,3055.0,79,10,100,5
11,1,3060.0,79,10,100,5
11,1,3065.0,78,10,100,5
11,1,3070.0,78,10,100,5
11,1,3075.0,78,10,100,5
11,1,3080.0,78,10,100,5
11,1,3085.0,78,10,100,5
11,1,3090.0,76,10,100,5
11,1,3095.0,78,10,100,5
11,1,3100.0,78,10,100,5
11,1,3105.0,78,10,100,5
11,1,3110.0,78,10,100,5
11,1,3115.0,78,10,100,5
11,1,3120.0,76,10,100,5
11,1,3125.0,75,10,100,5
11,1,3130.0,76,10,100,5
11,1,3135.0,77,10,100,5
11,1,3140.0,76,10,100,5
11,1,3145.0,76,10,100,5
11,1,3150.0,75,10,100,5
11,1,3155.0,74,10,100,5
11,1,3160.0,72,10,100,5
11,1,3165.0,73,10,100,5
11,1,3170.0,74,10,100,5
11,1,3175.0,75,10,100,5
11,1,3180.0,77,10,100,5
11,1,3185.0,77,10,100,5
11,1,3190.0,77,10,100,5
11,1,3195.0,79,10,100,5
11,1,3200.0,79,10,100,5
11,1,3205.0,78,10,100,5
11,1,3210.0,78,10,100,5
11,1,3215.0,77,10,100,5
11,1,3220.0,77,10,100,5
11,1,3225.0,78,10,100,5
11,1,3230.0,79,10,100,5
11,1,3235.0,79,10,100,5
11,1,3240.0,78,10,100,5
11,1,3245.0,79,10,100,5
11,1,3250.0,79,10,100,5
11,1,3255.0,77,10,100,5
11,1,3260.0,78,10,100,5
11,1,3265.0,76,10,100,5
11,1,3270.0,76,10,100,5
11,1,3275.0,76,10,100,5
11,1,3280.0,75,10,100,5
11,1,3285.0,75,10,100,5
11,1,3290.0,74,10,100,5
11,1,3295.0,73,10,100,5
11,1,3300.0,75,10,100,5
11,1,3305.0,73,10,100,5
11,1,3310.0,74,10,100,5
11,1,3315.0,73,10,100,5
11,1,3320.0,74,10,100,5
11,1,3325.0,74,10,100,5
11,1,3330.0,72,10,100,5
11,1,3335.0,71,10,100,5
11,1,3340.0,68,10,100,5
11,1,3345.0,68,10,100,5
11,1,3350.0,68,10,100,5
11,1,3355.0,68,10,100,5
11,1,3360.0,69,10,100,5
11,1,3365.0,68,10,100,5
11,1,3370.0,68,10,100,5
11,1,3375.0,68,10,100,5
11,1,3380.0,68,10,100,5
11,1,3385.0,68,10,100,5
11,1,3390.0,66,10,100,5
11,1,3395.0,66,10,100,5
11,1,3400.0,67,10,100,5
11,1,3405.0,67,10,100,5
11,1,3410.0,69,10,100,5
11,1,3415.0,68,10,100,5
11,1,3420.0,68,10,100,5
11,1,3425.0,71,10,100,5
11,1,3430.0,71,10,100,5
11,1,3435.0,70,10,100,5
11,1,3440.0,69,10,100,5
11,1,3445.0,69,10,100,5
11,1,3450.0,69,10,100,5
11,1,3455.0,69,10,100,5
11,1,3460.0,70,10,100,5
11,1,3465.0,70,10,100,5
11,1,3470.0,72,10,100,5
11,1,3475.0,72,10,100,5
11,1,3480.0,72,10,100,5
11,1,3485.0,73,10,100,5
11,1,3490.0,73,10,100,5
11,1,3495.0,72,10,100,5
11,1,3500.0,73,10,100,5
11,1,3505.0,72,10,100,5
11,1,3510.0,72,10,100,5
11,1,3515.0,72,10,100,5
11,1,3520.0,71,10,100,5
11,1,3525.0,72,10,100,5
11,1,3530.0,72,10,100,5
11,1,3535.0,73,10,100,5
11,1,3540.0,72,10,100,5
11,1,3545.0,73,10,100,5
11,1,3550.0,73,10,100,5
11,1,3555.0,73,10,100,5
11,1,3560.0,74,10,100,5
11,1,3565.0,74,10,100,5
11,1,3570.0,72,10,100,5
11,1,3575.0,73,10,100,5
11,1,3580.0,73,10,100,5
11,1,3585.0,73,10,100,5
11,1,3590.0,74,10,100,5
11,1,3595.0,75,10,100,5
11,1,3600.0,76,10,100,5
11,1,3605.0,77,10,100,5
11,1,3610.0,77,10,100,5
11,1,3615.0,77,10,100,5
11,1,3620.0,76,10,100,5
11,1,3625.0,76,10,100,5
11,1,3630.0,76,10,100,5
11,1,3635.0,77,10,100,5
11,1,3640.0,77,10,100,5
11,1,3645.0,76,10,100,5
11,1,3650.0,77,10,100,5
11,1,3655.0,76,10,100,5
11,1,3660.0,76,10,100,5
11,1,3665.0,76,10,100,5
11,1,3670.0,75,10,100,5
11,1,3675.0,75,10,100,5
11,1,3680.0,75,10,100,5
11,1,3685.0,75,10,100,5
11,1,3690.0,74,10,100,5
11,1,3695.0,74,10,100,5
11,1,3700.0,74,10,100,5
11,1,3705.0,75,10,100,5
11,1,3710.0,75,10,100,5
11,1,3715.0,74,10,100,5
11,1,3720.0,74,10,100,5
11,1,3725.0,74,10,100,5
11,1,3730.0,74,10,100,5
11,1,3735.0,73,10,100,5
11,1,3740.0,73,10,100,5
11,1,3745.0,73,10,100,5
11,1,3750.0,73,10,100,5
11,1,3755.0,73,10,100,5
11,1,3760.0,74,10,100,5
11,1,3765.0,74,10,100,5
11,1,3770.0,73,10,100,5
11,1,3775.0,70,10,100,5
11,1,3780.0,72,10,100,5
11,1,3785.0,72,10,100,5
11,1,3790.0,72,10,100,5
11,1,3795.0,71,10,100,5
11,1,3800.0,71,10,100,5
11,1,3805.0,72,10,100,5
11,1,3810.0,72,10,100,5
11,1,3815.0,70,10,100,5
11,1,3820.0,70,10,100,5
11,1,3825.0,69,10,100,5
11,1,3830.0,69,10,100,5
11,1,3835.0,68,10,100,5
11,1,3840.0,68,10,100,5
11,1,3845.0,67,10,100,5
11,1,3850.0,67,10,100,5
11,1,3855.0,68,10,100,5
11,1,3860.0,65,10,100,5
11,1,3865.0,65,10,100,5
11,1,3870.0,65,10,100,5
11,1,3875.0,64,10,100,5
11,1,3880.0,64,10,100,5
11,1,3885.0,64,10,100,5
11,1,3890.0,64,10,100,5
11,1,3895.0,64,10,100,5
11,1,3900.0,64,10,100,5
11,1,3905.0,67,10,100,5
11,1,3910.0,66,10,100,5
11,1,3915.0,66,10,100,5
11,1,3920.0,66,10,100,5
11,1,3925.0,66,10,100,5
11,1,3930.0,66,10,100,5
11,1,3935.0,66,10,100,5
11,1,3940.0,66,10,100,5
11,1,3945.0,66,10,100,5
11,1,3950.0,65,10,100,5
11,1,3955.0,64,10,100,5
11,1,3960.0,65,10,100,5
11,1,3965.0,65,10,100,5
11,1,3970.0,65,10,100,5
11,1,3975.0,65,10,100,5
11,1,3980.0,65,10,100,5
11,1,3985.0,64,10,100,5
11,1,3990.0,65,10,100,5
11,1,3995.0,65,10,100,5
11,1,4000.0,64,10,100,5
11,1,4005.0,64,10,100,5
11,1,4010.0,64,10,100,5
11,1,4015.0,63,10,100,5
11,1,4020.0,63,10,100,5
11,1,4025.0,64,10,100,5
11,1,4030.0,62,10,100,5
11,1,4035.0,62,10,100,5
11,1,4040.0,64,10,100,5
11,1,4045.0,63,10,100,5
11,1,4050.0,63,10,100,5
11,1,4055.0,63,10,100,5
11,1,4060.0,63,10,100,5
11,1,4065.0,62,10,100,5
11,1,4070.0,61,10,100,5
11,1,4075.0,62,10,100,5
11,1,4080.0,62,10,100,5
11,1,4085.0,61,10,100,5
11,1,4090.0,60,10,100,5
11,1,4095.0,61,10,100,5
11,1,4100.0,61,10,100,5
11,1,4105.0,62,10,100,5
11,1,4110.0,62,10,100,5
11,1,4115.0,59,10,100,5
11,1,4120.0,60,10,100,5
11,1,4125.0,60,10,100,5
11,1,4130.0,59,10,100,5
11,1,4135.0,59,10,100,5
11,1,4140.0,60,10,100,5
11,1,4145.0,58,10,100,5
11,1,4150.0,58,10,100,5
11,1,4155.0,58,10,100,5
11,1,4160.0,58,10,100,5
11,1,4165.0,59,10,100,5
11,1,4170.0,58,10,100,5
11,1,4175.0,59,10,100,5
11,1,4180.0,58,10,100,5
11,1,4185.0,58,10,100,5
11,1,4190.0,58,10,100,5
11,1,4195.0,57,10,100,5
11,1,4200.0,56,10,100,5
11,1,4205.0,57,10,100,5
11,1,4210.0,56,10,100,5
11,1,4215.0,57,10,100,5
11,1,4220.0,57,10,100,5
11,1,4225.0,57,10,100,5
11,1,4230.0,59,10,100,5
11,1,4235.0,59,10,100,5
11,1,4240.0,57,10,100,5
11,1,4245.0,58,10,100,5
11,1,4250.0,59,10,100,5
11,1,4255.0,59,10,100,5
11,1,4260.0,61,10,100,5
11,1,4265.0,61,10,100,5
11,1,4270.0,63,10,100,5
11,1,4275.0,61,10,100,5
11,1,4280.0,61,10,100,5
11,1,4285.0,61,10,100,5
11,1,4290.0,60,10,100,5
11,1,4295.0,60,10,100,5
11,1,4300.0,60,10,100,5
11,1,4305.0,61,10,100,5
11,1,4310.0,61,10,100,5
11,1,4315.0,63,10,100,5
11,1,4320.0,62,10,100,5
11,1,4325.0,62,10,100,5
11,1,4330.0,62,10,100,5
11,1,4335.0,62,10,100,5
11,1,4340.0,62,10,100,5
11,1,4345.0,62,10,100,5
11,1,4350.0,62,10,100,5
11,1,4355.0,62,10,100,5
11,1,4360.0,63,10,100,5
11,1,4365.0,63,10,100,5
11,1,4370.0,63,10,100,5
11,1,4375.0,63,10,100,5
11,1,4380.0,63,10,100,5
11,1,4385.0,64,10,100,5
11,1,4390.0,62,10,100,5
11,1,4395.0,62,10,100,5
11,1,4400.0,62,10,100,5
11,1,4405.0,61,10,100,5
11,1,4410.0,60,10,100,5
11,1,4415.0,60,10,100,5
11,1,4420.0,60,10,100,5
11,1,4425.0,60,10,100,5
11,1,4430.0,59,10,100,5
11,1,4435.0,59,10,100,5
11,1,4440.0,59,10,100,5
11,1,4445.0,61,10,100,5
11,1,4450.0,62,10,100,5
11,1,4455.0,62,10,100,5
11,1,4460.0,62,10,100,5
11,1,4465.0,60,10,100,5
11,1,4470.0,61,10,100,5
11,1,4475.0,61,10,100,5
11,1,4480.0,64,10,100,5
11,1,4485.0,63,10,100,5
11,1,4490.0,63,10,100,5
11,1,4495.0,63,10,100,5
11,1,4500.0,62,10,100,5
11,1,4505.0,61,10,100,5
11,1,4510.0,62,10,100,5
11,1,4515.0,61,10,100,5
11,1,4520.0,60,10,100,5
11,1,4525.0,59,10,100,5
11,1,4530.0,57,10,100,5
11,1,4535.0,56,10,100,5
11,1,4540.0,58,10,100,5
11,1,4545.0,58,10,100,5
11,1,4550.0,56,10,100,5
11,1,4555.0,56,10,100,5
11,1,4560.0,56,10,100,5
11,1,4565.0,57,10,100,5
11,1,4570.0,57,10,100,5
11,1,4575.0,57,10,100,5
11,1,4580.0,57,10,100,5
11,1,4585.0,56,10,100,5
11,1,4590.0,56,10,100,5
11,1,4595.0,56,10,100,5
11,1,4600.0,56,10,100,5
11,1,4605.0,57,10,100,5
11,1,4610.0,58,10,100,5
11,1,4615.0,58,10,100,5
11,1,4620.0,58,10,100,5
11,1,4625.0,59,10,100,5
11,1,4630.0,58,10,100,5
11,1,4635.0,59,10,100,5
11,1,4640.0,59,10,100,5
11,1,4645.0,59,10,100,5
11,1,4650.0,60,10,100,5
11,1,4655.0,59,10,100,5
11,1,4660.0,58,10,100,5
11,1,4665.0,58,10,100,5
11,1,4670.0,58,10,100,5
11,1,4675.0,59,10,100,5
11,1,4680.0,59,10,100,5
11,1,4685.0,59,10,100,5
11,1,4690.0,60,10,100,5
11,1,4695.0,60,10,100,5
11,1,4700.0,60,10,100,5
11,1,4705.0,60,10,100,5
11,1,4710.0,61,10,100,5
11,1,4715.0,60,10,100,5
11,1,4720.0,58,10,100,5
11,1,4725.0,57,10,100,5
11,1,4730.0,57,10,100,5
11,1,4735.0,56,10,100,5
11,1,4740.0,56,10,100,5
11,1,4745.0,56,10,100,5
11,1,4750.0,55,10,100,5
11,1,4755.0,55,10,100,5
11,1,4760.0,56,10,100,5
11,1,4765.0,58,10,100,5
11,1,4770.0,58,10,100,5
11,1,4775.0,59,10,100,5
11,1,4780.0,59,10,100,5
11,1,4785.0,59,10,100,5
11,1,4790.0,59,10,100,5
11,1,4795.0,58,10,100,5
11,1,4800.0,58,10,100,5
11,1,4805.0,57,10,100,5
11,1,4810.0,56,10,100,5
11,1,4815.0,56,10,100,5
11,1,4820.0,57,10,100,5
11,1,4825.0,57,10,100,5
11,1,4830.0,58,10,100,5
11,1,4835.0,58,10,100,5
11,1,4840.0,59,10,100,5
11,1,4845.0,59,10,100,5
11,1,4850.0,59,10,100,5
11,1,4855.0,59,10,100,5
11,1,4860.0,59,10,100,5
11,1,4865.0,60,10,100,5
11,1,4870.0,62,10,100,5
11,1,4875.0,64,10,100,5
11,1,4880.0,64,10,100,5
11,1,4885.0,64,10,100,5
11,1,4890.0,63,10,100,5
11,1,4895.0,62,10,100,5
11,1,4900.0,61,10,100,5
11,1,4905.0,60,10,100,5
11,1,4910.0,60,10,100,5
11,1,4915.0,60,10,100,5
11,1,4920.0,61,10,100,5
11,1,4925.0,62,10,100,5
11,1,4930.0,63,10,100,5
11,1,4935.0,63,10,100,5
11,1,4940.0,63,10,100,5
11,1,4945.0,63,10,100,5
11,1,4950.0,63,10,100,5
11,1,4955.0,63,10,100,5
11,1,4960.0,63,10,100,5
11,1,4965.0,64,10,100,5
11,1,4970.0,64,10,100,5
11,1,4975.0,63,10,100,5
11,1,4980.0,63,10,100,5
11,1,4985.0,63,10,100,5
11,1,4990.0,61,10,100,5
11,1,4995.0,61,10,100,5
11,1,5000.0,61,10,100,5
11,1,5005.0,61,10,100,5
11,1,5010.0,61,10,100,5
11,1,5015.0,63,10,100,5
11,1,5020.0,64,10,100,5
11,1,5025.0,64,10,100,5
11,1,5030.0,64,10,100,5
11,1,5035.0,64,10,100,5
11,1,5040.0,63,10,100,5
11,1,5045.0,65,10,100,5
11,1,5050.0,65,10,100,5
11,1,5055.0,65,10,100,5
11,1,5060.0,64,10,100,5
11,1,5065.0,63,10,100,5
11,1,5070.0,63,10,100,5
11,1,5075.0,63,10,100,5
11,1,5080.0,63,10,100,5
11,1,5085.0,62,10,100,5
11,1,5090.0,62,10,100,5
11,1,5095.0,62,10,100,5
11,1,5100.0,61,10,100,5
11,1,5105.0,61,10,100,5
11,1,5110.0,60,10,100,5
11,1,5115.0,61,10,100,5
11,1,5120.0,60,10,100,5
11,1,5125.0,58,10,100,5
11,1,5130.0,57,10,100,5
11,1,5135.0,57,10,100,5
11,1,5140.0,57,10,100,5
11,1,5145.0,57,10,100,5
11,1,5150.0,56,10,100,5
11,1,5155.0,56,10,100,5
11,1,5160.0,56,10,100,5
11,1,5165.0,56,10,100,5
11,1,5170.0,54,10,100,5
11,1,5175.0,53,10,100,5
11,1,5180.0,54,10,100,5
11,1,5185.0,54,10,100,5
11,1,5190.0,54,10,100,5
11,1,5195.0,55,10,100,5
11,1,5200.0,55,10,100,5
11,1,5205.0,55,10,100,5
11,1,5210.0,55,10,100,5
11,1,5215.0,55,10,100,5
11,1,5220.0,55,10,100,5
11,1,5225.0,55,10,100,5
11,1,5230.0,55,10,100,5
11,1,5235.0,54,10,100,5
11,1,5240.0,54,10,100,5
11,1,5245.0,53,10,100,5
11,1,5250.0,56,10,100,5
11,1,5255.0,57,10,100,5
11,1,5260.0,59,10,100,5
11,1,5265.0,60,10,100,5
11,1,5270.0,61,10,100,5
11,1,5275.0,61,10,100,5
11,1,5280.0,59,10,100,5
11,1,5285.0,60,10,100,5
11,1,5290.0,61,10,100,5
11,1,5295.0,60,10,100,5
11,1,5300.0,63,10,100,5
11,1,5305.0,63,10,100,5
11,1,5310.0,62,10,100,5
11,1,5315.0,62,10,100,5
11,1,5320.0,63,10,100,5
11,1,5325.0,62,10,100,5
11,1,5330.0,64,10,100,5
11,1,5335.0,64,10,100,5
11,1,5340.0,64,10,100,5
11,1,5345.0,63,10,100,5
11,1,5350.0,63,10,100,5
11,1,5355.0,64,10,100,5
11,1,5360.0,63,10,100,5
11,1,5365.0,63,10,100,5
11,1,5370.0,63,10,100,5
11,1,5375.0,63,10,100,5
11,1,5380.0,63,10,100,5
11,1,5385.0,64,10,100,5
11,1,5390.0,63,10,100,5
11,1,5395.0,64,10,100,5
11,1,5400.0,65,10,100,5
11,1,5405.0,64,10,100,5
11,1,5410.0,64,10,100,5
11,1,5415.0,64,10,100,5
11,1,5420.0,64,10,100,5
11,1,5425.0,64,10,100,5
11,1,5430.0,65,10,100,5
11,1,5435.0,64,10,100,5
11,1,5440.0,63,10,100,5
11,1,5445.0,63,10,100,5
11,1,5450.0,62,10,100,5
11,1,5455.0,61,10,100,5
11,1,5460.0,61,10,100,5
11,1,5465.0,61,10,100,5
11,1,5470.0,61,10,100,5
11,1,5475.0,59,10,100,5
11,1,5480.0,58,10,100,5
11,1,5485.0,58,10,100,5
11,1,5490.0,58,10,100,5
11,1,5495.0,58,10,100,5
11,1,5500.0,57,10,100,5
11,1,5505.0,56,10,100,5
11,1,5510.0,55,10,100,5
11,1,5515.0,55,10,100,5
11,1,5520.0,55,10,100,5
11,1,5525.0,56,10,100,5
11,1,5530.0,58,10,100,5
11,1,5535.0,59,10,100,5
11,1,5540.0,62,10,100,5
11,1,5545.0,62,10,100,5
11,1,5550.0,63,10,100,5
11,1,5555.0,62,10,100,5
11,1,5560.0,63,10,100,5
11,1,5565.0,62,10,100,5
11,1,5570.0,62,10,100,5
11,1,5575.0,62,10,100,5
11,1,5580.0,62,10,100,5
11,1,5585.0,64,10,100,5
11,1,5590.0,63,10,100,5
11,1,5595.0,64,10,100,5
11,1,5600.0,64,10,100,5
11,1,5605.0,66,10,100,5
11,1,5610.0,67,10,100,5
11,1,5615.0,67,10,100,5
11,1,5620.0,67,10,100,5
11,1,5625.0,69,10,100,5
11,1,5630.0,69,10,100,5
11,1,5635.0,66,10,100,5
11,1,5640.0,65,10,100,5
11,1,5645.0,68,10,100,5
11,1,5650.0,68,10,100,5
11,1,5655.0,68,10,100,5
11,1,5660.0,69,10,100,5
11,1,5665.0,68,10,100,5
11,1,5670.0,67,10,100,5
11,1,5675.0,67,10,100,5
11,1,5680.0,67,10,100,5
11,1,5685.0,67,10,100,5
11,1,5690.0,67,10,100,5
11,1,5695.0,66,10,100,5
11,1,5700.0,65,10,100,5
11,1,5705.0,65,10,100,5
11,1,5710.0,62,10,100,5
11,1,5715.0,61,10,100,5
11,1,5720.0,61,10,100,5
11,1,5725.0,61,10,100,5
11,1,5730.0,61,10,100,5
11,1,5735.0,62,10,100,5
11,1,5740.0,63,10,100,5
11,1,5745.0,62,10,100,5
11,1,5750.0,63,10,100,5
11,1,5755.0,63,10,100,5
11,1,5760.0,63,10,100,5
11,1,5765.0,64,10,100,5
11,1,5770.0,62,10,100,5
11,1,5775.0,63,10,100,5
11,1,5780.0,62,10,100,5
11,1,5785.0,62,10,100,5
11,1,5790.0,62,10,100,5
11,1,5795.0,61,10,100,5
11,1,5800.0,62,10,100,5
11,1,5805.0,62,10,100,5
11,1,5810.0,62,10,100,5
11,1,5815.0,61,10,100,5
11,1,5820.0,62,10,100,5
11,1,5825.0,64,10,100,5
11,1,5830.0,64,10,100,5
11,1,5835.0,65,10,100,5
11,1,5840.0,64,10,100,5
11,1,5845.0,64,10,100,5
11,1,5850.0,64,10,100,5
11,1,5855.0,65,10,100,5
11,1,5860.0,65,10,100,5
11,1,5865.0,65,10,100,5
11,1,5870.0,65,10,100,5
11,1,5875.0,65,10,100,5
11,1,5880.0,65,10,100,5
11,1,5885.0,65,10,100,5
11,1,5890.0,64,10,100,5
11,1,5895.0,63,10,100,5
11,1,5900.0,63,10,100,5
11,1,5905.0,61,10,100,5
11,1,5910.0,61,10,100,5
11,1,5915.0,61,10,100,5
11,1,5920.0,61,10,100,5
11,1,5925.0,60,10,100,5
11,1,5930.0,61,10,100,5
11,1,5935.0,60,10,100,5
11,1,5940.0,59,10,100,5
11,1,5945.0,60,10,100,5
11,1,5950.0,58,10,100,5
11,1,5955.0,58,10,100,5
11,1,5960.0,58,10,100,5
11,1,5965.0,57,10,100,5
11,1,5970.0,57,10,100,5
11,1,5975.0,57,10,100,5
11,1,5980.0,57,10,100,5
11,1,5985.0,57,10,100,5
11,1,5990.0,57,10,100,5
11,1,5995.0,57,10,100,5
11,1,6000.0,56,10,100,5
11,1,6005.0,56,10,100,5
11,1,6010.0,57,10,100,5
11,1,6015.0,57,10,100,5
11,1,6020.0,57,10,100,5
11,1,6025.0,57,10,100,5
11,1,6030.0,58,10,100,5
11,1,6035.0,59,10,100,5
11,1,6040.0,59,10,100,5
11,1,6045.0,59,10,100,5
11,1,6050.0,57,10,100,5
11,1,6055.0,58,10,100,5
11,1,6060.0,58,10,100,5
11,1,6065.0,58,10,100,5
11,1,6070.0,59,10,100,5
11,1,6075.0,60,10,100,5
11,1,6080.0,60,10,100,5
11,1,6085.0,60,10,100,5
11,1,6090.0,60,10,100,5
11,1,6095.0,59,10,100,5
11,1,6100.0,61,10,100,5
11,1,6105.0,61,10,100,5
11,1,6110.0,61,10,100,5
11,1,6115.0,61,10,100,5
11,1,6120.0,60,10,100,5
11,1,6125.0,60,10,100,5
11,1,6130.0,60,10,100,5
11,1,6135.0,58,10,100,5
11,1,6140.0,58,10,100,5
11,1,6145.0,59,10,100,5
11,1,6150.0,59,10,100,5
11,1,6155.0,59,10,100,5
11,1,6160.0,57,10,100,5
11,1,6165.0,57,10,100,5
11,1,6170.0,57,10,100,5
11,1,6175.0,59,10,100,5
11,1,6180.0,59,10,100,5
11,1,6185.0,59,10,100,5
11,1,6190.0,60,10,100,5
11,1,6195.0,60,10,100,5
11,1,6200.0,60,10,100,5
11,1,6205.0,61,10,100,5
11,1,6210.0,59,10,100,5
11,1,6215.0,59,10,100,5
11,1,6220.0,59,10,100,5
11,1,6225.0,58,10,100,5
11,1,6230.0,59,10,100,5
11,1,6235.0,59,10,100,5
11,1,6240.0,59,10,100,5
11,1,6245.0,59,10,100,5
11,1,6250.0,59,10,100,5
11,1,6255.0,59,10,100,5
11,1,6260.0,59,10,100,5
11,1,6265.0,59,10,100,5
11,1,6270.0,59,10,100,5
11,1,6275.0,59,10,100,5
11,1,6280.0,60,10,100,5
11,1,6285.0,61,10,100,5
11,1,6290.0,62,10,100,5
11,1,6295.0,61,10,100,5
11,1,6300.0,61,10,100,5
11,1,6305.0,63,10,100,5
11,1,6310.0,63,10,100,5
11,1,6315.0,64,10,100,5
11,1,6320.0,62,10,100,5
11,1,6325.0,62,10,100,5
11,1,6330.0,62,10,100,5
11,1,6335.0,62,10,100,5
11,1,6340.0,62,10,100,5
11,1,6345.0,62,10,100,5
11,1,6350.0,62,10,100,5
11,1,6355.0,63,10,100,5
11,1,6360.0,64,10,100,5
11,1,6365.0,64,10,100,5
11,1,6370.0,64,10,100,5
11,1,6375.0,64,10,100,5
11,1,6380.0,64,10,100,5
11,1,6385.0,64,10,100,5
11,1,6390.0,64,10,100,5
11,1,6395.0,63,10,100,5
11,1,6400.0,63,10,100,5
11,1,6405.0,63,10,100,5
11,1,6410.0,64,10,100,5
11,1,6415.0,63,10,100,5
11,1,6420.0,63,10,100,5
11,1,6425.0,63,10,100,5
11,1,6430.0,64,10,100,5
11,1,6435.0,63,10,100,5
11,1,6440.0,63,10,100,5
11,1,6445.0,63,10,100,5
11,1,6450.0,62,10,100,5
11,1,6455.0,63,10,100,5
11,1,6460.0,63,10,100,5
11,1,6465.0,63,10,100,5
11,1,6470.0,64,10,100,5
11,1,6475.0,64,10,100,5
11,1,6480.0,64,10,100,5
11,1,6485.0,64,10,100,5
11,1,6490.0,63,10,100,5
11,1,6495.0,63,10,100,5
11,1,6500.0,63,10,100,5
11,1,6505.0,63,10,100,5
11,1,6510.0,65,10,100,5
11,1,6515.0,65,10,100,5
11,1,6520.0,65,10,100,5
11,1,6525.0,64,10,100,5
11,1,6530.0,63,10,100,5
11,1,6535.0,61,10,100,5
11,1,6540.0,63,10,100,5
11,1,6545.0,63,10,100,5
11,1,6550.0,65,10,100,5
11,1,6555.0,66,10,100,5
11,1,6560.0,66,10,100,5
11,1,6565.0,66,10,100,5
11,1,6570.0,66,10,100,5
11,1,6575.0,67,10,100,5
11,1,6580.0,68,10,100,5
11,1,6585.0,69,10,100,5
11,1,6590.0,68,10,100,5
11,1,6595.0,68,10,100,5
11,1,6600.0,67,10,100,5
11,1,6605.0,67,10,100,5
11,1,6610.0,68,10,100,5
11,1,6615.0,68,10,100,5
11,1,6620.0,68,10,100,5
11,1,6625.0,68,10,100,5
11,1,6630.0,68,10,100,5
11,1,6635.0,68,10,100,5
11,1,6640.0,69,10,100,5
11,1,6645.0,69,10,100,5
11,1,6650.0,68,10,100,5
11,1,6655.0,67,10,100,5
11,1,6660.0,67,10,100,5
11,1,6665.0,67,10,100,5
11,1,6670.0,69,10,100,5
11,1,6675.0,69,10,100,5
11,1,6680.0,69,10,100,5
11,1,6685.0,68,10,100,5
11,1,6690.0,67,10,100,5
11,1,6695.0,67,10,100,5
11,1,6700.0,66,10,100,5
11,1,6705.0,67,10,100,5
11,1,6710.0,66,10,100,5
11,1,6715.0,66,10,100,5
11,1,6720.0,66,10,100,5
11,1,6725.0,67,10,100,5
11,1,6730.0,68,10,100,5
11,1,6735.0,71,10,100,5
11,1,6740.0,71,10,100,5
11,1,6745.0,70,10,100,5
11,1,6750.0,70,10,100,5
11,1,6755.0,69,10,100,5
11,1,6760.0,68,10,100,5
11,1,6765.0,68,10,100,5
11,1,6770.0,65,10,100,5
11,1,6775.0,65,10,100,5
11,1,6780.0,64,10,100,5
11,1,6785.0,64,10,100,5
11,1,6790.0,64,10,100,5
11,1,6795.0,64,10,100,5
11,1,6800.0,65,10,100,5
11,1,6805.0,64,10,100,5
11,1,6810.0,64,10,100,5
11,1,6815.0,62,10,100,5
11,1,6820.0,63,10,100,5
11,1,6825.0,63,10,100,5
11,1,6830.0,65,10,100,5
11,1,6835.0,64,10,100,5
11,1,6840.0,64,10,100,5
11,1,6845.0,65,10,100,5
11,1,6850.0,63,10,100,5
11,1,6855.0,66,10,100,5
11,1,6860.0,65,10,100,5
11,1,6865.0,65,10,100,5
11,1,6870.0,65,10,100,5
11,1,6875.0,65,10,100,5
11,1,6880.0,65,10,100,5
11,1,6885.0,65,10,100,5
11,1,6890.0,65,10,100,5
11,1,6895.0,65,10,100,5
11,1,6900.0,66,10,100,5
11,1,6905.0,66,10,100,5
11,1,6910.0,66,10,100,5
11,1,6915.0,67,10,100,5
11,1,6920.0,69,10,100,5
11,1,6925.0,71,10,100,5
11,1,6930.0,72,10,100,5
11,1,6935.0,73,10,100,5
11,1,6940.0,73,10,100,5
11,1,6945.0,73,10,100,5
11,1,6950.0,74,10,100,5
11,1,6955.0,73,10,100,5
11,1,6960.0,74,10,100,5
11,1,6965.0,76,10,100,5
11,1,6970.0,76,10,100,5
11,1,6975.0,75,10,100,5
11,1,6980.0,74,10,100,5
11,1,6985.0,75,10,100,5
11,1,6990.0,75,10,100,5
11,1,6995.0,75,10,100,5
11,1,7000.0,76,10,100,5
11,1,7005.0,76,10,100,5
11,1,7010.0,77,10,100,5
11,1,7015.0,77,10,100,5
11,1,7020.0,78,10,100,5
11,1,7025.0,76,10,100,5
11,1,7030.0,76,10,100,5
11,1,7035.0,77,10,100,5
11,1,7040.0,77,10,100,5
11,1,7045.0,77,10,100,5
11,1,7050.0,77,10,100,5
11,1,7055.0,78,10,100,5
11,1,7060.0,76,10,100,5
11,1,7065.0,76,10,100,5
11,1,7070.0,76,10,100,5
11,1,7075.0,75,10,100,5
11,1,7080.0,76,10,100,5
11,1,7085.0,76,10,100,5
11,1,7090.0,76,10,100,5
11,1,7095.0,74,10,100,5
11,1,7100.0,74,10,100,5
11,1,7105.0,73,10,100,5
11,1,7110.0,72,10,100,5
11,1,7115.0,71,10,100,5
11,1,7120.0,71,10,100,5
11,1,7125.0,71,10,100,5
11,1,7130.0,70,10,100,5
11,1,7135.0,70,10,100,5
11,1,7140.0,72,10,100,5
11,1,7145.0,72,10,100,5
11,1,7150.0,72,10,100,5
11,1,7155.0,72,10,100,5
11,1,7160.0,73,10,100,5
11,1,7165.0,71,10,100,5
11,1,7170.0,72,10,100,5
11,1,7175.0,72,10,100,5
11,1,7180.0,72,10,100,5
11,1,7185.0,73,10,100,5
11,1,7190.0,74,10,100,5
11,1,7195.0,74,10,100,5
11,1,7200.0,74,10,100,5
11,1,7205.0,74,10,100,5
11,1,7210.0,75,10,100,5
11,1,7215.0,75,10,100,5
11,1,7220.0,75,10,100,5
11,1,7225.0,75,10,100,5
11,1,7230.0,75,10,100,5
11,1,7235.0,75,10,100,5
11,1,7240.0,76,10,100,5
11,1,7245.0,76,10,100,5
11,1,7250.0,76,10,100,5
11,1,7255.0,76,10,100,5
11,1,7260.0,74,10,100,5
11,1,7265.0,74,10,100,5
11,1,7270.0,74,10,100,5
11,1,7275.0,73,10,100,5
11,1,7280.0,72,10,100,5
11,1,7285.0,71,10,100,5
11,1,7290.0,71,10,100,5
11,1,7295.0,73,10,100,5
11,1,7300.0,73,10,100,5
11,1,7305.0,74,10,100,5
11,1,7310.0,74,10,100,5
11,1,7315.0,72,10,100,5
11,1,7320.0,71,10,100,5
11,1,7325.0,70,10,100,5
11,1,7330.0,69,10,100,5
11,1,7335.0,68,10,100,5
11,1,7340.0,66,10,100,5
11,1,7345.0,66,10,100,5
11,1,7350.0,66,10,100,5
11,1,7355.0,66,10,100,5
11,1,7360.0,66,10,100,5
11,1,7365.0,66,10,100,5
11,1,7370.0,66,10,100,5
11,1,7375.0,66,10,100,5
11,1,7380.0,65,10,100,5
11,1,7385.0,65,10,100,5
11,1,7390.0,64,10,100,5
11,1,7395.0,64,10,100,5
11,1,7400.0,61,10,100,5
11,1,7405.0,61,10,100,5
11,1,7410.0,61,10,100,5
11,1,7415.0,61,10,100,5
11,1,7420.0,60,10,100,5
11,1,7425.0,59,10,100,5
11,1,7430.0,59,10,100,5
11,1,7435.0,59,10,100,5
11,1,7440.0,58,10,100,5
11,1,7445.0,58,10,100,5
11,1,7450.0,58,10,100,5
11,1,7455.0,58,10,100,5
11,1,7460.0,58,10,100,5
11,1,7465.0,59,10,100,5
11,1,7470.0,60,10,100,5
11,1,7475.0,60,10,100,5
11,1,7480.0,60,10,100,5
11,1,7485.0,60,10,100,5
11,1,7490.0,61,10,100,5
11,1,7495.0,62,10,100,5
11,1,7500.0,63,10,100,5
11,1,7505.0,63,10,100,5
11,1,7510.0,63,10,100,5
11,1,7515.0,64,10,100,5
11,1,7520.0,62,10,100,5
11,1,7525.0,63,10,100,5
11,1,7530.0,63,10,100,5
11,1,7535.0,63,10,100,5
11,1,7540.0,64,10,100,5
11,1,7545.0,63,10,100,5
11,1,7550.0,61,10,100,5
11,1,7555.0,62,10,100,5
11,1,7560.0,62,10,100,5
11,2,5.0,100,10,100,5
11,2,10.0,100,10,100,5
11,2,15.0,100,10,100,5
11,2,20.0,99,10,100,5
11,2,25.0,99,10,100,5
11,2,30.0,97,10,100,5
11,2,35.0,97,10,100,5
11,2,40.0,96,10,100,5
11,2,45.0,96,10,100,5
11,2,50.0,95,10,100,5
11,2,55.0,95,10,100,5
11,2,60.0,95,10,100,5
11,2,65.0,94,10,100,5
11,2,70.0,94,10,100,5
11,2,75.0,93,10,100,5
11,2,80.0,91,10,100,5
11,2,85.0,91,10,100,5
11,2,90.0,89,10,100,5
11,2,95.0,88,10,100,5
11,2,100.0,88,10,100,5
11,2,105.0,89,10,100,5
11,2,110.0,86,10,100,5
11,2,115.0,85,10,100,5
11,2,120.0,83,10,100,5
11,2,125.0,81,10,100,5
11,2,130.0,81,10,100,5
11,2,135.0,81,10,100,5
11,2,140.0,81,10,100,5
11,2,145.0,81,10,100,5
11,2,150.0,81,10,100,5
11,2,155.0,81,10,100,5
11,2,160.0,81,10,100,5
11,2,165.0,79,10,100,5
11,2,170.0,79,10,100,5
11,2,175.0,78,10,100,5
11,2,180.0,78,10,100,5
11,2,185.0,77,10,100,5
11,2,190.0,77,10,100,5
11,2,195.0,80,10,100,5
11,2,200.0,80,10,100,5
11,2,205.0,79,10,100,5
11,2,210.0,79,10,100,5
11,2,215.0,80,10,100,5
11,2,220.0,81,10,100,5
11,2,225.0,82,10,100,5
11,2,230.0,82,10,100,5
11,2,235.0,83,10,100,5
11,2,240.0,83,10,100,5
11,2,245.0,83,10,100,5
11,2,250.0,84,10,100,5
11,2,255.0,82,10,100,5
11,2,260.0,84,10,100,5
11,2,265.0,84,10,100,5
11,2,270.0,83,10,100,5
11,2,275.0,83,10,100,5
11,2,280.0,81,10,100,5
11,2,285.0,81,10,100,5
11,2,290.0,81,10,100,5
11,2,295.0,81,10,100,5
11,2,300.0,80,10,100,5
11,2,305.0,80,10,100,5
11,2,310.0,78,10,100,5
11,2,315.0,78,10,100,5
11,2,320.0,78,10,100,5
11,2,325.0,78,10,100,5
11,2,330.0,76,10,100,5
11,2,335.0,75,10,100,5
11,2,340.0,75,10,100,5
11,2,345.0,75,10,100,5
11,2,350.0,75,10,100,5
11,2,355.0,77,10,100,5
11,2,360.0,76,10,100,5
11,2,365.0,75,10,100,5
11,2,370.0,75,10,100,5
11,2,375.0,76,10,100,5
11,2,380.0,75,10,100,5
11,2,385.0,75,10,100,5
11,2,390.0,75,10,100,5
11,2,395.0,74,10,100,5
11,2,400.0,73,10,100,5
11,2,405.0,73,10,100,5
11,2,410.0,73,10,100,5
11,2,415.0,72,10,100,5
11,2,420.0,71,10,100,5
11,2,425.0,71,10,100,5
11,2,430.0,72,10,100,5
11,2,435.0,73,10,100,5
11,2,440.0,73,10,100,5
11,2,445.0,74,10,100,5
11,2,450.0,75,10,100,5
11,2,455.0,75,10,100,5
11,2,460.0,74,10,100,5
11,2,465.0,75,10,100,5
11,2,470.0,74,10,100,5
11,2,475.0,73,10,100,5
11,2,480.0,72,10,100,5
11,2,485.0,72,10,100,5
11,2,490.0,72,10,100,5
11,2,495.0,72,10,100,5
11,2,500.0,73,10,100,5
11,2,505.0,72,10,100,5
11,2,510.0,72,10,100,5
11,2,515.0,70,10,100,5
11,2,520.0,70,10,100,5
11,2,525.0,70,10,100,5
11,2,530.0,68,10,100,5
11,2,535.0,69,10,100,5
11,2,540.0,69,10,100,5
11,2,545.0,70,10,100,5
11,2,550.0,71,10,100,5
11,2,555.0,73,10,100,5
11,2,560.0,73,10,100,5
11,2,565.0,73,10,100,5
11,2,570.0,74,10,100,5
11,2,575.0,76,10,100,5
11,2,580.0,77,10,100,5
11,2,585.0,76,10,100,5
11,2,590.0,76,10,100,5
11,2,595.0,76,10,100,5
11,2,600.0,77,10,100,5
11,2,605.0,77,10,100,5
11,2,610.0,77,10,100,5
11,2,615.0,77,10,100,5
11,2,620.0,75,10,100,5
11,2,625.0,75,10,100,5
11,2,630.0,75,10,100,5
11,2,635.0,76,10,100,5
11,2,640.0,74,10,100,5
11,2,645.0,75,10,100,5
11,2,650.0,74,10,100,5
11,2,655.0,76,10,100,5
11,2,660.0,75,10,100,5
11,2,665.0,77,10,100,5
11,2,670.0,76,10,100,5
11,2,675.0,76,10,100,5
11,2,680.0,76,10,100,5
11,2,685.0,76,10,100,5
11,2,690.0,75,10,100,5
11,2,695.0,74,10,100,5
11,2,700.0,75,10,100,5
11,2,705.0,74,10,100,5
11,2,710.0,74,10,100,5
11,2,715.0,73,10,100,5
11,2,720.0,73,10,100,5
11,2,725.0,75,10,100,5
11,2,730.0,75,10,100,5
11,2,735.0,75,10,100,5
11,2,740.0,76,10,100,5
11,2,745.0,75,10,100,5
11,2,750.0,75,10,100,5
11,2,755.0,76,10,100,5
11,2,760.0,76,10,100,5
11,2,765.0,76,10,100,5
11,2,770.0,77,10,100,5
11,2,775.0,77,10,100,5
11,2,780.0,76,10,100,5
11,2,785.0,75,10,100,5
11,2,790.0,76,10,100,5
11,2,795.0,76,10,100,5
11,2,800.0,76,10,100,5
11,2,805.0,77,10,100,5
11,2,810.0,77,10,100,5
11,2,815.0,73,10,100,5
11,2,820.0,72,10,100,5
11,2,825.0,71,10,100,5
11,2,830.0,70,10,100,5
11,2,835.0,71,10,100,5
11,2,840.0,73,10,100,5
11,2,845.0,74,10,100,5
11,2,850.0,73,10,100,5
11,2,855.0,73,10,100,5
11,2,860.0,76,10,100,5
11,2,865.0,76,10,100,5
11,2,870.0,75,10,100,5
11,2,875.0,74,10,100,5
11,2,880.0,74,10,100,5
11,2,885.0,74,10,100,5
11,2,890.0,72,10,100,5
11,2,895.0,72,10,100,5
11,2,900.0,72,10,100,5
11,2,905.0,72,10,100,5
11,2,910.0,72,10,100,5
11,2,915.0,72,10,100,5
11,2,920.0,72,10,100,5
11,2,925.0,71,10,100,5
11,2,930.0,71,10,100,5
11,2,935.0,71,10,100,5
11,2,940.0,70,10,100,5
11,2,945.0,70,10,100,5
11,2,950.0,69,10,100,5
11,2,955.0,69,10,100,5
11,2,960.0,70,10,100,5
11,2,965.0,72,10,100,5
11,2,970.0,72,10,100,5
11,2,975.0,73,10,100,5
11,2,980.0,73,10,100,5
11,2,985.0,72,10,100,5
11,2,990.0,72,10,100,5
11,2,995.0,75,10,100,5
11,2,1000.0,74,10,100,5
11,2,1005.0,74,10,100,5
11,2,1010.0,75,10,100,5
11,2,1015.0,74,10,100,5
11,2,1020.0,73,10,100,5
11,2,1025.0,73,10,100,5
11,2,1030.0,72,10,100,5
11,2,1035.0,72,10,100,5
11,2,1040.0,72,10,100,5
11,2,1045.0,72,10,100,5
11,2,1050.0,72,10,100,5
11,2,1055.0,72,10,100,5
11,2,1060.0,71,10,100,5
11,2,1065.0,72,10,100,5
11,2,1070.0,71,10,100,5
11,2,1075.0,71,10,100,5
11,2,1080.0,70,10,100,5
11,2,1085.0,70,10,100,5
11,2,1090.0,70,10,100,5
11,2,1095.0,69,10,100,5
11,2,1100.0,70,10,100,5
11,2,1105.0,70,10,100,5
11,2,1110.0,70,10,100,5
11,2,1115.0,68,10,100,5
11,2,1120.0,72,10,100,5
11,2,1125.0,71,10,100,5
11,2,1130.0,70,10,100,5
11,2,1135.0,71,10,100,5
11,2,1140.0,71,10,100,5
11,2,1145.0,71,10,100,5
11,2,1150.0,71,10,100,5
11,2,1155.0,73,10,100,5
11,2,1160.0,73,10,100,5
11,2,1165.0,73,10,100,5
11,2,1170.0,73,10,100,5
11,2,1175.0,74,10,100,5
11,2,1180.0,73,10,100,5
11,2,1185.0,73,10,100,5
11,2,1190.0,74,10,100,5
11,2,1195.0,76,10,100,5
11,2,1200.0,76,10,100,5
11,2,1205.0,76,10,100,5
11,2,1210.0,76,10,100,5
11,2,1215.0,76,10,100,5
11,2,1220.0,76,10,100,5
11,2,1225.0,75,10,100,5
11,2,1230.0,76,10,100,5
11,2,1235.0,75,10,100,5
11,2,1240.0,74,10,100,5
11,2,1245.0,74,10,100,5
11,2,1250.0,73,10,100,5
11,2,1255.0,75,10,100,5
11,2,1260.0,75,10,100,5
11,2,1265.0,77,10,100,5
11,2,1270.0,78,10,100,5
11,2,1275.0,77,10,100,5
11,2,1280.0,77,10,100,5
11,2,1285.0,77,10,100,5
11,2,1290.0,77,10,100,5
11,2,1295.0,78,10,100,5
11,2,1300.0,79,10,100,5
11,2,1305.0,79,10,100,5
11,2,1310.0,81,10,100,5
11,2,1315.0,80,10,100,5
11,2,1320.0,80,10,100,5
11,2,1325.0,79,10,100,5
11,2,1330.0,80,10,100,5
11,2,1335.0,80,10,100,5
11,2,1340.0,80,10,100,5
11,2,1345.0,80,10,100,5
11,2,1350.0,80,10,100,5
11,2,1355.0,79,10,100,5
11,2,1360.0,80,10,100,5
11,2,1365.0,78,10,100,5
11,2,1370.0,76,10,100,5
11,2,1375.0,77,10,100,5
11,2,1380.0,78,10,100,5
11,2,1385.0,78,10,100,5
11,2,1390.0,76,10,100,5
11,2,1395.0,76,10,100,5
11,2,1400.0,79,10,100,5
11,2,1405.0,78,10,100,5
11,2,1410.0,78,10,100,5
11,2,1415.0,78,10,100,5
11,2,1420.0,77,10,100,5
11,2,1425.0,78,10,100,5
11,2,1430.0,77,10,100,5
11,2,1435.0,79,10,100,5
11,2,1440.0,77,10,100,5
11,2,1445.0,77,10,100,5
11,2,1450.0,76,10,100,5
11,2,1455.0,76,10,100,5
11,2,1460.0,76,10,100,5
11,2,1465.0,75,10,100,5
11,2,1470.0,76,10,100,5
11,2,1475.0,75,10,100,5
11,2,1480.0,74,10,100,5
11,2,1485.0,72,10,100,5
11,2,1490.0,72,10,100,5
11,2,1495.0,71,10,100,5
11,2,1500.0,71,10,100,5
11,2,1505.0,70,10,100,5
11,2,1510.0,72,10,100,5
11,2,1515.0,73,10,100,5
11,2,1520.0,73,10,100,5
11,2,1525.0,72,10,100,5
11,2,1530.0,73,10,100,5
11,2,1535.0,73,10,100,5
11,2,1540.0,72,10,100,5
11,2,1545.0,71,10,100,5
11,2,1550.0,71,10,100,5
11,2,1555.0,71,10,100,5
11,2,1560.0,71,10,100,5
11,2,1565.0,70,10,100,5
11,2,1570.0,70,10,100,5
11,2,1575.0,70,10,100,5
11,2,1580.0,70,10,100,5
11,2,1585.0,69,10,100,5
11,2,1590.0,69,10,100,5
11,2,1595.0,69,10,100,5
11,2,1600.0,69,10,100,5
11,2,1605.0,68,10,100,5
11,2,1610.0,68,10,100,5
11,2,1615.0,66,10,100,5
11,2,1620.0,68,10,100,5
11,2,1625.0,68,10,100,5
11,2,1630.0,66,10,100,5
11,2,1635.0,67,10,100,5
11,2,1640.0,67,10,100,5
11,2,1645.0,68,10,100,5
11,2,1650.0,68,10,100,5
11,2,1655.0,68,10,100,5
11,2,1660.0,70,10,100,5
11,2,1665.0,70,10,100,5
11,2,1670.0,68,10,100,5
11,2,1675.0,69,10,100,5
11,2,1680.0,68,10,100,5
11,2,1685.0,68,10,100,5
11,2,1690.0,68,10,100,5
11,2,1695.0,68,10,100,5
11,2,1700.0,69,10,100,5
11,2,1705.0,70,10,100,5
11,2,1710.0,70,10,100,5
11,2,1715.0,70,10,100,5
11,2,1720.0,70,10,100,5
11,2,1725.0,69,10,100,5
11,2,1730.0,69,10,100,5
11,2,1735.0,70,10,100,5
11,2,1740.0,70,10,100,5
11,2,1745.0,69,10,100,5
11,2,1750.0,70,10,100,5
11,2,1755.0,71,10,100,5
11,2,1760.0,71,10,100,5
11,2,1765.0,70,10,100,5
11,2,1770.0,70,10,100,5
11,2,1775.0,71,10,100,5
11,2,1780.0,72,10,100,5
11,2,1785.0,72,10,100,5
11,2,1790.0,72,10,100,5
11,2,1795.0,72,10,100,5
11,2,1800.0,71,10,100,5
11,2,1805.0,72,10,100,5
11,2,1810.0,71,10,100,5
11,2,1815.0,71,10,100,5
11,2,1820.0,70,10,100,5
11,2,1825.0,71,10,100,5
11,2,1830.0,71,10,100,5
11,2,1835.0,72,10,100,5
11,2,1840.0,73,10,100,5
11,2,1845.0,72,10,100,5
11,2,1850.0,69,10,100,5
11,2,1855.0,69,10,100,5
11,2,1860.0,69,10,100,5
11,2,1865.0,68,10,100,5
11,2,1870.0,68,10,100,5
11,2,1875.0,68,10,100,5
11,2,1880.0,68,10,100,5
11,2,1885.0,68,10,100,5
11,2,1890.0,67,10,100,5
11,2,1895.0,67,10,100,5
11,2,1900.0,67,10,100,5
11,2,1905.0,65,10,100,5
11,2,1910.0,64,10,100,5
11,2,1915.0,64,10,100,5
11,2,1920.0,63,10,100,5
11,2,1925.0,62,10,100,5
11,2,1930.0,63,10,100,5
11,2,1935.0,63,10,100,5
11,2,1940.0,63,10,100,5
11,2,1945.0,62,10,100,5
11,2,1950.0,62,10,100,5
11,2,1955.0,62,10,100,5
11,2,1960.0,62,10,100,5
11,2,1965.0,62,10,100,5
11,2,1970.0,63,10,100,5
11,2,1975.0,63,10,100,5
11,2,1980.0,64,10,100,5
11,2,1985.0,64,10,100,5
11,2,1990.0,64,10,100,5
11,2,1995.0,64,10,100,5
11,2,2000.0,64,10,100,5
11,2,2005.0,64,10,100,5
11,2,2010.0,64,10,100,5
11,2,2015.0,64,10,100,5
11,2,2020.0,63,10,100,5
11,2,2025.0,63,10,100,5
11,2,2030.0,64,10,100,5
11,2,2035.0,64,10,100,5
11,2,2040.0,63,10,100,5
11,2,2045.0,61,10,100,5
11,2,2050.0,62,10,100,5
11,2,2055.0,61,10,100,5
11,2,2060.0,61,10,100,5
11,2,2065.0,61,10,100,5
11,2,2070.0,62,10,100,5
11,2,2075.0,63,10,100,5
11,2,2080.0,63,10,100,5
11,2,2085.0,63,10,100,5
11,2,2090.0,63,10,100,5
11,2,2095.0,64,10,100,5
11,2,2100.0,64,10,100,5
11,2,2105.0,64,10,100,5
11,2,2110.0,64,10,100,5
11,2,2115.0,65,10,100,5
11,2,2120.0,65,10,100,5
11,2,2125.0,65,10,100,5
11,2,2130.0,65,10,100,5
11,2,2135.0,64,10,100,5
11,2,2140.0,65,10,100,5
11,2,2145.0,63,10,100,5
11,2,2150.0,63,10,100,5
11,2,2155.0,63,10,100,5
11,2,2160.0,62,10,100,5
11,2,2165.0,63,10,100,5
11,2,2170.0,61,10,100,5
11,2,2175.0,61,10,100,5
11,2,2180.0,61,10,100,5
11,2,2185.0,61,10,100,5
11,2,2190.0,61,10,100,5
11,2,2195.0,61,10,100,5
11,2,2200.0,60,10,100,5
11,2,2205.0,58,10,100,5
11,2,2210.0,58,10,100,5
11,2,2215.0,61,10,100,5
11,2,2220.0,60,10,100,5
11,2,2225.0,59,10,100,5
11,2,2230.0,59,10,100,5
11,2,2235.0,59,10,100,5
11,2,2240.0,59,10,100,5
11,2,2245.0,60,10,100,5
11,2,2250.0,60,10,100,5
11,2,2255.0,60,10,100,5
11,2,2260.0,60,10,100,5
11,2,2265.0,60,10,100,5
11,2,2270.0,60,10,100,5
11,2,2275.0,61,10,100,5
11,2,2280.0,63,10,100,5
11,2,2285.0,62,10,100,5
11,2,2290.0,63,10,100,5
11,2,2295.0,63,10,100,5
11,2,2300.0,63,10,100,5
11,2,2305.0,62,10,100,5
11,2,2310.0,62,10,100,5
11,2,2315.0,61,10,100,5
11,2,2320.0,62,10,100,5
11,2,2325.0,61,10,100,5
11,2,2330.0,61,10,100,5
11,2,2335.0,61,10,100,5
11,2,2340.0,61,10,100,5
11,2,2345.0,62,10,100,5
11,2,2350.0,62,10,100,5
11,2,2355.0,62,10,100,5
11,2,2360.0,62,10,100,5
11,2,2365.0,62,10,100,5
11,2,2370.0,62,10,100,5
11,2,2375.0,63,10,100,5
11,2,2380.0,65,10,100,5
11,2,2385.0,64,10,100,5
11,2,2390.0,64,10,100,5
11,2,2395.0,64,10,100,5
11,2,2400.0,65,10,100,5
11,2,2405.0,65,10,100,5
11,2,2410.0,65,10,100,5
11,2,2415.0,66,10,100,5
11,2,2420.0,66,10,100,5
11,2,2425.0,65,10,100,5
11,2,2430.0,66,10,100,5
11,2,2435.0,66,10,100,5
11,2,2440.0,66,10,100,5
11,2,2445.0,66,10,100,5
11,2,2450.0,67,10,100,5
11,2,2455.0,67,10,100,5
11,2,2460.0,66,10,100,5
11,2,2465.0,66,10,100,5
11,2,2470.0,66,10,100,5
11,2,2475.0,66,10,100,5
11,2,2480.0,65,10,100,5
11,2,2485.0,68,10,100,5
11,2,2490.0,66,10,100,5
11,2,2495.0,65,10,100,5
11,2,2500.0,66,10,100,5
11,2,2505.0,67,10,100,5
11,2,2510.0,67,10,100,5
11,2,2515.0,66,10,100,5
11,2,2520.0,67,10,100,5
11,2,2525.0,67,10,100,5
11,2,2530.0,66,10,100,5
11,2,2535.0,65,10,100,5
11,2,2540.0,64,10,100,5
11,2,2545.0,64,10,100,5
11,2,2550.0,64,10,100,5
11,2,2555.0,64,10,100,5
11,2,2560.0,64,10,100,5
11,2,2565.0,64,10,100,5
11,2,2570.0,62,10,100,5
11,2,2575.0,64,10,100,5
11,2,2580.0,64,10,100,5
11,2,2585.0,64,10,100,5
11,2,2590.0,64,10,100,5
11,2,2595.0,65,10,100,5
11,2,2600.0,65,10,100,5
11,2,2605.0,65,10,100,5
11,2,2610.0,64,10,100,5
11,2,2615.0,64,10,100,5
11,2,2620.0,64,10,100,5
11,2,2625.0,64,10,100,5
11,2,2630.0,65,10,100,5
11,2,2635.0,65,10,100,5
11,2,2640.0,66,10,100,5
11,2,2645.0,65,10,100,5
11,2,2650.0,67,10,100,5
11,2,2655.0,69,10,100,5
11,2,2660.0,68,10,100,5
11,2,2665.0,68,10,100,5
11,2,2670.0,67,10,100,5
11,2,2675.0,66,10,100,5
11,2,2680.0,67,10,100,5
11,2,2685.0,67,10,100,5
11,2,2690.0,67,10,100,5
11,2,2695.0,67,10,100,5
11,2,2700.0,66,10,100,5
11,2,2705.0,64,10,100,5
11,2,2710.0,64,10,100,5
11,2,2715.0,64,10,100,5
11,2,2720.0,65,10,100,5
11,2,2725.0,64,10,100,5
11,2,2730.0,64,10,100,5
11,2,2735.0,64,10,100,5
11,2,2740.0,64,10,100,5
11,2,2745.0,64,10,100,5
11,2,2750.0,65,10,100,5
11,2,2755.0,64,10,100,5
11,2,2760.0,64,10,100,5
11,2,2765.0,62,10,100,5
11,2,2770.0,63,10,100,5
11,2,2775.0,62,10,100,5
11,2,2780.0,61,10,100,5
11,2,2785.0,62,10,100,5
11,2,2790.0,63,10,100,5
11,2,2795.0,61,10,100,5
11,2,2800.0,60,10,100,5
11,2,2805.0,60,10,100,5
11,2,2810.0,60,10,100,5
11,2,2815.0,58,10,100,5
11,2,2820.0,58,10,100,5
11,2,2825.0,57,10,100,5
11,2,2830.0,58,10,100,5
11,2,2835.0,57,10,100,5
11,2,2840.0,59,10,100,5
11,2,2845.0,58,10,100,5
11,2,2850.0,58,10,100,5
11,2,2855.0,58,10,100,5
11,2,2860.0,57,10,100,5
11,2,2865.0,57,10,100,5
11,2,2870.0,55,10,100,5
11,2,2875.0,55,10,100,5
11,2,2880.0,53,10,100,5
11,2,2885.0,52,10,100,5
11,2,2890.0,52,10,100,5
11,2,2895.0,53,10,100,5
11,2,2900.0,54,10,100,5
11,2,2905.0,55,10,100,5
11,2,2910.0,54,10,100,5
11,2,2915.0,54,10,100,5
11,2,2920.0,55,10,100,5
11,2,2925.0,54,10,100,5
11,2,2930.0,55,10,100,5
11,2,2935.0,55,10,100,5
11,2,2940.0,55,10,100,5
11,2,2945.0,55,10,100,5
11,2,2950.0,55,10,100,5
11,2,2955.0,55,10,100,5
11,2,2960.0,56,10,100,5
11,2,2965.0,56,10,100,5
11,2,2970.0,57,10,100,5
11,2,2975.0,56,10,100,5
11,2,2980.0,56,10,100,5
11,2,2985.0,56,10,100,5
11,2,2990.0,54,10,100,5
11,2,2995.0,53,10,100,5
11,2,3000.0,52,10,100,5
11,2,3005.0,51,10,100,5
11,2,3010.0,50,10,100,5
11,2,3015.0,49,10,100,5
11,2,3020.0,49,10,100,5
11,2,3025.0,50,10,100,5
11,2,3030.0,48,10,100,5
11,2,3035.0,48,10,100,5
11,2,3040.0,50,10,100,5
11,2,3045.0,51,10,100,5
11,2,3050.0,50,10,100,5
11,2,3055.0,52,10,100,5
11,2,3060.0,52,10,100,5
11,2,3065.0,52,10,100,5
11,2,3070.0,51,10,100,5
11,2,3075.0,52,10,100,5
11,2,3080.0,52,10,100,5
11,2,3085.0,52,10,100,5
11,2,3090.0,52,10,100,5
11,2,3095.0,52,10,100,5
11,2,3100.0,51,10,100,5
11,2,3105.0,51,10,100,5
11,2,3110.0,51,10,100,5
11,2,3115.0,51,10,100,5
11,2,3120.0,52,10,100,5
11,2,3125.0,52,10,100,5
11,2,3130.0,54,10,100,5
11,2,3135.0,53,10,100,5
11,2,3140.0,53,10,100,5
11,2,3145.0,55,10,100,5
11,2,3150.0,55,10,100,5
11,2,3155.0,56,10,100,5
11,2,3160.0,55,10,100,5
11,2,3165.0,54,10,100,5
11,2,3170.0,54,10,100,5
11,2,3175.0,54,10,100,5
11,2,3180.0,54,10,100,5
11,2,3185.0,55,10,100,5
11,2,3190.0,56,10,100,5
11,2,3195.0,54,10,100,5
11,2,3200.0,55,10,100,5
11,2,3205.0,55,10,100,5
11,2,3210.0,55,10,100,5
11,2,3215.0,57,10,100,5
11,2,3220.0,55,10,100,5
11,2,3225.0,54,10,100,5
11,2,3230.0,55,10,100,5
11,2,3235.0,56,10,100,5
11,2,3240.0,56,10,100,5
11,2,3245.0,54,10,100,5
11,2,3250.0,54,10,100,5
11,2,3255.0,54,10,100,5
11,2,3260.0,54,10,100,5
11,2,3265.0,54,10,100,5
11,2,3270.0,53,10,100,5
11,2,3275.0,53,10,100,5
11,2,3280.0,53,10,100,5
11,2,3285.0,54,10,100,5
11,2,3290.0,53,10,100,5
11,2,3295.0,53,10,100,5
11,2,3300.0,54,10,100,5
11,2,3305.0,53,10,100,5
11,2,3310.0,54,10,100,5
11,2,3315.0,54,10,100,5
11,2,3320.0,54,10,100,5
11,2,3325.0,54,10,100,5
11,2,3330.0,56,10,100,5
11,2,3335.0,56,10,100,5
11,2,3340.0,56,10,100,5
11,2,3345.0,56,10,100,5
11,2,3350.0,56,10,100,5
11,2,3355.0,56,10,100,5
11,2,3360.0,55,10,100,5
11,2,3365.0,55,10,100,5
11,2,3370.0,54,10,100,5
11,2,3375.0,54,10,100,5
11,2,3380.0,53,10,100,5
11,2,3385.0,52,10,100,5
11,2,3390.0,53,10,100,5
11,2,3395.0,53,10,100,5
11,2,3400.0,55,10,100,5
11,2,3405.0,53,10,100,5
11,2,3410.0,53,10,100,5
11,2,3415.0,53,10,100,5
11,2,3420.0,53,10,100,5
11,2,3425.0,53,10,100,5
11,2,3430.0,53,10,100,5
11,2,3435.0,54,10,100,5
11,2,3440.0,54,10,100,5
11,2,3445.0,55,10,100,5
11,2,3450.0,54,10,100,5
11,2,3455.0,54,10,100,5
11,2,3460.0,55,10,100,5
11,2,3465.0,56,10,100,5
11,2,3470.0,56,10,100,5
11,2,3475.0,56,10,100,5
11,2,3480.0,57,10,100,5
11,2,3485.0,58,10,100,5
11,2,3490.0,59,10,100,5
11,2,3495.0,59,10,100,5
11,2,3500.0,61,10,100,5
11,2,3505.0,63,10,100,5
11,2,3510.0,62,10,100,5
11,2,3515.0,63,10,100,5
11,2,3520.0,64,10,100,5
11,2,3525.0,65,10,100,5
11,2,3530.0,64,10,100,5
11,2,3535.0,64,10,100,5
11,2,3540.0,64,10,100,5
11,2,3545.0,64,10,100,5
11,2,3550.0,64,10,100,5
11,2,3555.0,63,10,100,5
11,2,3560.0,63,10,100,5
11,2,3565.0,63,10,100,5
11,2,3570.0,65,10,100,5
11,2,3575.0,65,10,100,5
11,2,3580.0,64,10,100,5
11,2,3585.0,64,10,100,5
11,2,3590.0,64,10,100,5
11,2,3595.0,64,10,100,5
11,2,3600.0,63,10,100,5
11,2,3605.0,62,10,100,5
11,2,3610.0,62,10,100,5
11,2,3615.0,63,10,100,5
11,2,3620.0,64,10,100,5
11,2,3625.0,65,10,100,5
11,2,3630.0,66,10,100,5
11,2,3635.0,66,10,100,5
11,2,3640.0,66,10,100,5
11,2,3645.0,65,10,100,5
11,2,3650.0,65,10,100,5
11,2,3655.0,64,10,100,5
11,2,3660.0,63,10,100,5
11,2,3665.0,62,10,100,5
11,2,3670.0,61,10,100,5
11,2,3675.0,61,10,100,5
11,2,3680.0,61,10,100,5
11,2,3685.0,61,10,100,5
11,2,3690.0,62,10,100,5
11,2,3695.0,63,10,100,5
11,2,3700.0,63,10,100,5
11,2,3705.0,63,10,100,5
11,2,3710.0,63,10,100,5
11,2,3715.0,64,10,100,5
11,2,3720.0,64,10,100,5
11,2,3725.0,63,10,100,5
11,2,3730.0,63,10,100,5
11,2,3735.0,62,10,100,5
11,2,3740.0,62,10,100,5
11,2,3745.0,62,10,100,5
11,2,3750.0,61,10,100,5
11,2,3755.0,62,10,100,5
11,2,3760.0,62,10,100,5
11,2,3765.0,62,10,100,5
11,2,3770.0,61,10,100,5
11,2,3775.0,61,10,100,5
11,2,3780.0,62,10,100,5
11,2,3785.0,61,10,100,5
11,2,3790.0,61,10,100,5
11,2,3795.0,61,10,100,5
11,2,3800.0,60,10,100,5
11,2,3805.0,61,10,100,5
11,2,3810.0,62,10,100,5
11,2,3815.0,62,10,100,5
11,2,3820.0,62,10,100,5
11,2,3825.0,61,10,100,5
11,2,3830.0,61,10,100,5
11,2,3835.0,61,10,100,5
11,2,3840.0,62,10,100,5
11,2,3845.0,61,10,100,5
11,2,3850.0,61,10,100,5
11,2,3855.0,62,10,100,5
11,2,3860.0,62,10,100,5
11,2,3865.0,62,10,100,5
11,2,3870.0,61,10,100,5
11,2,3875.0,61,10,100,5
11,2,3880.0,61,10,100,5
11,2,3885.0,61,10,100,5
11,2,3890.0,60,10,100,5
11,2,3895.0,58,10,100,5
11,2,3900.0,58,10,100,5
11,2,3905.0,58,10,100,5
11,2,3910.0,58,10,100,5
11,2,3915.0,56,10,100,5
11,2,3920.0,56,10,100,5
11,2,3925.0,57,10,100,5
11,2,3930.0,57,10,100,5
11,2,3935.0,57,10,100,5
11,2,3940.0,59,10,100,5
11,2,3945.0,58,10,100,5
11,2,3950.0,58,10,100,5
11,2,3955.0,58,10,100,5
11,2,3960.0,59,10,100,5
11,2,3965.0,59,10,100,5
11,2,3970.0,59,10,100,5
11,2,3975.0,58,10,100,5
11,2,3980.0,57,10,100,5
11,2,3985.0,57,10,100,5
11,2,3990.0,56,10,100,5
11,2,3995.0,56,10,100,5
11,2,4000.0,56,10,100,5
11,2,4005.0,57,10,100,5
11,2,4010.0,57,10,100,5
11,2,4015.0,58,10,100,5
11,2,4020.0,58,10,100,5
11,2,4025.0,59,10,100,5
11,2,4030.0,60,10,100,5
11,2,4035.0,61,10,100,5
11,2,4040.0,61,10,100,5
11,2,4045.0,60,10,100,5
11,2,4050.0,63,10,100,5
11,2,4055.0,62,10,100,5
11,2,4060.0,63,10,100,5
11,2,4065.0,63,10,100,5
11,2,4070.0,63,10,100,5
11,2,4075.0,63,10,100,5
11,2,4080.0,63,10,100,5
11,2,4085.0,63,10,100,5
11,2,4090.0,63,10,100,5
11,2,4095.0,64,10,100,5
11,2,4100.0,64,10,100,5
11,2,4105.0,64,10,100,5
11,2,4110.0,63,10,100,5
11,2,4115.0,61,10,100,5
11,2,4120.0,61,10,100,5
11,2,4125.0,60,10,100,5
11,2,4130.0,60,10,100,5
11,2,4135.0,59,10,100,5
11,2,4140.0,59,10,100,5
11,2,4145.0,59,10,100,5
11,2,4150.0,61,10,100,5
11,2,4155.0,61,10,100,5
11,2,4160.0,60,10,100,5
11,2,4165.0,60,10,100,5
11,2,4170.0,60,10,100,5
11,2,4175.0,60,10,100,5
11,2,4180.0,60,10,100,5
11,2,4185.0,60,10,100,5
11,2,4190.0,62,10,100,5
11,2,4195.0,63,10,100,5
11,2,4200.0,62,10,100,5
11,2,4205.0,61,10,100,5
11,2,4210.0,61,10,100,5
11,2,4215.0,61,10,100,5
11,2,4220.0,63,10,100,5
11,2,4225.0,62,10,100,5
11,2,4230.0,63,10,100,5
11,2,4235.0,64,10,100,5
11,2,4240.0,62,10,100,5
11,2,4245.0,61,10,100,5
11,2,4250.0,62,10,100,5
11,2,4255.0,62,10,100,5
11,2,4260.0,62,10,100,5
11,2,4265.0,62,10,100,5
11,2,4270.0,62,10,100,5
11,2,4275.0,61,10,100,5
11,2,4280.0,62,10,100,5
11,2,4285.0,62,10,100,5
11,2,4290.0,63,10,100,5
11,2,4295.0,63,10,100,5
11,2,4300.0,62,10,100,5
11,2,4305.0,63,10,100,5
11,2,4310.0,63,10,100,5
11,2,4315.0,62,10,100,5
11,2,4320.0,62,10,100,5
11,2,4325.0,62,10,100,5
11,2,4330.0,62,10,100,5
11,2,4335.0,62,10,100,5
11,2,4340.0,62,10,100,5
11,2,4345.0,61,10,100,5
11,2,4350.0,63,10,100,5
11,2,4355.0,62,10,100,5
11,2,4360.0,62,10,100,5
11,2,4365.0,61,10,100,5
11,2,4370.0,61,10,100,5
11,2,4375.0,62,10,100,5
11,2,4380.0,62,10,100,5
11,2,4385.0,62,10,100,5
11,2,4390.0,63,10,100,5
11,2,4395.0,63,10,100,5
11,2,4400.0,64,10,100,5
11,2,4405.0,64,10,100,5
11,2,4410.0,63,10,100,5
11,2,4415.0,64,10,100,5
11,2,4420.0,64,10,100,5
11,2,4425.0,64,10,100,5
11,2,4430.0,63,10,100,5
11,2,4435.0,63,10,100,5
11,2,4440.0,64,10,100,5
11,2,4445.0,65,10,100,5
11,2,4450.0,65,10,100,5
11,2,4455.0,66,10,100,5
11,2,4460.0,67,10,100,5
11,2,4465.0,68,10,100,5
11,2,4470.0,67,10,100,5
11,2,4475.0,67,10,100,5
11,2,4480.0,67,10,100,5
11,2,4485.0,69,10,100,5
11,2,4490.0,68,10,100,5
11,2,4495.0,69,10,100,5
11,2,4500.0,70,10,100,5
11,2,4505.0,71,10,100,5
11,2,4510.0,71,10,100,5
11,2,4515.0,70,10,100,5
11,2,4520.0,69,10,100,5
11,2,4525.0,68,10,100,5
11,2,4530.0,67,10,100,5
11,2,4535.0,67,10,100,5
11,2,4540.0,67,10,100,5
11,2,4545.0,66,10,100,5
11,2,4550.0,66,10,100,5
11,2,4555.0,66,10,100,5
11,2,4560.0,67,10,100,5
11,2,4565.0,67,10,100,5
11,2,4570.0,67,10,100,5
11,2,4575.0,68,10,100,5
11,2,4580.0,67,10,100,5
11,2,4585.0,67,10,100,5
11,2,4590.0,66,10,100,5
11,2,4595.0,63,10,100,5
11,2,4600.0,62,10,100,5
11,2,4605.0,62,10,100,5
11,2,4610.0,64,10,100,5
11,2,4615.0,64,10,100,5
11,2,4620.0,64,10,100,5
11,2,4625.0,66,10,100,5
11,2,4630.0,66,10,100,5
11,2,4635.0,66,10,100,5
11,2,4640.0,68,10,100,5
11,2,4645.0,68,10,100,5
11,2,4650.0,68,10,100,5
11,2,4655.0,68,10,100,5
11,2,4660.0,67,10,100,5
11,2,4665.0,67,10,100,5
11,2,4670.0,67,10,100,5
11,2,4675.0,69,10,100,5
11,2,4680.0,69,10,100,5
11,2,4685.0,68,10,100,5
11,2,4690.0,68,10,100,5
11,2,4695.0,68,10,100,5
11,2,4700.0,71,10,100,5
11,2,4705.0,71,10,100,5
11,2,4710.0,72,10,100,5
11,2,4715.0,71,10,100,5
11,2,4720.0,71,10,100,5
11,2,4725.0,71,10,100,5
11,2,4730.0,71,10,100,5
11,2,4735.0,70,10,100,5
11,2,4740.0,69,10,100,5
11,2,4745.0,69,10,100,5
11,2,4750.0,70,10,100,5
11,2,4755.0,70,10,100,5
11,2,4760.0,70,10,100,5
11,2,4765.0,71,10,100,5
11,2,4770.0,72,10,100,5
11,2,4775.0,72,10,100,5
11,2,4780.0,71,10,100,5
11,2,4785.0,70,10,100,5
11,2,4790.0,70,10,100,5
11,2,4795.0,70,10,100,5
11,2,4800.0,70,10,100,5
11,2,4805.0,68,10,100,5
11,2,4810.0,69,10,100,5
11,2,4815.0,68,10,100,5
11,2,4820.0,67,10,100,5
11,2,4825.0,67,10,100,5
11,2,4830.0,67,10,100,5
11,2,4835.0,68,10,100,5
11,2,4840.0,68,10,100,5
11,2,4845.0,68,10,100,5
11,2,4850.0,67,10,100,5
11,2,4855.0,66,10,100,5
11,2,4860.0,67,10,100,5
11,2,4865.0,67,10,100,5
11,2,4870.0,68,10,100,5
11,2,4875.0,67,10,100,5
11,2,4880.0,67,10,100,5
11,2,4885.0,67,10,100,5
11,2,4890.0,66,10,100,5
11,2,4895.0,66,10,100,5
11,2,4900.0,68,10,100,5
11,2,4905.0,68,10,100,5
11,2,4910.0,66,10,100,5
11,2,4915.0,67,10,100,5
11,2,4920.0,66,10,100,5
11,2,4925.0,67,10,100,5
11,2,4930.0,68,10,100,5
11,2,4935.0,66,10,100,5
11,2,4940.0,68,10,100,5
11,2,4945.0,68,10,100,5
11,2,4950.0,69,10,100,5
11,2,4955.0,69,10,100,5
11,2,4960.0,69,10,100,5
11,2,4965.0,70,10,100,5
11,2,4970.0,68,10,100,5
11,2,4975.0,68,10,100,5
11,2,4980.0,68,10,100,5
11,2,4985.0,67,10,100,5
11,2,4990.0,67,10,100,5
11,2,4995.0,65,10,100,5
11,2,5000.0,67,10,100,5
11,2,5005.0,67,10,100,5
11,2,5010.0,67,10,100,5
11,2,5015.0,66,10,100,5
11,2,5020.0,66,10,100,5
11,2,5025.0,68,10,100,5
11,2,5030.0,67,10,100,5
11,2,5035.0,67,10,100,5
11,2,5040.0,66,10,100,5
11,2,5045.0,66,10,100,5
11,2,5050.0,65,10,100,5
11,2,5055.0,65,10,100,5
11,2,5060.0,66,10,100,5
11,2,5065.0,68,10,100,5
11,2,5070.0,67,10,100,5
11,2,5075.0,67,10,100,5
11,2,5080.0,67,10,100,5
11,2,5085.0,67,10,100,5
11,2,5090.0,66,10,100,5
11,2,5095.0,68,10,100,5
11,2,5100.0,67,10,100,5
11,2,5105.0,67,10,100,5
11,2,5110.0,67,10,100,5
11,2,5115.0,67,10,100,5
11,2,5120.0,66,10,100,5
11,2,5125.0,66,10,100,5
11,2,5130.0,66,10,100,5
11,2,5135.0,66,10,100,5
11,2,5140.0,64,10,100,5
11,2,5145.0,67,10,100,5
11,2,5150.0,67,10,100,5
11,2,5155.0,67,10,100,5
11,2,5160.0,67,10,100,5
11,2,5165.0,66,10,100,5
11,2,5170.0,66,10,100,5
11,2,5175.0,66,10,100,5
11,2,5180.0,63,10,100,5
11,2,5185.0,63,10,100,5
11,2,5190.0,64,10,100,5
11,2,5195.0,64,10,100,5
11,2,5200.0,64,10,100,5
11,2,5205.0,65,10,100,5
11,2,5210.0,67,10,100,5
11,2,5215.0,67,10,100,5
11,2,5220.0,67,10,100,5
11,2,5225.0,66,10,100,5
11,2,5230.0,67,10,100,5
11,2,5235.0,67,10,100,5
11,2,5240.0,67,10,100,5
11,2,5245.0,68,10,100,5
11,2,5250.0,69,10,100,5
11,2,5255.0,69,10,100,5
11,2,5260.0,70,10,100,5
11,2,5265.0,70,10,100,5
11,2,5270.0,69,10,100,5
11,2,5275.0,69,10,100,5
11,2,5280.0,69,10,100,5
11,2,5285.0,71,10,100,5
11,2,5290.0,71,10,100,5
11,2,5295.0,71,10,100,5
11,2,5300.0,74,10,100,5
11,2,5305.0,73,10,100,5
11,2,5310.0,73,10,100,5
11,2,5315.0,73,10,100,5
11,2,5320.0,73,10,100,5
11,2,5325.0,74,10,100,5
11,2,5330.0,73,10,100,5
11,2,5335.0,73,10,100,5
11,2,5340.0,72,10,100,5
11,2,5345.0,70,10,100,5
11,2,5350.0,69,10,100,5
11,2,5355.0,70,10,100,5
11,2,5360.0,70,10,100,5
11,2,5365.0,70,10,100,5
11,2,5370.0,70,10,100,5
11,2,5375.0,69,10,100,5
11,2,5380.0,68,10,100,5
11,2,5385.0,68,10,100,5
11,2,5390.0,69,10,100,5
11,2,5395.0,68,10,100,5
11,2,5400.0,67,10,100,5
11,2,5405.0,68,10,100,5
11,2,5410.0,68,10,100,5
11,2,5415.0,68,10,100,5
11,2,5420.0,68,10,100,5
11,2,5425.0,69,10,100,5
11,2,5430.0,68,10,100,5
11,2,5435.0,68,10,100,5
11,2,5440.0,68,10,100,5
11,2,5445.0,68,10,100,5
11,2,5450.0,68,10,100,5
11,2,5455.0,67,10,100,5
11,2,5460.0,66,10,100,5
11,2,5465.0,66,10,100,5
11,2,5470.0,68,10,100,5
11,2,5475.0,69,10,100,5
11,2,5480.0,69,10,100,5
11,2,5485.0,68,10,100,5
11,2,5490.0,67,10,100,5
11,2,5495.0,67,10,100,5
11,2,5500.0,67,10,100,5
11,2,5505.0,66,10,100,5
11,2,5510.0,68,10,100,5
11,2,5515.0,66,10,100,5
11,2,5520.0,66,10,100,5
11,2,5525.0,65,10,100,5
11,2,5530.0,64,10,100,5
11,2,5535.0,65,10,100,5
11,2,5540.0,65,10,100,5
11,2,5545.0,65,10,100,5
11,2,5550.0,66,10,100,5
11,2,5555.0,67,10,100,5
11,2,5560.0,66,10,100,5
11,2,5565.0,66,10,100,5
11,2,5570.0,66,10,100,5
11,2,5575.0,66,10,100,5
11,2,5580.0,65,10,100,5
11,2,5585.0,66,10,100,5
11,2,5590.0,67,10,100,5
11,2,5595.0,67,10,100,5
11,2,5600.0,67,10,100,5
11,2,5605.0,68,10,100,5
11,2,5610.0,67,10,100,5
11,2,5615.0,68,10,100,5
11,2,5620.0,66,10,100,5
11,2,5625.0,66,10,100,5
11,2,5630.0,66,10,100,5
11,2,5635.0,66,10,100,5
11,2,5640.0,66,10,100,5
11,2,5645.0,66,10,100,5
11,2,5650.0,67,10,100,5
11,2,5655.0,69,10,100,5
11,2,5660.0,69,10,100,5
11,2,5665.0,66,10,100,5
11,2,5670.0,67,10,100,5
11,2,5675.0,67,10,100,5
11,2,5680.0,67,10,100,5
11,2,5685.0,67,10,100,5
11,2,5690.0,67,10,100,5
11,2,5695.0,67,10,100,5
11,2,5700.0,65,10,100,5
11,2,5705.0,67,10,100,5
11,2,5710.0,67,10,100,5
11,2,5715.0,67,10,100,5
11,2,5720.0,66,10,100,5
11,2,5725.0,66,10,100,5
11,2,5730.0,66,10,100,5
11,2,5735.0,67,10,100,5
11,2,5740.0,66,10,100,5
11,2,5745.0,66,10,100,5
11,2,5750.0,66,10,100,5
11,2,5755.0,66,10,100,5
11,2,5760.0,66,10,100,5
11,2,5765.0,67,10,100,5
11,2,5770.0,66,10,100,5
11,2,5775.0,67,10,100,5
11,2,5780.0,65,10,100,5
11,2,5785.0,65,10,100,5
11,2,5790.0,62,10,100,5
11,2,5795.0,62,10,100,5
11,2,5800.0,64,10,100,5
11,2,5805.0,64,10,100,5
11,2,5810.0,63,10,100,5
11,2,5815.0,63,10,100,5
11,2,5820.0,63,10,100,5
11,2,5825.0,63,10,100,5
11,2,5830.0,63,10,100,5
11,2,5835.0,61,10,100,5
11,2,5840.0,61,10,100,5
11,2,5845.0,61,10,100,5
11,2,5850.0,60,10,100,5
11,2,5855.0,60,10,100,5
11,2,5860.0,61,10,100,5
11,2,5865.0,63,10,100,5
11,2,5870.0,63,10,100,5
11,2,5875.0,64,10,100,5
11,2,5880.0,63,10,100,5
11,2,5885.0,64,10,100,5
11,2,5890.0,64,10,100,5
11,2,5895.0,65,10,100,5
11,2,5900.0,67,10,100,5
11,2,5905.0,67,10,100,5
11,2,5910.0,67,10,100,5
11,2,5915.0,68,10,100,5
11,2,5920.0,68,10,100,5
11,2,5925.0,67,10,100,5
11,2,5930.0,67,10,100,5
11,2,5935.0,67,10,100,5
11,2,5940.0,67,10,100,5
11,2,5945.0,67,10,100,5
11,2,5950.0,67,10,100,5
11,2,5955.0,67,10,100,5
11,2,5960.0,67,10,100,5
11,2,5965.0,67,10,100,5
11,2,5970.0,66,10,100,5
11,2,5975.0,66,10,100,5
11,2,5980.0,66,10,100,5
11,2,5985.0,68,10,100,5
11,2,5990.0,68,10,100,5
11,2,5995.0,70,10,100,5
11,2,6000.0,68,10,100,5
11,2,6005.0,68,10,100,5
11,2,6010.0,69,10,100,5
11,2,6015.0,68,10,100,5
11,2,6020.0,67,10,100,5
11,2,6025.0,66,10,100,5
11,2,6030.0,66,10,100,5
11,2,6035.0,66,10,100,5
11,2,6040.0,66,10,100,5
11,2,6045.0,66,10,100,5
11,2,6050.0,66,10,100,5
11,2,6055.0,66,10,100,5
11,2,6060.0,66,10,100,5
11,2,6065.0,66,10,100,5
11,2,6070.0,65,10,100,5
11,2,6075.0,64,10,100,5
11,2,6080.0,64,10,100,5
11,2,6085.0,65,10,100,5
11,2,6090.0,65,10,100,5
11,2,6095.0,65,10,100,5
11,2,6100.0,64,10,100,5
11,2,6105.0,63,10,100,5
11,2,6110.0,62,10,100,5
11,2,6115.0,62,10,100,5
11,2,6120.0,62,10,100,5
11,2,6125.0,62,10,100,5
11,2,6130.0,62,10,100,5
11,2,6135.0,62,10,100,5
11,2,6140.0,62,10,100,5
11,2,6145.0,63,10,100,5
11,2,6150.0,63,10,100,5
11,2,6155.0,63,10,100,5
11,2,6160.0,64,10,100,5
11,2,6165.0,65,10,100,5
11,2,6170.0,65,10,100,5
11,2,6175.0,65,10,100,5
11,2,6180.0,65,10,100,5
11,2,6185.0,65,10,100,5
11,2,6190.0,64,10,100,5
11,2,6195.0,64,10,100,5
11,2,6200.0,65,10,100,5
11,2,6205.0,63,10,100,5
11,2,6210.0,63,10,100,5
11,2,6215.0,63,10,100,5
11,2,6220.0,64,10,100,5
11,2,6225.0,64,10,100,5
11,2,6230.0,64,10,100,5
11,2,6235.0,64,10,100,5
11,2,6240.0,64,10,100,5
11,2,6245.0,65,10,100,5
11,2,6250.0,66,10,100,5
11,2,6255.0,66,10,100,5
11,2,6260.0,66,10,100,5
11,2,6265.0,66,10,100,5
11,2,6270.0,65,10,100,5
11,2,6275.0,66,10,100,5
11,2,6280.0,66,10,100,5
11,2,6285.0,64,10,100,5
11,2,6290.0,63,10,100,5
11,2,6295.0,62,10,100,5
11,2,6300.0,63,10,100,5
11,2,6305.0,62,10,100,5
11,2,6310.0,61,10,100,5
11,2,6315.0,60,10,100,5
11,2,6320.0,60,10,100,5
11,2,6325.0,61,10,100,5
11,2,6330.0,60,10,100,5
11,2,6335.0,59,10,100,5
11,2,6340.0,59,10,100,5
11,2,6345.0,59,10,100,5
11,2,6350.0,59,10,100,5
11,2,6355.0,57,10,100,5
11,2,6360.0,57,10,100,5
11,2,6365.0,56,10,100,5
11,2,6370.0,57,10,100,5
11,2,6375.0,57,10,100,5
11,2,6380.0,58,10,100,5
11,2,6385.0,59,10,100,5
11,2,6390.0,58,10,100,5
11,2,6395.0,57,10,100,5
11,2,6400.0,56,10,100,5
11,2,6405.0,55,10,100,5
11,2,6410.0,56,10,100,5
11,2,6415.0,58,10,100,5
11,2,6420.0,58,10,100,5
11,2,6425.0,59,10,100,5
11,2,6430.0,59,10,100,5
11,2,6435.0,58,10,100,5
11,2,6440.0,58,10,100,5
11,2,6445.0,58,10,100,5
11,2,6450.0,58,10,100,5
11,2,6455.0,58,10,100,5
11,2,6460.0,59,10,100,5
11,2,6465.0,58,10,100,5
11,2,6470.0,56,10,100,5
11,2,6475.0,56,10,100,5
11,2,6480.0,57,10,100,5
11,2,6485.0,57,10,100,5
11,2,6490.0,56,10,100,5
11,2,6495.0,56,10,100,5
11,2,6500.0,57,10,100,5
11,2,6505.0,58,10,100,5
11,2,6510.0,58,10,100,5
11,2,6515.0,59,10,100,5
11,2,6520.0,59,10,100,5
11,2,6525.0,59,10,100,5
11,2,6530.0,59,10,100,5
11,2,6535.0,60,10,100,5
11,2,6540.0,61,10,100,5
11,2,6545.0,61,10,100,5
11,2,6550.0,61,10,100,5
11,2,6555.0,61,10,100,5
11,2,6560.0,61,10,100,5
11,2,6565.0,61,10,100,5
11,2,6570.0,61,10,100,5
11,2,6575.0,62,10,100,5
11,2,6580.0,65,10,100,5
11,2,6585.0,64,10,100,5
11,2,6590.0,63,10,100,5
11,2,6595.0,64,10,100,5
11,2,6600.0,64,10,100,5
11,2,6605.0,63,10,100,5
11,2,6610.0,63,10,100,5
11,2,6615.0,63,10,100,5
11,2,6620.0,64,10,100,5
11,2,6625.0,63,10,100,5
11,2,6630.0,63,10,100,5
11,2,6635.0,63,10,100,5
11,2,6640.0,63,10,100,5
11,2,6645.0,65,10,100,5
11,2,6650.0,66,10,100,5
11,2,6655.0,67,10,100,5
11,2,6660.0,65,10,100,5
11,2,6665.0,65,10,100,5
11,2,6670.0,65,10,100,5
11,2,6675.0,65,10,100,5
11,2,6680.0,65,10,100,5
11,2,6685.0,65,10,100,5
11,2,6690.0,65,10,100,5
11,2,6695.0,65,10,100,5
11,2,6700.0,64,10,100,5
11,2,6705.0,65,10,100,5
11,2,6710.0,65,10,100,5
11,2,6715.0,65,10,100,5
11,2,6720.0,66,10,100,5
11,2,6725.0,66,10,100,5
11,2,6730.0,65,10,100,5
11,2,6735.0,65,10,100,5
11,2,6740.0,65,10,100,5
11,2,6745.0,65,10,100,5
11,2,6750.0,65,10,100,5
11,2,6755.0,64,10,100,5
11,2,6760.0,64,10,100,5
11,2,6765.0,63,10,100,5
11,2,6770.0,62,10,100,5
11,2,6775.0,62,10,100,5
11,2,6780.0,61,10,100,5
11,2,6785.0,61,10,100,5
11,2,6790.0,61,10,100,5
11,2,6795.0,66,10,100,5
11,2,6800.0,65,10,100,5
11,2,6805.0,65,10,100,5
11,2,6810.0,65,10,100,5
11,2,6815.0,65,10,100,5
11,2,6820.0,65,10,100,5
11,2,6825.0,65,10,100,5
11,2,6830.0,65,10,100,5
11,2,6835.0,66,10,100,5
11,2,6840.0,68,10,100,5
11,2,6845.0,67,10,100,5
11,2,6850.0,68,10,100,5
11,2,6855.0,67,10,100,5
11,2,6860.0,65,10,100,5
11,2,6865.0,65,10,100,5
11,2,6870.0,66,10,100,5
11,2,6875.0,66,10,100,5
11,2,6880.0,67,10,100,5
11,2,6885.0,66,10,100,5
11,2,6890.0,66,10,100,5
11,2,6895.0,65,10,100,5
11,2,6900.0,64,10,100,5
11,2,6905.0,64,10,100,5
11,2,6910.0,63,10,100,5
11,2,6915.0,64,10,100,5
11,2,6920.0,64,10,100,5
11,2,6925.0,64,10,100,5
11,2,6930.0,65,10,100,5
11,2,6935.0,65,10,100,5
11,2,6940.0,65,10,100,5
11,2,6945.0,65,10,100,5
11,2,6950.0,65,10,100,5
11,2,6955.0,66,10,100,5
11,2,6960.0,66,10,100,5
11,2,6965.0,66,10,100,5
11,2,6970.0,66,10,100,5
11,2,6975.0,67,10,100,5
11,2,6980.0,68,10,100,5
11,2,6985.0,67,10,100,5
11,2,6990.0,66,10,100,5
11,2,6995.0,66,10,100,5
11,2,7000.0,64,10,100,5
11,2,7005.0,65,10,100,5
11,2,7010.0,65,10,100,5
11,2,7015.0,65,10,100,5
11,2,7020.0,63,10,100,5
11,2,7025.0,63,10,100,5
11,2,7030.0,64,10,100,5
11,2,7035.0,63,10,100,5
11,2,7040.0,63,10,100,5
11,2,7045.0,64,10,100,5
11,2,7050.0,64,10,100,5
11,2,7055.0,63,10,100,5
11,2,7060.0,63,10,100,5
11,2,7065.0,64,10,100,5
11,2,7070.0,64,10,100,5
11,2,7075.0,64,10,100,5
11,2,7080.0,65,10,100,5
11,2,7085.0,65,10,100,5
11,2,7090.0,65,10,100,5
11,2,7095.0,65,10,100,5
11,2,7100.0,65,10,100,5
11,2,7105.0,67,10,100,5
11,2,7110.0,67,10,100,5
11,2,7115.0,65,10,100,5
11,2,7120.0,65,10,100,5
11,2,7125.0,65,10,100,5
11,2,7130.0,64,10,100,5
11,2,7135.0,63,10,100,5
11,2,7140.0,62,10,100,5
11,2,7145.0,62,10,100,5
11,2,7150.0,62,10,100,5
11,2,7155.0,63,10,100,5
11,2,7160.0,64,10,100,5
11,2,7165.0,64,10,100,5
11,2,7170.0,64,10,100,5
11,2,7175.0,64,10,100,5
11,2,7180.0,64,10,100,5
11,2,7185.0,64,10,100,5
11,2,7190.0,65,10,100,5
11,2,7195.0,66,10,100,5
11,2,7200.0,63,10,100,5
11,2,7205.0,63,10,100,5
11,2,7210.0,63,10,100,5
11,2,7215.0,63,10,100,5
11,2,7220.0,63,10,100,5
11,2,7225.0,61,10,100,5
11,2,7230.0,61,10,100,5
11,2,7235.0,61,10,100,5
11,2,7240.0,62,10,100,5
11,2,7245.0,62,10,100,5
11,2,7250.0,63,10,100,5
11,2,7255.0,63,10,100,5
11,2,7260.0,64,10,100,5
11,2,7265.0,65,10,100,5
11,2,7270.0,65,10,100,5
11,2,7275.0,66,10,100,5
11,2,7280.0,66,10,100,5
11,2,7285.0,66,10,100,5
11,2,7290.0,67,10,100,5
11,2,7295.0,67,10,100,5
11,2,7300.0,69,10,100,5
11,2,7305.0,70,10,100,5
11,2,7310.0,70,10,100,5
11,2,7315.0,70,10,100,5
11,2,7320.0,69,10,100,5
11,2,7325.0,69,10,100,5
11,2,7330.0,68,10,100,5
11,2,7335.0,68,10,100,5
11,2,7340.0,68,10,100,5
11,2,7345.0,68,10,100,5
11,2,7350.0,69,10,100,5
11,2,7355.0,69,10,100,5
11,2,7360.0,70,10,100,5
11,2,7365.0,68,10,100,5
11,2,7370.0,67,10,100,5
11,2,7375.0,67,10,100,5
11,2,7380.0,67,10,100,5
11,2,7385.0,67,10,100,5
11,2,7390.0,67,10,100,5
11,2,7395.0,67,10,100,5
11,2,7400.0,68,10,100,5
11,2,7405.0,67,10,100,5
11,2,7410.0,67,10,100,5
11,2,7415.0,66,10,100,5
11,2,7420.0,66,10,100,5
11,2,7425.0,66,10,100,5
11,2,7430.0,66,10,100,5
11,2,7435.0,65,10,100,5
11,2,7440.0,65,10,100,5
11,2,7445.0,66,10,100,5
11,2,7450.0,66,10,100,5
11,2,7455.0,69,10,100,5
11,2,7460.0,71,10,100,5
11,2,7465.0,70,10,100,5
11,2,7470.0,70,10,100,5
11,2,7475.0,70,10,100,5
11,2,7480.0,70,10,100,5
11,2,7485.0,70,10,100,5
11,2,7490.0,69,10,100,5
11,2,7495.0,69,10,100,5
11,2,7500.0,69,10,100,5
11,2,7505.0,69,10,100,5
11,2,7510.0,69,10,100,5
11,2,7515.0,69,10,100,5
11,2,7520.0,69,10,100,5
11,2,7525.0,69,10,100,5
11,2,7530.0,69,10,100,5
11,2,7535.0,70,10,100,5
11,2,7540.0,69,10,100,5
11,2,7545.0,70,10,100,5
12,1,5.0,100,10,100,6
12,1,10.0,99,10,100,6
12,1,15.0,98,10,100,6
12,1,20.0,98,10,100,6
12,1,25.0,98,10,100,6
12,1,30.0,96,10,100,6
12,1,35.0,96,10,100,6
12,1,40.0,95,10,100,6
12,1,45.0,95,10,100,6
12,1,50.0,94,10,100,6
12,1,55.0,94,10,100,6
12,1,60.0,95,10,100,6
12,1,65.0,94,10,100,6
12,1,70.0,93,10,100,6
12,1,75.0,92,10,100,6
12,1,80.0,90,10,100,6
12,1,85.0,89,10,100,6
12,1,90.0,89,10,100,6
12,1,95.0,89,10,100,6
12,1,100.0,88,10,100,6
12,1,105.0,88,10,100,6
12,1,110.0,89,10,100,6
12,1,115.0,90,10,100,6
12,1,120.0,90,10,100,6
12,1,125.0,89,10,100,6
12,1,130.0,88,10,100,6
12,1,135.0,87,10,100,6
12,1,140.0,87,10,100,6
12,1,145.0,87,10,100,6
12,1,150.0,86,10,100,6
12,1,155.0,86,10,100,6
12,1,160.0,86,10,100,6
12,1,165.0,83,10,100,6
12,1,170.0,83,10,100,6
12,1,175.0,83,10,100,6
12,1,180.0,83,10,100,6
12,1,185.0,82,10,100,6
12,1,190.0,83,10,100,6
12,1,195.0,81,10,100,6
12,1,200.0,81,10,100,6
12,1,205.0,81,10,100,6
12,1,210.0,81,10,100,6
12,1,215.0,82,10,100,6
12,1,220.0,82,10,100,6
12,1,225.0,81,10,100,6
12,1,230.0,82,10,100,6
12,1,235.0,82,10,100,6
12,1,240.0,81,10,100,6
12,1,245.0,81,10,100,6
12,1,250.0,81,10,100,6
12,1,255.0,81,10,100,6
12,1,260.0,81,10,100,6
12,1,265.0,81,10,100,6
12,1,270.0,81,10,100,6
12,1,275.0,81,10,100,6
12,1,280.0,81,10,100,6
12,1,285.0,81,10,100,6
12,1,290.0,81,10,100,6
12,1,295.0,82,10,100,6
12,1,300.0,81,10,100,6
12,1,305.0,82,10,100,6
12,1,310.0,81,10,100,6
12,1,315.0,81,10,100,6
12,1,320.0,81,10,100,6
12,1,325.0,79,10,100,6
12,1,330.0,79,10,100,6
12,1,335.0,78,10,100,6
12,1,340.0,78,10,100,6
12,1,345.0,77,10,100,6
12,1,350.0,78,10,100,6
12,1,355.0,78,10,100,6
12,1,360.0,78,10,100,6
12,1,365.0,76,10,100,6
12,1,370.0,76,10,100,6
12,1,375.0,74,10,100,6
12,1,380.0,74,10,100,6
12,1,385.0,74,10,100,6
12,1,390.0,73,10,100,6
12,1,395.0,72,10,100,6
12,1,400.0,72,10,100,6
12,1,405.0,72,10,100,6
12,1,410.0,71,10,100,6
12,1,415.0,71,10,100,6
12,1,420.0,71,10,100,6
12,1,425.0,70,10,100,6
12,1,430.0,69,10,100,6
12,1,435.0,69,10,100,6
12,1,440.0,70,10,100,6
12,1,445.0,70,10,100,6
12,1,450.0,70,10,100,6
12,1,455.0,70,10,100,6
12,1,460.0,69,10,100,6
12,1,465.0,69,10,100,6
12,1,470.0,69,10,100,6
12,1,475.0,69,10,100,6
12,1,480.0,69,10,100,6
12,1,485.0,68,10,100,6
12,1,490.0,67,10,100,6
12,1,495.0,67,10,100,6
12,1,500.0,67,10,100,6
12,1,505.0,67,10,100,6
12,1,510.0,67,10,100,6
12,1,515.0,65,10,100,6
12,1,520.0,66,10,100,6
12,1,525.0,65,10,100,6
12,1,530.0,65,10,100,6
12,1,535.0,66,10,100,6
12,1,540.0,66,10,100,6
12,1,545.0,65,10,100,6
12,1,550.0,65,10,100,6
12,1,555.0,65,10,100,6
12,1,560.0,65,10,100,6
12,1,565.0,65,10,100,6
12,1,570.0,66,10,100,6
12,1,575.0,66,10,100,6
12,1,580.0,66,10,100,6
12,1,585.0,66,10,100,6
12,1,590.0,66,10,100,6
12,1,595.0,66,10,100,6
12,1,600.0,66,10,100,6
12,1,605.0,66,10,100,6
12,1,610.0,69,10,100,6
12,1,615.0,67,10,100,6
12,1,620.0,67,10,100,6
12,1,625.0,67,10,100,6
12,1,630.0,67,10,100,6
12,1,635.0,66,10,100,6
12,1,640.0,65,10,100,6
12,1,645.0,65,10,100,6
12,1,650.0,66,10,100,6
12,1,655.0,67,10,100,6
12,1,660.0,65,10,100,6
12,1,665.0,65,10,100,6
12,1,670.0,65,10,100,6
12,1,675.0,65,10,100,6
12,1,680.0,64,10,100,6
12,1,685.0,63,10,100,6
12,1,690.0,63,10,100,6
12,1,695.0,62,10,100,6
12,1,700.0,63,10,100,6
12,1,705.0,63,10,100,6
12,1,710.0,62,10,100,6
12,1,715.0,63,10,100,6
12,1,720.0,64,10,100,6
12,1,725.0,66,10,100,6
12,1,730.0,66,10,100,6
12,1,735.0,65,10,100,6
12,1,740.0,65,10,100,6
12,1,745.0,63,10,100,6
12,1,750.0,63,10,100,6
12,1,755.0,64,10,100,6
12,1,760.0,64,10,100,6
12,1,765.0,63,10,100,6
12,1,770.0,62,10,100,6
12,1,775.0,62,10,100,6
12,1,780.0,62,10,100,6
12,1,785.0,62,10,100,6
12,1,790.0,62,10,100,6
12,1,795.0,61,10,100,6
12,1,800.0,62,10,100,6
12,1,805.0,62,10,100,6
12,1,810.0,62,10,100,6
12,1,815.0,62,10,100,6
12,1,820.0,63,10,100,6
12,1,825.0,63,10,100,6
12,1,830.0,64,10,100,6
12,1,835.0,64,10,100,6
12,1,840.0,64,10,100,6
12,1,845.0,64,10,100,6
12,1,850.0,65,10,100,6
12,1,855.0,65,10,100,6
12,1,860.0,65,10,100,6
12,1,865.0,64,10,100,6
12,1,870.0,63,10,100,6
12,1,875.0,64,10,100,6
12,1,880.0,63,10,100,6
12,1,885.0,64,10,100,6
12,1,890.0,64,10,100,6
12,1,895.0,64,10,100,6
12,1,900.0,64,10,100,6
12,1,905.0,64,10,100,6
12,1,910.0,63,10,100,6
12,1,915.0,63,10,100,6
12,1,920.0,63,10,100,6
12,1,925.0,63,10,100,6
12,1,930.0,63,10,100,6
12,1,935.0,63,10,100,6
12,1,940.0,63,10,100,6
12,1,945.0,63,10,100,6
12,1,950.0,63,10,100,6
12,1,955.0,63,10,100,6
12,1,960.0,63,10,100,6
12,1,965.0,63,10,100,6
12,1,970.0,63,10,100,6
12,1,975.0,63,10,100,6
12,1,980.0,63,10,100,6
12,1,985.0,63,10,100,6
12,1,990.0,63,10,100,6
12,1,995.0,63,10,100,6
12,1,1000.0,63,10,100,6
12,1,1005.0,63,10,100,6
12,1,1010.0,63,10,100,6
12,1,1015.0,64,10,100,6
12,1,1020.0,63,10,100,6
12,1,1025.0,61,10,100,6
12,1,1030.0,59,10,100,6
12,1,1035.0,59,10,100,6
12,1,1040.0,59,10,100,6
12,1,1045.0,59,10,100,6
12,1,1050.0,59,10,100,6
12,1,1055.0,60,10,100,6
12,1,1060.0,60,10,100,6
12,1,1065.0,61,10,100,6
12,1,1070.0,60,10,100,6
12,1,1075.0,60,10,100,6
12,1,1080.0,60,10,100,6
12,1,1085.0,60,10,100,6
12,1,1090.0,60,10,100,6
12,1,1095.0,60,10,100,6
12,1,1100.0,60,10,100,6
12,1,1105.0,60,10,100,6
12,1,1110.0,60,10,100,6
12,1,1115.0,60,10,100,6
12,1,1120.0,60,10,100,6
12,1,1125.0,61,10,100,6
12,1,1130.0,59,10,100,6
12,1,1135.0,59,10,100,6
12,1,1140.0,59,10,100,6
12,1,1145.0,58,10,100,6
12,1,1150.0,57,10,100,6
12,1,1155.0,58,10,100,6
12,1,1160.0,57,10,100,6
12,1,1165.0,57,10,100,6
12,1,1170.0,58,10,100,6
12,1,1175.0,59,10,100,6
12,1,1180.0,60,10,100,6
12,1,1185.0,59,10,100,6
12,1,1190.0,60,10,100,6
12,1,1195.0,59,10,100,6
12,1,1200.0,59,10,100,6
12,1,1205.0,59,10,100,6
12,1,1210.0,59,10,100,6
12,1,1215.0,59,10,100,6
12,1,1220.0,58,10,100,6
12,1,1225.0,58,10,100,6
12,1,1230.0,59,10,100,6
12,1,1235.0,59,10,100,6
12,1,1240.0,59,10,100,6
12,1,1245.0,58,10,100,6
12,1,1250.0,58,10,100,6
12,1,1255.0,57,10,100,6
12,1,1260.0,55,10,100,6
12,1,1265.0,55,10,100,6
12,1,1270.0,55,10,100,6
12,1,1275.0,54,10,100,6
12,1,1280.0,54,10,100,6
12,1,1285.0,53,10,100,6
12,1,1290.0,53,10,100,6
12,1,1295.0,53,10,100,6
12,1,1300.0,53,10,100,6
12,1,1305.0,54,10,100,6
12,1,1310.0,55,10,100,6
12,1,1315.0,55,10,100,6
12,1,1320.0,54,10,100,6
12,1,1325.0,53,10,100,6
12,1,1330.0,53,10,100,6
12,1,1335.0,53,10,100,6
12,1,1340.0,54,10,100,6
12,1,1345.0,54,10,100,6
12,1,1350.0,55,10,100,6
12,1,1355.0,56,10,100,6
12,1,1360.0,56,10,100,6
12,1,1365.0,56,10,100,6
12,1,1370.0,57,10,100,6
12,1,1375.0,58,10,100,6
12,1,1380.0,60,10,100,6
12,1,1385.0,61,10,100,6
12,1,1390.0,61,10,100,6
12,1,1395.0,61,10,100,6
12,1,1400.0,61,10,100,6
12,1,1405.0,62,10,100,6
12,1,1410.0,62,10,100,6
12,1,1415.0,62,10,100,6
12,1,1420.0,62,10,100,6
12,1,1425.0,62,10,100,6
12,1,1430.0,61,10,100,6
12,1,1435.0,61,10,100,6
12,1,1440.0,61,10,100,6
12,1,1445.0,61,10,100,6
12,1,1450.0,60,10,100,6
12,1,1455.0,58,10,100,6
12,1,1460.0,58,10,100,6
12,1,1465.0,58,10,100,6
12,1,1470.0,59,10,100,6
12,1,1475.0,59,10,100,6
12,1,1480.0,60,10,100,6
12,1,1485.0,60,10,100,6
12,1,1490.0,60,10,100,6
12,1,1495.0,60,10,100,6
12,1,1500.0,60,10,100,6
12,1,1505.0,59,10,100,6
12,1,1510.0,58,10,100,6
12,1,1515.0,58,10,100,6
12,1,1520.0,59,10,100,6
12,1,1525.0,60,10,100,6
12,1,1530.0,58,10,100,6
12,1,1535.0,58,10,100,6
12,1,1540.0,58,10,100,6
12,1,1545.0,58,10,100,6
12,1,1550.0,60,10,100,6
12,1,1555.0,60,10,100,6
12,1,1560.0,60,10,100,6
12,1,1565.0,61,10,100,6
12,1,1570.0,61,10,100,6
12,1,1575.0,61,10,100,6
12,1,1580.0,61,10,100,6
12,1,1585.0,61,10,100,6
12,1,1590.0,62,10,100,6
12,1,1595.0,61,10,100,6
12,1,1600.0,61,10,100,6
12,1,1605.0,62,10,100,6
12,1,1610.0,62,10,100,6
12,1,1615.0,63,10,100,6
12,1,1620.0,64,10,100,6
12,1,1625.0,66,10,100,6
12,1,1630.0,66,10,100,6
12,1,1635.0,66,10,100,6
12,1,1640.0,66,10,100,6
12,1,1645.0,66,10,100,6
12,1,1650.0,66,10,100,6
12,1,1655.0,66,10,100,6
12,1,1660.0,66,10,100,6
12,1,1665.0,65,10,100,6
12,1,1670.0,65,10,100,6
12,1,1675.0,65,10,100,6
12,1,1680.0,65,10,100,6
12,1,1685.0,65,10,100,6
12,1,1690.0,65,10,100,6
12,1,1695.0,65,10,100,6
12,1,1700.0,64,10,100,6
12,1,1705.0,64,10,100,6
12,1,1710.0,64,10,100,6
12,1,1715.0,64,10,100,6
12,1,1720.0,63,10,100,6
12,1,1725.0,63,10,100,6
12,1,1730.0,62,10,100,6
12,1,1735.0,62,10,100,6
12,1,1740.0,62,10,100,6
12,1,1745.0,62,10,100,6
12,1,1750.0,62,10,100,6
12,1,1755.0,61,10,100,6
12,1,1760.0,61,10,100,6
12,1,1765.0,61,10,100,6
12,1,1770.0,62,10,100,6
12,1,1775.0,61,10,100,6
12,1,1780.0,60,10,100,6
12,1,1785.0,61,10,100,6
12,1,1790.0,61,10,100,6
12,1,1795.0,61,10,100,6
12,1,1800.0,60,10,100,6
12,1,1805.0,61,10,100,6
12,1,1810.0,61,10,100,6
12,1,1815.0,60,10,100,6
12,1,1820.0,59,10,100,6
12,1,1825.0,59,10,100,6
12,1,1830.0,59,10,100,6
12,1,1835.0,59,10,100,6
12,1,1840.0,57,10,100,6
12,1,1845.0,59,10,100,6
12,1,1850.0,59,10,100,6
12,1,1855.0,59,10,100,6
12,1,1860.0,59,10,100,6
12,1,1865.0,58,10,100,6
12,1,1870.0,57,10,100,6
12,1,1875.0,57,10,100,6
12,1,1880.0,57,10,100,6
12,1,1885.0,57,10,100,6
12,1,1890.0,56,10,100,6
12,1,1895.0,56,10,100,6
12,1,1900.0,56,10,100,6
12,1,1905.0,57,10,100,6
12,1,1910.0,56,10,100,6
12,1,1915.0,56,10,100,6
12,1,1920.0,56,10,100,6
12,1,1925.0,56,10,100,6
12,1,1930.0,57,10,100,6
12,1,1935.0,57,10,100,6
12,1,1940.0,56,10,100,6
12,1,1945.0,56,10,100,6
12,1,1950.0,56,10,100,6
12,1,1955.0,54,10,100,6
12,1,1960.0,55,10,100,6
12,1,1965.0,54,10,100,6
12,1,1970.0,54,10,100,6
12,1,1975.0,54,10,100,6
12,1,1980.0,54,10,100,6
12,1,1985.0,55,10,100,6
12,1,1990.0,55,10,100,6
12,1,1995.0,55,10,100,6
12,1,2000.0,54,10,100,6
12,1,2005.0,53,10,100,6
12,1,2010.0,54,10,100,6
12,1,2015.0,56,10,100,6
12,1,2020.0,55,10,100,6
12,1,2025.0,55,10,100,6
12,1,2030.0,55,10,100,6
12,1,2035.0,55,10,100,6
12,1,2040.0,56,10,100,6
12,1,2045.0,56,10,100,6
12,1,2050.0,57,10,100,6
12,1,2055.0,56,10,100,6
12,1,2060.0,57,10,100,6
12,1,2065.0,58,10,100,6
12,1,2070.0,57,10,100,6
12,1,2075.0,57,10,100,6
12,1,2080.0,57,10,100,6
12,1,2085.0,58,10,100,6
12,1,2090.0,58,10,100,6
12,1,2095.0,57,10,100,6
12,1,2100.0,58,10,100,6
12,1,2105.0,58,10,100,6
12,1,2110.0,58,10,100,6
12,1,2115.0,57,10,100,6
12,1,2120.0,58,10,100,6
12,1,2125.0,58,10,100,6
12,1,2130.0,56,10,100,6
12,1,2135.0,56,10,100,6
12,1,2140.0,57,10,100,6
12,1,2145.0,57,10,100,6
12,1,2150.0,57,10,100,6
12,1,2155.0,56,10,100,6
12,1,2160.0,57,10,100,6
12,1,2165.0,56,10,100,6
12,1,2170.0,56,10,100,6
12,1,2175.0,56,10,100,6
12,1,2180.0,56,10,100,6
12,1,2185.0,56,10,100,6
12,1,2190.0,56,10,100,6
12,1,2195.0,55,10,100,6
12,1,2200.0,55,10,100,6
12,1,2205.0,55,10,100,6
12,1,2210.0,55,10,100,6
12,1,2215.0,55,10,100,6
12,1,2220.0,55,10,100,6
12,1,2225.0,55,10,100,6
12,1,2230.0,55,10,100,6
12,1,2235.0,54,10,100,6
12,1,2240.0,53,10,100,6
12,1,2245.0,52,10,100,6
12,1,2250.0,51,10,100,6
12,1,2255.0,48,10,100,6
12,1,2260.0,48,10,100,6
12,1,2265.0,48,10,100,6
12,1,2270.0,48,10,100,6
12,1,2275.0,48,10,100,6
12,1,2280.0,49,10,100,6
12,1,2285.0,50,10,100,6
12,1,2290.0,50,10,100,6
12,1,2295.0,49,10,100,6
12,1,2300.0,48,10,100,6
12,1,2305.0,48,10,100,6
12,1,2310.0,46,10,100,6
12,1,2315.0,47,10,100,6
12,1,2320.0,47,10,100,6
12,1,2325.0,48,10,100,6
12,1,2330.0,48,10,100,6
12,1,2335.0,47,10,100,6
12,1,2340.0,48,10,100,6
12,1,2345.0,48,10,100,6
12,1,2350.0,48,10,100,6
12,1,2355.0,48,10,100,6
12,1,2360.0,48,10,100,6
12,1,2365.0,48,10,100,6
12,1,2370.0,48,10,100,6
12,1,2375.0,48,10,100,6
12,1,2380.0,48,10,100,6
12,1,2385.0,48,10,100,6
12,1,2390.0,47,10,100,6
12,1,2395.0,46,10,100,6
12,1,2400.0,46,10,100,6
12,1,2405.0,46,10,100,6
12,1,2410.0,45,10,100,6
12,1,2415.0,45,10,100,6
12,1,2420.0,45,10,100,6
12,1,2425.0,46,10,100,6
12,1,2430.0,46,10,100,6
12,1,2435.0,46,10,100,6
12,1,2440.0,44,10,100,6
12,1,2445.0,43,10,100,6
12,1,2450.0,42,10,100,6
12,1,2455.0,42,10,100,6
12,1,2460.0,43,10,100,6
12,1,2465.0,43,10,100,6
12,1,2470.0,43,10,100,6
12,1,2475.0,43,10,100,6
12,1,2480.0,44,10,100,6
12,1,2485.0,44,10,100,6
12,1,2490.0,44,10,100,6
12,1,2495.0,43,10,100,6
12,1,2500.0,43,10,100,6
12,1,2505.0,43,10,100,6
12,1,2510.0,43,10,100,6
12,1,2515.0,44,10,100,6
12,1,2520.0,44,10,100,6
12,1,2525.0,45,10,100,6
12,1,2530.0,45,10,100,6
12,1,2535.0,45,10,100,6
12,1,2540.0,45,10,100,6
12,1,2545.0,47,10,100,6
12,1,2550.0,47,10,100,6
12,1,2555.0,46,10,100,6
12,1,2560.0,47,10,100,6
12,1,2565.0,47,10,100,6
12,1,2570.0,47,10,100,6
12,1,2575.0,47,10,100,6
12,1,2580.0,47,10,100,6
12,1,2585.0,47,10,100,6
12,1,2590.0,46,10,100,6
12,1,2595.0,45,10,100,6
12,1,2600.0,45,10,100,6
12,1,2605.0,45,10,100,6
12,1,2610.0,46,10,100,6
12,1,2615.0,46,10,100,6
12,1,2620.0,47,10,100,6
12,1,2625.0,49,10,100,6
12,1,2630.0,49,10,100,6
12,1,2635.0,49,10,100,6
12,1,2640.0,49,10,100,6
12,1,2645.0,49,10,100,6
12,1,2650.0,49,10,100,6
12,1,2655.0,50,10,100,6
12,1,2660.0,50,10,100,6
12,1,2665.0,50,10,100,6
12,1,2670.0,50,10,100,6
12,1,2675.0,50,10,100,6
12,1,2680.0,52,10,100,6
12,1,2685.0,52,10,100,6
12,1,2690.0,53,10,100,6
12,1,2695.0,52,10,100,6
12,1,2700.0,51,10,100,6
12,1,2705.0,51,10,100,6
12,1,2710.0,51,10,100,6
12,1,2715.0,51,10,100,6
12,1,2720.0,51,10,100,6
12,1,2725.0,53,10,100,6
12,1,2730.0,53,10,100,6
12,1,2735.0,53,10,100,6
12,1,2740.0,53,10,100,6
12,1,2745.0,53,10,100,6
12,1,2750.0,52,10,100,6
12,1,2755.0,51,10,100,6
12,1,2760.0,51,10,100,6
12,1,2765.0,51,10,100,6
12,1,2770.0,51,10,100,6
12,1,2775.0,51,10,100,6
12,1,2780.0,51,10,100,6
12,1,2785.0,51,10,100,6
12,1,2790.0,50,10,100,6
12,1,2795.0,48,10,100,6
12,1,2800.0,47,10,100,6
12,1,2805.0,47,10,100,6
12,1,2810.0,46,10,100,6
12,1,2815.0,46,10,100,6
12,1,2820.0,46,10,100,6
12,1,2825.0,46,10,100,6
12,1,2830.0,47,10,100,6
12,1,2835.0,47,10,100,6
12,1,2840.0,47,10,100,6
12,1,2845.0,47,10,100,6
12,1,2850.0,47,10,100,6
12,1,2855.0,47,10,100,6
12,1,2860.0,47,10,100,6
12,1,2865.0,47,10,100,6
12,1,2870.0,47,10,100,6
12,1,2875.0,47,10,100,6
12,1,2880.0,47,10,100,6
12,1,2885.0,48,10,100,6
12,1,2890.0,49,10,100,6
12,1,2895.0,49,10,100,6
12,1,2900.0,48,10,100,6
12,1,2905.0,49,10,100,6
12,1,2910.0,49,10,100,6
12,1,2915.0,49,10,100,6
12,1,2920.0,48,10,100,6
12,1,2925.0,48,10,100,6
12,1,2930.0,48,10,100,6
12,1,2935.0,51,10,100,6
12,1,2940.0,49,10,100,6
12,1,2945.0,49,10,100,6
12,1,2950.0,48,10,100,6
12,1,2955.0,46,10,100,6
12,1,2960.0,44,10,100,6
12,1,2965.0,45,10,100,6
12,1,2970.0,46,10,100,6
12,1,2975.0,46,10,100,6
12,1,2980.0,47,10,100,6
12,1,2985.0,47,10,100,6
12,1,2990.0,45,10,100,6
12,1,2995.0,45,10,100,6
12,1,3000.0,44,10,100,6
12,1,3005.0,44,10,100,6
12,1,3010.0,43,10,100,6
12,1,3015.0,42,10,100,6
12,1,3020.0,43,10,100,6
12,1,3025.0,43,10,100,6
12,1,3030.0,43,10,100,6
12,1,3035.0,43,10,100,6
12,1,3040.0,43,10,100,6
12,1,3045.0,43,10,100,6
12,1,3050.0,43,10,100,6
12,1,3055.0,43,10,100,6
12,1,3060.0,43,10,100,6
12,1,3065.0,45,10,100,6
12,1,3070.0,45,10,100,6
12,1,3075.0,45,10,100,6
12,1,3080.0,44,10,100,6
12,1,3085.0,44,10,100,6
12,1,3090.0,45,10,100,6
12,1,3095.0,47,10,100,6
12,1,3100.0,45,10,100,6
12,1,3105.0,45,10,100,6
12,1,3110.0,45,10,100,6
12,1,3115.0,45,10,100,6
12,1,3120.0,45,10,100,6
12,1,3125.0,45,10,100,6
12,1,3130.0,45,10,100,6
12,1,3135.0,44,10,100,6
12,1,3140.0,43,10,100,6
12,1,3145.0,43,10,100,6
12,1,3150.0,43,10,100,6
12,1,3155.0,44,10,100,6
12,1,3160.0,44,10,100,6
12,1,3165.0,44,10,100,6
12,1,3170.0,44,10,100,6
12,1,3175.0,44,10,100,6
12,1,3180.0,44,10,100,6
12,1,3185.0,44,10,100,6
12,1,3190.0,44,10,100,6
12,1,3195.0,43,10,100,6
12,1,3200.0,44,10,100,6
12,1,3205.0,44,10,100,6
12,1,3210.0,44,10,100,6
12,1,3215.0,44,10,100,6
12,1,3220.0,43,10,100,6
12,1,3225.0,44,10,100,6
12,1,3230.0,44,10,100,6
12,1,3235.0,46,10,100,6
12,1,3240.0,46,10,100,6
12,1,3245.0,47,10,100,6
12,1,3250.0,46,10,100,6
12,1,3255.0,46,10,100,6
12,1,3260.0,45,10,100,6
12,1,3265.0,45,10,100,6
12,1,3270.0,45,10,100,6
12,1,3275.0,45,10,100,6
12,1,3280.0,46,10,100,6
12,1,3285.0,46,10,100,6
12,1,3290.0,44,10,100,6
12,1,3295.0,44,10,100,6
12,1,3300.0,45,10,100,6
12,1,3305.0,45,10,100,6
12,1,3310.0,45,10,100,6
12,1,3315.0,45,10,100,6
12,1,3320.0,45,10,100,6
12,1,3325.0,44,10,100,6
12,1,3330.0,44,10,100,6
12,1,3335.0,43,10,100,6
12,1,3340.0,43,10,100,6
12,1,3345.0,44,10,100,6
12,1,3350.0,43,10,100,6
12,1,3355.0,43,10,100,6
12,1,3360.0,43,10,100,6
12,1,3365.0,43,10,100,6
12,1,3370.0,43,10,100,6
12,1,3375.0,43,10,100,6
12,1,3380.0,42,10,100,6
12,1,3385.0,42,10,100,6
12,1,3390.0,42,10,100,6
12,1,3395.0,42,10,100,6
12,1,3400.0,41,10,100,6
12,1,3405.0,43,10,100,6
12,1,3410.0,43,10,100,6
12,1,3415.0,44,10,100,6
12,1,3420.0,44,10,100,6
12,1,3425.0,44,10,100,6
12,1,3430.0,44,10,100,6
12,1,3435.0,44,10,100,6
12,1,3440.0,45,10,100,6
12,1,3445.0,45,10,100,6
12,1,3450.0,44,10,100,6
12,1,3455.0,42,10,100,6
12,1,3460.0,44,10,100,6
12,1,3465.0,44,10,100,6
12,1,3470.0,45,10,100,6
12,1,3475.0,45,10,100,6
12,1,3480.0,45,10,100,6
12,1,3485.0,45,10,100,6
12,1,3490.0,44,10,100,6
12,1,3495.0,44,10,100,6
12,1,3500.0,44,10,100,6
12,1,3505.0,44,10,100,6
12,1,3510.0,44,10,100,6
12,1,3515.0,45,10,100,6
12,1,3520.0,44,10,100,6
12,1,3525.0,44,10,100,6
12,1,3530.0,45,10,100,6
12,1,3535.0,45,10,100,6
12,1,3540.0,45,10,100,6
12,1,3545.0,45,10,100,6
12,1,3550.0,45,10,100,6
12,1,3555.0,45,10,100,6
12,1,3560.0,45,10,100,6
12,1,3565.0,48,10,100,6
12,1,3570.0,48,10,100,6
12,1,3575.0,48,10,100,6
12,1,3580.0,49,10,100,6
12,1,3585.0,49,10,100,6
12,1,3590.0,50,10,100,6
12,1,3595.0,50,10,100,6
12,1,3600.0,50,10,100,6
12,1,3605.0,51,10,100,6
12,1,3610.0,51,10,100,6
12,1,3615.0,51,10,100,6
12,1,3620.0,51,10,100,6
12,1,3625.0,52,10,100,6
12,1,3630.0,51,10,100,6
12,1,3635.0,50,10,100,6
12,1,3640.0,50,10,100,6
12,1,3645.0,50,10,100,6
12,1,3650.0,50,10,100,6
12,1,3655.0,50,10,100,6
12,1,3660.0,50,10,100,6
12,1,3665.0,51,10,100,6
12,1,3670.0,51,10,100,6
12,1,3675.0,50,10,100,6
12,1,3680.0,50,10,100,6
12,1,3685.0,51,10,100,6
12,1,3690.0,51,10,100,6
12,1,3695.0,52,10,100,6
12,1,3700.0,52,10,100,6
12,1,3705.0,52,10,100,6
12,1,3710.0,50,10,100,6
12,1,3715.0,50,10,100,6
12,1,3720.0,50,10,100,6
12,1,3725.0,50,10,100,6
12,1,3730.0,50,10,100,6
12,1,3735.0,50,10,100,6
12,1,3740.0,50,10,100,6
12,1,3745.0,50,10,100,6
12,1,3750.0,50,10,100,6
12,1,3755.0,50,10,100,6
12,1,3760.0,52,10,100,6
12,1,3765.0,52,10,100,6
12,1,3770.0,52,10,100,6
12,1,3775.0,53,10,100,6
12,1,3780.0,53,10,100,6
12,1,3785.0,53,10,100,6
12,1,3790.0,53,10,100,6
12,1,3795.0,52,10,100,6
12,1,3800.0,53,10,100,6
12,1,3805.0,52,10,100,6
12,1,3810.0,54,10,100,6
12,1,3815.0,53,10,100,6
12,1,3820.0,53,10,100,6
12,1,3825.0,53,10,100,6
12,1,3830.0,53,10,100,6
12,1,3835.0,54,10,100,6
12,1,3840.0,53,10,100,6
12,1,3845.0,53,10,100,6
12,1,3850.0,53,10,100,6
12,1,3855.0,53,10,100,6
12,1,3860.0,52,10,100,6
12,1,3865.0,52,10,100,6
12,1,3870.0,52,10,100,6
12,1,3875.0,51,10,100,6
12,1,3880.0,51,10,100,6
12,1,3885.0,51,10,100,6
12,1,3890.0,49,10,100,6
12,1,3895.0,49,10,100,6
12,1,3900.0,49,10,100,6
12,1,3905.0,49,10,100,6
12,1,3910.0,49,10,100,6
12,1,3915.0,49,10,100,6
12,1,3920.0,49,10,100,6
12,1,3925.0,47,10,100,6
12,1,3930.0,46,10,100,6
12,1,3935.0,46,10,100,6
12,1,3940.0,46,10,100,6
12,1,3945.0,46,10,100,6
12,1,3950.0,45,10,100,6
12,1,3955.0,44,10,100,6
12,1,3960.0,44,10,100,6
12,1,3965.0,44,10,100,6
12,1,3970.0,44,10,100,6
12,1,3975.0,44,10,100,6
12,1,3980.0,45,10,100,6
12,1,3985.0,45,10,100,6
12,1,3990.0,46,10,100,6
12,1,3995.0,46,10,100,6
12,1,4000.0,46,10,100,6
12,1,4005.0,47,10,100,6
12,1,4010.0,46,10,100,6
12,1,4015.0,46,10,100,6
12,1,4020.0,43,10,100,6
12,1,4025.0,42,10,100,6
12,1,4030.0,41,10,100,6
12,1,4035.0,41,10,100,6
12,1,4040.0,41,10,100,6
12,1,4045.0,41,10,100,6
12,1,4050.0,41,10,100,6
12,1,4055.0,40,10,100,6
12,1,4060.0,40,10,100,6
12,1,4065.0,39,10,100,6
12,1,4070.0,39,10,100,6
12,1,4075.0,39,10,100,6
12,1,4080.0,38,10,100,6
12,1,4085.0,39,10,100,6
12,1,4090.0,40,10,100,6
12,1,4095.0,41,10,100,6
12,1,4100.0,43,10,100,6
12,1,4105.0,46,10,100,6
12,1,4110.0,49,10,100,6
12,1,4115.0,50,10,100,6
12,1,4120.0,51,10,100,6
12,1,4125.0,51,10,100,6
12,1,4130.0,52,10,100,6
12,1,4135.0,52,10,100,6
12,1,4140.0,51,10,100,6
12,1,4145.0,51,10,100,6
12,1,4150.0,52,10,100,6
12,1,4155.0,51,10,100,6
12,1,4160.0,50,10,100,6
12,1,4165.0,52,10,100,6
12,1,4170.0,51,10,100,6
12,1,4175.0,51,10,100,6
12,1,4180.0,53,10,100,6
12,1,4185.0,53,10,100,6
12,1,4190.0,52,10,100,6
12,1,4195.0,53,10,100,6
12,1,4200.0,54,10,100,6
12,1,4205.0,54,10,100,6
12,1,4210.0,54,10,100,6
12,1,4215.0,55,10,100,6
12,1,4220.0,55,10,100,6
12,1,4225.0,55,10,100,6
12,1,4230.0,55,10,100,6
12,1,4235.0,54,10,100,6
12,1,4240.0,54,10,100,6
12,1,4245.0,54,10,100,6
12,1,4250.0,53,10,100,6
12,1,4255.0,53,10,100,6
12,1,4260.0,53,10,100,6
12,1,4265.0,54,10,100,6
12,1,4270.0,53,10,100,6
12,1,4275.0,54,10,100,6
12,1,4280.0,54,10,100,6
12,1,4285.0,55,10,100,6
12,1,4290.0,55,10,100,6
12,1,4295.0,55,10,100,6
12,1,4300.0,56,10,100,6
12,1,4305.0,55,10,100,6
12,1,4310.0,55,10,100,6
12,1,4315.0,54,10,100,6
12,1,4320.0,53,10,100,6
12,1,4325.0,53,10,100,6
12,1,4330.0,53,10,100,6
12,1,4335.0,51,10,100,6
12,1,4340.0,50,10,100,6
12,1,4345.0,50,10,100,6
12,1,4350.0,48,10,100,6
12,1,4355.0,49,10,100,6
12,1,4360.0,48,10,100,6
12,1,4365.0,48,10,100,6
12,1,4370.0,45,10,100,6
12,1,4375.0,45,10,100,6
12,1,4380.0,45,10,100,6
12,1,4385.0,46,10,100,6
12,1,4390.0,46,10,100,6
12,1,4395.0,46,10,100,6
12,1,4400.0,47,10,100,6
12,1,4405.0,47,10,100,6
12,1,4410.0,48,10,100,6
12,1,4415.0,49,10,100,6
12,1,4420.0,48,10,100,6
12,1,4425.0,48,10,100,6
12,1,4430.0,49,10,100,6
12,1,4435.0,49,10,100,6
12,1,4440.0,48,10,100,6
12,1,4445.0,48,10,100,6
12,1,4450.0,48,10,100,6
12,1,4455.0,46,10,100,6
12,1,4460.0,46,10,100,6
12,1,4465.0,47,10,100,6
12,1,4470.0,46,10,100,6
12,1,4475.0,47,10,100,6
12,1,4480.0,48,10,100,6
12,1,4485.0,47,10,100,6
12,1,4490.0,48,10,100,6
12,1,4495.0,48,10,100,6
12,1,4500.0,48,10,100,6
12,1,4505.0,48,10,100,6
12,1,4510.0,49,10,100,6
12,1,4515.0,49,10,100,6
12,1,4520.0,48,10,100,6
12,1,4525.0,48,10,100,6
12,1,4530.0,48,10,100,6
12,1,4535.0,48,10,100,6
12,1,4540.0,49,10,100,6
12,1,4545.0,49,10,100,6
12,1,4550.0,49,10,100,6
12,1,4555.0,49,10,100,6
12,1,4560.0,50,10,100,6
12,1,4565.0,51,10,100,6
12,1,4570.0,52,10,100,6
12,1,4575.0,52,10,100,6
12,1,4580.0,53,10,100,6
12,1,4585.0,54,10,100,6
12,1,4590.0,54,10,100,6
12,1,4595.0,53,10,100,6
12,1,4600.0,52,10,100,6
12,1,4605.0,53,10,100,6
12,1,4610.0,52,10,100,6
12,1,4615.0,52,10,100,6
12,1,4620.0,55,10,100,6
12,1,4625.0,55,10,100,6
12,1,4630.0,55,10,100,6
12,1,4635.0,55,10,100,6
12,1,4640.0,57,10,100,6
12,1,4645.0,57,10,100,6
12,1,4650.0,57,10,100,6
12,1,4655.0,57,10,100,6
12,1,4660.0,56,10,100,6
12,1,4665.0,56,10,100,6
12,1,4670.0,56,10,100,6
12,1,4675.0,55,10,100,6
12,1,4680.0,54,10,100,6
12,1,4685.0,53,10,100,6
12,1,4690.0,52,10,100,6
12,1,4695.0,54,10,100,6
12,1,4700.0,55,10,100,6
12,1,4705.0,55,10,100,6
12,1,4710.0,54,10,100,6
12,1,4715.0,54,10,100,6
12,1,4720.0,54,10,100,6
12,1,4725.0,54,10,100,6
12,1,4730.0,54,10,100,6
12,1,4735.0,54,10,100,6
12,1,4740.0,54,10,100,6
12,1,4745.0,54,10,100,6
12,1,4750.0,55,10,100,6
12,1,4755.0,55,10,100,6
12,1,4760.0,55,10,100,6
12,1,4765.0,55,10,100,6
12,1,4770.0,56,10,100,6
12,1,4775.0,56,10,100,6
12,1,4780.0,57,10,100,6
12,1,4785.0,56,10,100,6
12,1,4790.0,56,10,100,6
12,1,4795.0,53,10,100,6
12,1,4800.0,53,10,100,6
12,1,4805.0,53,10,100,6
12,1,4810.0,55,10,100,6
12,1,4815.0,54,10,100,6
12,1,4820.0,54,10,100,6
12,1,4825.0,55,10,100,6
12,1,4830.0,56,10,100,6
12,1,4835.0,57,10,100,6
12,1,4840.0,57,10,100,6
12,1,4845.0,56,10,100,6
12,1,4850.0,56,10,100,6
12,1,4855.0,57,10,100,6
12,1,4860.0,57,10,100,6
12,1,4865.0,58,10,100,6
12,1,4870.0,59,10,100,6
12,1,4875.0,59,10,100,6
12,1,4880.0,59,10,100,6
12,1,4885.0,59,10,100,6
12,1,4890.0,58,10,100,6
12,1,4895.0,58,10,100,6
12,1,4900.0,59,10,100,6
12,1,4905.0,59,10,100,6
12,1,4910.0,59,10,100,6
12,1,4915.0,58,10,100,6
12,1,4920.0,58,10,100,6
12,1,4925.0,58,10,100,6
12,1,4930.0,58,10,100,6
12,1,4935.0,58,10,100,6
12,1,4940.0,57,10,100,6
12,1,4945.0,57,10,100,6
12,1,4950.0,57,10,100,6
12,1,4955.0,58,10,100,6
12,1,4960.0,58,10,100,6
12,1,4965.0,59,10,100,6
12,1,4970.0,59,10,100,6
12,1,4975.0,59,10,100,6
12,1,4980.0,57,10,100,6
12,1,4985.0,58,10,100,6
12,1,4990.0,56,10,100,6
12,1,4995.0,55,10,100,6
12,1,5000.0,55,10,100,6
12,1,5005.0,55,10,100,6
12,1,5010.0,55,10,100,6
12,1,5015.0,55,10,100,6
12,1,5020.0,55,10,100,6
12,1,5025.0,55,10,100,6
12,1,5030.0,55,10,100,6
12,1,5035.0,54,10,100,6
12,1,5040.0,53,10,100,6
12,1,5045.0,52,10,100,6
12,1,5050.0,52,10,100,6
12,1,5055.0,52,10,100,6
12,1,5060.0,52,10,100,6
12,1,5065.0,52,10,100,6
12,1,5070.0,51,10,100,6
12,1,5075.0,52,10,100,6
12,1,5080.0,52,10,100,6
12,1,5085.0,52,10,100,6
12,1,5090.0,53,10,100,6
12,1,5095.0,55,10,100,6
12,1,5100.0,55,10,100,6
12,1,5105.0,55,10,100,6
12,1,5110.0,55,10,100,6
12,1,5115.0,55,10,100,6
12,1,5120.0,55,10,100,6
12,1,5125.0,55,10,100,6
12,1,5130.0,55,10,100,6
12,1,5135.0,55,10,100,6
12,1,5140.0,55,10,100,6
12,1,5145.0,55,10,100,6
12,1,5150.0,55,10,100,6
12,1,5155.0,54,10,100,6
12,1,5160.0,54,10,100,6
12,1,5165.0,54,10,100,6
12,1,5170.0,54,10,100,6
12,1,5175.0,55,10,100,6
12,1,5180.0,54,10,100,6
12,1,5185.0,55,10,100,6
12,1,5190.0,55,10,100,6
12,1,5195.0,54,10,100,6
12,1,5200.0,54,10,100,6
12,1,5205.0,54,10,100,6
12,1,5210.0,54,10,100,6
12,1,5215.0,54,10,100,6
12,1,5220.0,55,10,100,6
12,1,5225.0,55,10,100,6
12,1,5230.0,55,10,100,6
12,1,5235.0,56,10,100,6
12,1,5240.0,56,10,100,6
12,1,5245.0,54,10,100,6
12,1,5250.0,55,10,100,6
12,1,5255.0,55,10,100,6
12,1,5260.0,54,10,100,6
12,1,5265.0,54,10,100,6
12,1,5270.0,54,10,100,6
12,1,5275.0,54,10,100,6
12,1,5280.0,54,10,100,6
12,1,5285.0,55,10,100,6
12,1,5290.0,56,10,100,6
12,1,5295.0,55,10,100,6
12,1,5300.0,55,10,100,6
12,1,5305.0,57,10,100,6
12,1,5310.0,59,10,100,6
12,1,5315.0,59,10,100,6
12,1,5320.0,59,10,100,6
12,1,5325.0,59,10,100,6
12,1,5330.0,59,10,100,6
12,1,5335.0,59,10,100,6
12,1,5340.0,59,10,100,6
12,1,5345.0,59,10,100,6
12,1,5350.0,58,10,100,6
12,1,5355.0,57,10,100,6
12,1,5360.0,57,10,100,6
12,1,5365.0,58,10,100,6
12,1,5370.0,58,10,100,6
12,1,5375.0,58,10,100,6
12,1,5380.0,58,10,100,6
12,1,5385.0,58,10,100,6
12,1,5390.0,58,10,100,6
12,1,5395.0,58,10,100,6
12,1,5400.0,58,10,100,6
12,1,5405.0,58,10,100,6
12,1,5410.0,59,10,100,6
12,1,5415.0,60,10,100,6
12,1,5420.0,59,10,100,6
12,1,5425.0,58,10,100,6
12,1,5430.0,58,10,100,6
12,1,5435.0,58,10,100,6
12,1,5440.0,58,10,100,6
12,1,5445.0,55,10,100,6
12,1,5450.0,55,10,100,6
12,1,5455.0,55,10,100,6
12,1,5460.0,55,10,100,6
12,1,5465.0,55,10,100,6
12,1,5470.0,55,10,100,6
12,1,5475.0,54,10,100,6
12,1,5480.0,54,10,100,6
12,1,5485.0,55,10,100,6
12,1,5490.0,54,10,100,6
12,1,5495.0,54,10,100,6
12,1,5500.0,54,10,100,6
12,1,5505.0,54,10,100,6
12,1,5510.0,54,10,100,6
12,1,5515.0,55,10,100,6
12,1,5520.0,56,10,100,6
12,1,5525.0,56,10,100,6
12,1,5530.0,55,10,100,6
12,1,5535.0,55,10,100,6
12,1,5540.0,57,10,100,6
12,1,5545.0,56,10,100,6
12,1,5550.0,55,10,100,6
12,1,5555.0,57,10,100,6
12,1,5560.0,56,10,100,6
12,1,5565.0,57,10,100,6
12,1,5570.0,57,10,100,6
12,1,5575.0,57,10,100,6
12,1,5580.0,55,10,100,6
12,1,5585.0,55,10,100,6
12,1,5590.0,55,10,100,6
12,1,5595.0,55,10,100,6
12,1,5600.0,54,10,100,6
12,1,5605.0,54,10,100,6
12,1,5610.0,54,10,100,6
12,1,5615.0,53,10,100,6
12,1,5620.0,53,10,100,6
12,1,5625.0,54,10,100,6
12,1,5630.0,55,10,100,6
12,1,5635.0,54,10,100,6
12,1,5640.0,54,10,100,6
12,1,5645.0,54,10,100,6
12,1,5650.0,53,10,100,6
12,1,5655.0,53,10,100,6
12,1,5660.0,53,10,100,6
12,1,5665.0,53,10,100,6
12,1,5670.0,53,10,100,6
12,1,5675.0,53,10,100,6
12,1,5680.0,53,10,100,6
12,1,5685.0,53,10,100,6
12,1,5690.0,55,10,100,6
12,1,5695.0,55,10,100,6
12,1,5700.0,55,10,100,6
12,1,5705.0,55,10,100,6
12,1,5710.0,55,10,100,6
12,1,5715.0,55,10,100,6
12,1,5720.0,55,10,100,6
12,1,5725.0,55,10,100,6
12,1,5730.0,55,10,100,6
12,1,5735.0,55,10,100,6
12,1,5740.0,55,10,100,6
12,1,5745.0,55,10,100,6
12,1,5750.0,55,10,100,6
12,1,5755.0,55,10,100,6
12,1,5760.0,55,10,100,6
12,1,5765.0,55,10,100,6
12,1,5770.0,55,10,100,6
12,1,5775.0,53,10,100,6
12,1,5780.0,53,10,100,6
12,1,5785.0,52,10,100,6
12,1,5790.0,53,10,100,6
12,1,5795.0,53,10,100,6
12,1,5800.0,52,10,100,6
12,1,5805.0,52,10,100,6
12,1,5810.0,52,10,100,6
12,1,5815.0,52,10,100,6
12,1,5820.0,52,10,100,6
12,1,5825.0,52,10,100,6
12,1,5830.0,52,10,100,6
12,1,5835.0,52,10,100,6
12,1,5840.0,52,10,100,6
12,1,5845.0,52,10,100,6
12,1,5850.0,51,10,100,6
12,1,5855.0,51,10,100,6
12,1,5860.0,51,10,100,6
12,1,5865.0,52,10,100,6
12,1,5870.0,51,10,100,6
12,1,5875.0,52,10,100,6
12,1,5880.0,52,10,100,6
12,1,5885.0,52,10,100,6
12,1,5890.0,53,10,100,6
12,1,5895.0,53,10,100,6
12,1,5900.0,53,10,100,6
12,1,5905.0,53,10,100,6
12,1,5910.0,52,10,100,6
12,1,5915.0,52,10,100,6
12,1,5920.0,53,10,100,6
12,1,5925.0,55,10,100,6
12,1,5930.0,54,10,100,6
12,1,5935.0,55,10,100,6
12,1,5940.0,55,10,100,6
12,1,5945.0,54,10,100,6
12,1,5950.0,54,10,100,6
12,1,5955.0,54,10,100,6
12,1,5960.0,54,10,100,6
12,1,5965.0,55,10,100,6
12,1,5970.0,55,10,100,6
12,1,5975.0,55,10,100,6
12,1,5980.0,55,10,100,6
12,1,5985.0,54,10,100,6
12,1,5990.0,54,10,100,6
12,1,5995.0,54,10,100,6
12,1,6000.0,54,10,100,6
12,1,6005.0,53,10,100,6
12,1,6010.0,53,10,100,6
12,1,6015.0,54,10,100,6
12,1,6020.0,54,10,100,6
12,1,6025.0,53,10,100,6
12,1,6030.0,52,10,100,6
12,1,6035.0,52,10,100,6
12,1,6040.0,52,10,100,6
12,1,6045.0,52,10,100,6
12,1,6050.0,52,10,100,6
12,1,6055.0,52,10,100,6
12,1,6060.0,53,10,100,6
12,1,6065.0,53,10,100,6
12,1,6070.0,53,10,100,6
12,1,6075.0,53,10,100,6
12,1,6080.0,52,10,100,6
12,1,6085.0,51,10,100,6
12,1,6090.0,52,10,100,6
12,1,6095.0,52,10,100,6
12,1,6100.0,53,10,100,6
12,1,6105.0,52,10,100,6
12,1,6110.0,52,10,100,6
12,1,6115.0,52,10,100,6
12,1,6120.0,52,10,100,6
12,1,6125.0,52,10,100,6
12,1,6130.0,52,10,100,6
12,1,6135.0,52,10,100,6
12,1,6140.0,52,10,100,6
12,1,6145.0,52,10,100,6
12,1,6150.0,53,10,100,6
12,1,6155.0,53,10,100,6
12,1,6160.0,53,10,100,6
12,1,6165.0,53,10,100,6
12,1,6170.0,54,10,100,6
12,1,6175.0,54,10,100,6
12,1,6180.0,55,10,100,6
12,1,6185.0,55,10,100,6
12,1,6190.0,55,10,100,6
12,1,6195.0,55,10,100,6
12,1,6200.0,55,10,100,6
12,1,6205.0,55,10,100,6
12,1,6210.0,54,10,100,6
12,1,6215.0,54,10,100,6
12,1,6220.0,54,10,100,6
12,1,6225.0,54,10,100,6
12,1,6230.0,53,10,100,6
12,1,6235.0,51,10,100,6
12,1,6240.0,50,10,100,6
12,1,6245.0,50,10,100,6
12,1,6250.0,50,10,100,6
12,1,6255.0,50,10,100,6
12,1,6260.0,50,10,100,6
12,1,6265.0,50,10,100,6
12,1,6270.0,50,10,100,6
12,1,6275.0,49,10,100,6
12,1,6280.0,49,10,100,6
12,1,6285.0,49,10,100,6
12,1,6290.0,48,10,100,6
12,1,6295.0,48,10,100,6
12,1,6300.0,48,10,100,6
12,1,6305.0,48,10,100,6
12,1,6310.0,48,10,100,6
12,1,6315.0,48,10,100,6
12,1,6320.0,48,10,100,6
12,1,6325.0,48,10,100,6
12,1,6330.0,47,10,100,6
12,1,6335.0,47,10,100,6
12,1,6340.0,46,10,100,6
12,1,6345.0,47,10,100,6
12,1,6350.0,47,10,100,6
12,1,6355.0,46,10,100,6
12,1,6360.0,46,10,100,6
12,1,6365.0,46,10,100,6
12,1,6370.0,45,10,100,6
12,1,6375.0,46,10,100,6
12,1,6380.0,46,10,100,6
12,1,6385.0,45,10,100,6
12,1,6390.0,45,10,100,6
12,1,6395.0,46,10,100,6
12,1,6400.0,46,10,100,6
12,1,6405.0,47,10,100,6
12,1,6410.0,47,10,100,6
12,1,6415.0,48,10,100,6
12,1,6420.0,48,10,100,6
12,1,6425.0,48,10,100,6
12,1,6430.0,47,10,100,6
12,1,6435.0,46,10,100,6
12,1,6440.0,46,10,100,6
12,1,6445.0,47,10,100,6
12,1,6450.0,47,10,100,6
12,1,6455.0,46,10,100,6
12,1,6460.0,45,10,100,6
12,1,6465.0,45,10,100,6
12,1,6470.0,45,10,100,6
12,1,6475.0,45,10,100,6
12,1,6480.0,45,10,100,6
12,1,6485.0,45,10,100,6
12,1,6490.0,46,10,100,6
12,1,6495.0,45,10,100,6
12,1,6500.0,45,10,100,6
12,1,6505.0,46,10,100,6
12,1,6510.0,46,10,100,6
12,1,6515.0,46,10,100,6
12,1,6520.0,46,10,100,6
12,1,6525.0,47,10,100,6
12,1,6530.0,47,10,100,6
12,1,6535.0,48,10,100,6
12,1,6540.0,48,10,100,6
12,1,6545.0,48,10,100,6
12,1,6550.0,47,10,100,6
12,1,6555.0,46,10,100,6
12,1,6560.0,45,10,100,6
12,1,6565.0,45,10,100,6
12,1,6570.0,46,10,100,6
12,1,6575.0,46,10,100,6
12,1,6580.0,46,10,100,6
12,1,6585.0,46,10,100,6
12,1,6590.0,46,10,100,6
12,1,6595.0,46,10,100,6
12,1,6600.0,46,10,100,6
12,1,6605.0,46,10,100,6
12,1,6610.0,46,10,100,6
12,1,6615.0,45,10,100,6
12,1,6620.0,44,10,100,6
12,1,6625.0,45,10,100,6
12,1,6630.0,44,10,100,6
12,1,6635.0,44,10,100,6
12,1,6640.0,43,10,100,6
12,1,6645.0,43,10,100,6
12,1,6650.0,43,10,100,6
12,1,6655.0,43,10,100,6
12,1,6660.0,42,10,100,6
12,1,6665.0,41,10,100,6
12,1,6670.0,41,10,100,6
12,1,6675.0,41,10,100,6
12,1,6680.0,42,10,100,6
12,1,6685.0,43,10,100,6
12,1,6690.0,44,10,100,6
12,1,6695.0,43,10,100,6
12,1,6700.0,45,10,100,6
12,1,6705.0,44,10,100,6
12,1,6710.0,44,10,100,6
12,1,6715.0,46,10,100,6
12,1,6720.0,46,10,100,6
12,1,6725.0,48,10,100,6
12,1,6730.0,48,10,100,6
12,1,6735.0,47,10,100,6
12,1,6740.0,47,10,100,6
12,1,6745.0,46,10,100,6
12,1,6750.0,46,10,100,6
12,1,6755.0,47,10,100,6
12,1,6760.0,48,10,100,6
12,1,6765.0,47,10,100,6
12,1,6770.0,47,10,100,6
12,1,6775.0,47,10,100,6
12,1,6780.0,48,10,100,6
12,1,6785.0,47,10,100,6
12,1,6790.0,48,10,100,6
12,1,6795.0,47,10,100,6
12,1,6800.0,46,10,100,6
12,1,6805.0,46,10,100,6
12,1,6810.0,44,10,100,6
12,1,6815.0,46,10,100,6
12,1,6820.0,46,10,100,6
12,1,6825.0,46,10,100,6
12,1,6830.0,46,10,100,6
12,1,6835.0,47,10,100,6
12,1,6840.0,46,10,100,6
12,1,6845.0,47,10,100,6
12,1,6850.0,46,10,100,6
12,1,6855.0,46,10,100,6
12,1,6860.0,46,10,100,6
12,1,6865.0,45,10,100,6
12,1,6870.0,45,10,100,6
12,1,6875.0,47,10,100,6
12,1,6880.0,48,10,100,6
12,1,6885.0,50,10,100,6
12,1,6890.0,50,10,100,6
12,1,6895.0,49,10,100,6
12,1,6900.0,52,10,100,6
12,1,6905.0,52,10,100,6
12,1,6910.0,52,10,100,6
12,1,6915.0,52,10,100,6
12,1,6920.0,51,10,100,6
12,1,6925.0,53,10,100,6
12,1,6930.0,53,10,100,6
12,1,6935.0,53,10,100,6
12,1,6940.0,53,10,100,6
12,1,6945.0,51,10,100,6
12,1,6950.0,52,10,100,6
12,1,6955.0,51,10,100,6
12,1,6960.0,52,10,100,6
12,1,6965.0,54,10,100,6
12,1,6970.0,55,10,100,6
12,1,6975.0,56,10,100,6
12,1,6980.0,56,10,100,6
12,1,6985.0,56,10,100,6
12,1,6990.0,55,10,100,6
12,1,6995.0,55,10,100,6
12,1,7000.0,56,10,100,6
12,1,7005.0,56,10,100,6
12,1,7010.0,57,10,100,6
12,1,7015.0,56,10,100,6
12,1,7020.0,57,10,100,6
12,1,7025.0,57,10,100,6
12,1,7030.0,57,10,100,6
12,1,7035.0,58,10,100,6
12,1,7040.0,58,10,100,6
12,1,7045.0,58,10,100,6
12,1,7050.0,58,10,100,6
12,1,7055.0,58,10,100,6
12,1,7060.0,57,10,100,6
12,1,7065.0,58,10,100,6
12,1,7070.0,58,10,100,6
12,1,7075.0,58,10,100,6
12,1,7080.0,57,10,100,6
12,1,7085.0,57,10,100,6
12,1,7090.0,56,10,100,6
12,1,7095.0,57,10,100,6
12,1,7100.0,56,10,100,6
12,1,7105.0,56,10,100,6
12,1,7110.0,55,10,100,6
12,1,7115.0,56,10,100,6
12,1,7120.0,56,10,100,6
12,1,7125.0,57,10,100,6
12,1,7130.0,57,10,100,6
12,1,7135.0,57,10,100,6
12,1,7140.0,57,10,100,6
12,1,7145.0,57,10,100,6
12,1,7150.0,57,10,100,6
12,1,7155.0,57,10,100,6
12,1,7160.0,58,10,100,6
12,1,7165.0,58,10,100,6
12,1,7170.0,58,10,100,6
12,1,7175.0,58,10,100,6
12,1,7180.0,57,10,100,6
12,1,7185.0,56,10,100,6
12,1,7190.0,56,10,100,6
12,1,7195.0,57,10,100,6
12,1,7200.0,58,10,100,6
12,1,7205.0,59,10,100,6
12,1,7210.0,59,10,100,6
12,1,7215.0,58,10,100,6
12,1,7220.0,57,10,100,6
12,1,7225.0,57,10,100,6
12,1,7230.0,57,10,100,6
12,1,7235.0,57,10,100,6
12,1,7240.0,58,10,100,6
12,1,7245.0,59,10,100,6
12,1,7250.0,57,10,100,6
12,1,7255.0,55,10,100,6
12,1,7260.0,55,10,100,6
12,1,7265.0,55,10,100,6
12,1,7270.0,55,10,100,6
12,1,7275.0,55,10,100,6
12,1,7280.0,56,10,100,6
12,1,7285.0,55,10,100,6
12,1,7290.0,54,10,100,6
12,1,7295.0,54,10,100,6
12,1,7300.0,52,10,100,6
12,1,7305.0,51,10,100,6
12,1,7310.0,52,10,100,6
12,1,7315.0,53,10,100,6
12,1,7320.0,54,10,100,6
12,1,7325.0,54,10,100,6
12,1,7330.0,56,10,100,6
12,1,7335.0,56,10,100,6
12,1,7340.0,57,10,100,6
12,1,7345.0,57,10,100,6
12,1,7350.0,58,10,100,6
12,1,7355.0,58,10,100,6
12,1,7360.0,58,10,100,6
12,1,7365.0,58,10,100,6
12,1,7370.0,57,10,100,6
12,1,7375.0,56,10,100,6
12,1,7380.0,56,10,100,6
12,1,7385.0,57,10,100,6
12,1,7390.0,56,10,100,6
12,1,7395.0,56,10,100,6
12,1,7400.0,56,10,100,6
12,1,7405.0,55,10,100,6
12,1,7410.0,55,10,100,6
12,1,7415.0,55,10,100,6
12,1,7420.0,55,10,100,6
12,1,7425.0,53,10,100,6
12,1,7430.0,53,10,100,6
12,1,7435.0,54,10,100,6
12,1,7440.0,54,10,100,6
12,1,7445.0,53,10,100,6
12,1,7450.0,52,10,100,6
12,1,7455.0,53,10,100,6
12,1,7460.0,53,10,100,6
12,1,7465.0,53,10,100,6
12,1,7470.0,53,10,100,6
12,1,7475.0,53,10,100,6
12,1,7480.0,53,10,100,6
12,1,7485.0,53,10,100,6
12,1,7490.0,53,10,100,6
12,1,7495.0,54,10,100,6
12,1,7500.0,54,10,100,6
12,1,7505.0,53,10,100,6
12,1,7510.0,53,10,100,6
12,1,7515.0,54,10,100,6
